# Blender 4.5.2 LTS
# www.blender.org
o 11
v -126.224213 -126.224213 0.000000
v 126.224213 -126.224213 0.000000
v -126.224213 126.224213 0.000000
v 126.224213 126.224213 0.000000
v -115.224213 115.224213 0.000000
v -115.224213 -115.224213 0.000000
v 115.224213 -115.224213 0.000000
v 115.224213 115.224213 0.000000
v -115.224213 115.224213 31.009262
v -115.224213 -115.224213 31.009262
v 115.224213 -115.224213 31.009262
v 115.224213 115.224213 31.009262
v -126.224213 126.224213 31.009262
v -126.224213 -126.224213 31.009262
v 126.224213 -126.224213 31.009262
v 126.224213 126.224213 31.009262
v -115.224213 -31.502979 0.000000
v -115.224213 31.502979 0.000000
v -126.224213 31.502979 0.000000
v -126.224213 -31.502979 0.000000
v -115.224213 31.502979 31.009262
v -115.224213 -31.502979 31.009262
v -126.224213 -31.502979 31.009262
v -126.224213 31.502979 31.009262
vn -0.0000 -0.0000 -1.0000
vn -0.0000 -0.0000 1.0000
vn 1.0000 -0.0000 -0.0000
vn -1.0000 -0.0000 -0.0000
vn -0.0000 1.0000 -0.0000
vn -0.0000 -1.0000 -0.0000
vt 0.595236 0.138698
vt 0.597553 0.136380
vt 0.544366 0.136380
vt 0.546684 0.138698
vt 0.595236 0.187250
vt 0.597553 0.189567
vt 0.546684 0.187250
vt 0.544366 0.189567
vt 0.546684 0.169611
vt 0.546684 0.156336
vt 0.544366 0.156336
vt 0.544366 0.169611
s 0
f 7/1/1 2/2/1 1/3/1 6/4/1
f 8/5/1 4/6/1 2/2/1 7/1/1
f 5/7/1 3/8/1 4/6/1 8/5/1
f 11/1/2 10/4/2 14/3/2 15/2/2
f 12/5/2 11/1/2 15/2/2 16/6/2
f 9/7/2 12/5/2 16/6/2 13/8/2
f 2/2/3 4/6/3 16/6/3 15/2/3
f 8/5/4 7/1/4 11/1/4 12/5/4
f 4/6/5 3/8/5 13/8/5 16/6/5
f 1/3/6 2/2/6 15/2/6 14/3/6
f 5/7/6 8/5/6 12/5/6 9/7/6
f 7/1/5 6/4/5 10/4/5 11/1/5
f 18/9/3 21/9/3 22/10/3 17/10/3
f 20/11/4 23/11/4 24/12/4 19/12/4
f 19/12/1 18/9/1 17/10/1 20/11/1
f 21/9/2 24/12/2 23/11/2 22/10/2
f 6/4/1 1/3/1 20/11/1 17/10/1
f 18/9/3 5/7/3 9/7/3 21/9/3
f 6/4/3 17/10/3 22/10/3 10/4/3
f 18/9/1 19/12/1 3/8/1 5/7/1
f 20/11/4 1/3/4 14/3/4 23/11/4
f 3/8/4 19/12/4 24/12/4 13/8/4
f 10/4/2 22/10/2 23/11/2 14/3/2
f 21/9/2 9/7/2 13/8/2 24/12/2
o 11.001
v -113.322212 -31.502979 29.107262
v -113.322212 -29.600979 31.009262
v -115.224213 -29.600979 29.107262
v -113.322220 -31.358200 29.835125
v -113.322220 -30.945898 30.452179
v -114.050087 -31.358200 29.107262
v -114.068321 -31.183466 29.853367
v -114.030472 -30.849176 30.355457
v -114.420341 -30.699100 30.205381
v -114.050087 -29.600981 30.864481
v -114.667137 -29.600981 30.452179
v -113.322220 -30.328844 30.864481
v -114.068321 -30.347086 30.689747
v -114.570419 -30.309229 30.355457
v -115.079437 -30.328844 29.107262
v -114.667137 -30.945898 29.107262
v -115.079437 -29.600981 29.835125
v -114.904709 -30.347086 29.853367
v -114.570419 -30.849176 29.815510
v -113.322212 31.502979 29.107262
v -115.224213 29.600979 29.107262
v -113.322212 29.600979 31.009262
v -114.050072 31.358200 29.107262
v -114.667122 30.945898 29.107262
v -113.322205 31.358200 29.835125
v -114.068306 31.183466 29.853367
v -114.570404 30.849176 29.815510
v -114.420326 30.699100 30.205381
v -115.079422 29.600981 29.835125
v -114.667122 29.600981 30.452179
v -115.079422 30.328844 29.107262
v -114.904694 30.347086 29.853367
v -114.570404 30.309229 30.355457
v -113.322205 30.328844 30.864481
v -113.322205 30.945898 30.452179
v -114.050072 29.600981 30.864481
v -114.068306 30.347086 30.689747
v -114.030457 30.849176 30.355457
v -113.322212 31.502979 1.902000
v -113.322212 29.600979 0.000000
v -115.224213 29.600979 1.902000
v -113.322220 31.358200 1.174136
v -113.322220 30.945898 0.557083
v -114.050087 31.358200 1.902000
v -114.068321 31.183466 1.155895
v -114.030472 30.849176 0.653804
v -114.420341 30.699100 0.803880
v -114.050087 29.600981 0.144781
v -114.667137 29.600981 0.557083
v -113.322220 30.328844 0.144781
v -114.068321 30.347086 0.319515
v -114.570419 30.309229 0.653804
v -115.079437 30.328844 1.902000
v -114.667137 30.945898 1.902000
v -115.079437 29.600981 1.174136
v -114.904709 30.347086 1.155895
v -114.570419 30.849176 1.193751
v -113.322212 -31.502979 1.902000
v -115.224213 -29.600979 1.902000
v -113.322212 -29.600979 0.000000
v -114.050072 -31.358200 1.902000
v -114.667122 -30.945898 1.902000
v -113.322205 -31.358200 1.174136
v -114.068306 -31.183466 1.155895
v -114.570404 -30.849176 1.193751
v -114.420326 -30.699100 0.803880
v -115.079422 -29.600981 1.174136
v -114.667122 -29.600981 0.557083
v -115.079422 -30.328844 1.902000
v -114.904694 -30.347086 1.155895
v -114.570404 -30.309229 0.653804
v -113.322205 -30.328844 0.144781
v -113.322205 -30.945898 0.557083
v -114.050072 -29.600981 0.144781
v -114.068306 -30.347086 0.319515
v -114.030457 -30.849176 0.653804
v -95.126213 31.502979 1.902000
v -93.224213 29.600979 1.902000
v -95.126213 29.600979 0.000000
v -94.398354 31.358200 1.902000
v -93.781303 30.945898 1.902000
v -95.126221 31.358200 1.174136
v -94.380119 31.183466 1.155895
v -93.878021 30.849176 1.193751
v -94.028099 30.699100 0.803880
v -93.369003 29.600981 1.174136
v -93.781303 29.600981 0.557083
v -93.369003 30.328844 1.902000
v -93.543732 30.347086 1.155895
v -93.878021 30.309229 0.653804
v -95.126221 30.328844 0.144781
v -95.126221 30.945898 0.557083
v -94.398354 29.600981 0.144781
v -94.380119 30.347086 0.319515
v -94.417969 30.849176 0.653804
v -95.126213 31.502979 29.107262
v -95.126213 29.600979 31.009262
v -93.224213 29.600979 29.107262
v -95.126205 31.358200 29.835125
v -95.126205 30.945898 30.452179
v -94.398338 31.358200 29.107262
v -94.380104 31.183466 29.853367
v -94.417953 30.849176 30.355457
v -94.028084 30.699100 30.205381
v -94.398338 29.600981 30.864481
v -93.781288 29.600981 30.452179
v -95.126205 30.328844 30.864481
v -94.380104 30.347086 30.689747
v -93.878006 30.309229 30.355457
v -93.368988 30.328844 29.107262
v -93.781288 30.945898 29.107262
v -93.368988 29.600981 29.835125
v -93.543716 30.347086 29.853367
v -93.878006 30.849176 29.815510
v -95.126213 -31.502979 29.107262
v -93.224213 -29.600979 29.107262
v -95.126213 -29.600979 31.009262
v -94.398354 -31.358200 29.107262
v -93.781303 -30.945898 29.107262
v -95.126221 -31.358200 29.835125
v -94.380119 -31.183466 29.853367
v -93.878021 -30.849176 29.815510
v -94.028099 -30.699100 30.205381
v -93.369003 -29.600981 29.835125
v -93.781303 -29.600981 30.452179
v -93.369003 -30.328844 29.107262
v -93.543732 -30.347086 29.853367
v -93.878021 -30.309229 30.355457
v -95.126221 -30.328844 30.864481
v -95.126221 -30.945898 30.452179
v -94.398354 -29.600981 30.864481
v -94.380119 -30.347086 30.689747
v -94.417969 -30.849176 30.355457
v -95.126213 -31.502979 1.902000
v -95.126213 -29.600979 0.000000
v -93.224213 -29.600979 1.902000
v -95.126205 -31.358200 1.174136
v -95.126205 -30.945898 0.557083
v -94.398338 -31.358200 1.902000
v -94.380104 -31.183466 1.155895
v -94.417953 -30.849176 0.653804
v -94.028084 -30.699100 0.803880
v -94.398338 -29.600981 0.144781
v -93.781288 -29.600981 0.557083
v -95.126205 -30.328844 0.144781
v -94.380104 -30.347086 0.319515
v -93.878006 -30.309229 0.653804
v -93.368988 -30.328844 1.902000
v -93.781288 -30.945898 1.902000
v -93.368988 -29.600981 1.174136
v -93.543716 -30.347086 1.155895
v -93.878006 -30.849176 1.193751
vn -0.1004 -0.9899 0.1004
vn -0.1004 -0.1004 0.9899
vn -0.9899 -0.1004 0.1004
vn -0.0981 -0.9201 0.3792
vn -0.0919 -0.7041 0.7041
vn -0.3792 -0.9201 0.0981
vn -0.3673 -0.8545 0.3673
vn -0.3347 -0.6663 0.6663
vn -0.5773 -0.5774 0.5773
vn -0.3792 -0.0981 0.9201
vn -0.7041 -0.0919 0.7041
vn -0.0981 -0.3792 0.9201
vn -0.3673 -0.3673 0.8545
vn -0.6663 -0.3347 0.6663
vn -0.9201 -0.3792 0.0981
vn -0.7041 -0.7041 0.0919
vn -0.9201 -0.0981 0.3792
vn -0.8545 -0.3673 0.3673
vn -0.6663 -0.6663 0.3347
vn -0.1004 0.9899 0.1004
vn -0.9899 0.1004 0.1004
vn -0.1004 0.1004 0.9899
vn -0.3792 0.9201 0.0981
vn -0.7041 0.7041 0.0919
vn -0.0981 0.9201 0.3792
vn -0.3673 0.8545 0.3673
vn -0.6663 0.6663 0.3347
vn -0.5773 0.5774 0.5773
vn -0.9201 0.0981 0.3792
vn -0.7041 0.0919 0.7041
vn -0.9201 0.3792 0.0981
vn -0.8545 0.3673 0.3673
vn -0.6663 0.3347 0.6663
vn -0.0981 0.3792 0.9201
vn -0.0919 0.7041 0.7041
vn -0.3792 0.0981 0.9201
vn -0.3673 0.3673 0.8545
vn -0.3347 0.6663 0.6663
vn -0.1004 0.9899 -0.1004
vn -0.1004 0.1004 -0.9899
vn -0.9899 0.1004 -0.1004
vn -0.0981 0.9201 -0.3792
vn -0.0919 0.7041 -0.7041
vn -0.3792 0.9201 -0.0981
vn -0.3673 0.8545 -0.3673
vn -0.3347 0.6663 -0.6663
vn -0.5773 0.5774 -0.5774
vn -0.3792 0.0981 -0.9201
vn -0.7041 0.0919 -0.7041
vn -0.0981 0.3792 -0.9201
vn -0.3673 0.3673 -0.8545
vn -0.6663 0.3347 -0.6663
vn -0.9201 0.3792 -0.0981
vn -0.7041 0.7041 -0.0919
vn -0.9201 0.0981 -0.3792
vn -0.8545 0.3673 -0.3673
vn -0.6663 0.6663 -0.3347
vn -0.1004 -0.9899 -0.1004
vn -0.9899 -0.1004 -0.1004
vn -0.1004 -0.1004 -0.9899
vn -0.3792 -0.9201 -0.0981
vn -0.7041 -0.7041 -0.0919
vn -0.0981 -0.9201 -0.3792
vn -0.3673 -0.8545 -0.3673
vn -0.6663 -0.6663 -0.3347
vn -0.5773 -0.5774 -0.5773
vn -0.9201 -0.0981 -0.3792
vn -0.7041 -0.0919 -0.7041
vn -0.9201 -0.3792 -0.0981
vn -0.8545 -0.3673 -0.3673
vn -0.6663 -0.3347 -0.6663
vn -0.0981 -0.3792 -0.9201
vn -0.0919 -0.7041 -0.7041
vn -0.3792 -0.0981 -0.9201
vn -0.3673 -0.3673 -0.8545
vn -0.3347 -0.6663 -0.6663
vn 0.1004 0.9899 -0.1004
vn 0.9899 0.1004 -0.1004
vn 0.1004 0.1004 -0.9899
vn 0.3792 0.9201 -0.0981
vn 0.7041 0.7041 -0.0919
vn 0.0981 0.9201 -0.3792
vn 0.3673 0.8545 -0.3673
vn 0.6663 0.6663 -0.3347
vn 0.5773 0.5773 -0.5774
vn 0.9201 0.0981 -0.3792
vn 0.7041 0.0919 -0.7041
vn 0.9201 0.3792 -0.0981
vn 0.8545 0.3674 -0.3673
vn 0.6663 0.3347 -0.6663
vn 0.0981 0.3792 -0.9201
vn 0.0919 0.7041 -0.7041
vn 0.3792 0.0981 -0.9201
vn 0.3673 0.3673 -0.8545
vn 0.3347 0.6663 -0.6663
vn 0.1004 0.9899 0.1004
vn 0.1004 0.1004 0.9899
vn 0.9899 0.1004 0.1004
vn 0.0981 0.9201 0.3792
vn 0.0919 0.7041 0.7041
vn 0.3792 0.9201 0.0981
vn 0.3673 0.8545 0.3673
vn 0.3347 0.6663 0.6663
vn 0.5773 0.5774 0.5773
vn 0.3792 0.0981 0.9201
vn 0.7041 0.0919 0.7041
vn 0.0981 0.3792 0.9201
vn 0.3673 0.3673 0.8545
vn 0.6663 0.3347 0.6663
vn 0.9201 0.3792 0.0981
vn 0.7041 0.7041 0.0919
vn 0.9201 0.0981 0.3792
vn 0.8545 0.3673 0.3673
vn 0.6663 0.6663 0.3347
vn 0.1004 -0.9899 0.1004
vn 0.9899 -0.1004 0.1004
vn 0.1004 -0.1004 0.9899
vn 0.3792 -0.9201 0.0981
vn 0.7041 -0.7041 0.0919
vn 0.0981 -0.9201 0.3792
vn 0.3673 -0.8545 0.3673
vn 0.6663 -0.6663 0.3347
vn 0.5773 -0.5774 0.5773
vn 0.9201 -0.0981 0.3792
vn 0.7041 -0.0919 0.7041
vn 0.9201 -0.3792 0.0981
vn 0.8545 -0.3673 0.3673
vn 0.6663 -0.3347 0.6663
vn 0.0981 -0.3792 0.9201
vn 0.0919 -0.7041 0.7041
vn 0.3792 -0.0981 0.9201
vn 0.3673 -0.3673 0.8545
vn 0.3347 -0.6663 0.6663
vn 0.1004 -0.9899 -0.1004
vn 0.1004 -0.1004 -0.9899
vn 0.9899 -0.1004 -0.1004
vn 0.0981 -0.9201 -0.3792
vn 0.0919 -0.7041 -0.7041
vn 0.3792 -0.9201 -0.0981
vn 0.3673 -0.8545 -0.3673
vn 0.3347 -0.6663 -0.6663
vn 0.5773 -0.5774 -0.5774
vn 0.3792 -0.0981 -0.9201
vn 0.7041 -0.0919 -0.7041
vn 0.0981 -0.3792 -0.9201
vn 0.3673 -0.3673 -0.8545
vn 0.6663 -0.3347 -0.6663
vn 0.9201 -0.3792 -0.0981
vn 0.7041 -0.7041 -0.0919
vn 0.9201 -0.0981 -0.3792
vn 0.8545 -0.3673 -0.3673
vn 0.6663 -0.6663 -0.3347
vt 0.909611 0.015112
vt 0.909611 0.010384
vt 0.914457 0.010266
vt 0.914338 0.015112
vt 0.909611 0.002759
vt 0.914211 0.002759
vt 0.921964 0.010512
vt 0.921964 0.015112
vt 0.916743 0.002759
vt 0.577336 0.334664
vt 0.572609 0.334664
vt 0.572490 0.329819
vt 0.577336 0.329937
vt 0.564983 0.334664
vt 0.564983 0.330065
vt 0.572736 0.322312
vt 0.577336 0.322312
vt 0.564983 0.327533
vt 0.015112 0.399608
vt 0.015112 0.404336
vt 0.010266 0.404454
vt 0.010384 0.399608
vt 0.015112 0.411961
vt 0.010512 0.411961
vt 0.002759 0.404208
vt 0.002759 0.399608
vt 0.007980 0.411961
vt 0.725736 0.541577
vt 0.721009 0.541577
vt 0.720890 0.536731
vt 0.725736 0.536849
vt 0.713383 0.541577
vt 0.713383 0.536977
vt 0.721136 0.529224
vt 0.725736 0.529224
vt 0.713383 0.534445
vt 0.015112 0.015112
vt 0.010384 0.015112
vt 0.010266 0.010266
vt 0.015112 0.010384
vt 0.002759 0.015112
vt 0.002759 0.010512
vt 0.010512 0.002759
vt 0.015112 0.002759
vt 0.002759 0.007980
vt 0.577336 0.719161
vt 0.577336 0.723889
vt 0.572491 0.724007
vt 0.572609 0.719161
vt 0.577336 0.731514
vt 0.572736 0.731514
vt 0.564983 0.723761
vt 0.564983 0.719161
vt 0.570204 0.731514
vt 0.725736 0.718266
vt 0.725736 0.722993
vt 0.720890 0.723111
vt 0.721009 0.718266
vt 0.725736 0.730618
vt 0.721136 0.730619
vt 0.713383 0.722865
vt 0.713383 0.718266
vt 0.718604 0.730618
vt 0.547113 0.719161
vt 0.551840 0.719161
vt 0.551959 0.724007
vt 0.547113 0.723889
vt 0.559466 0.719161
vt 0.559466 0.723761
vt 0.551713 0.731514
vt 0.547113 0.731514
vt 0.559466 0.726293
vt 0.191801 0.015112
vt 0.191801 0.010384
vt 0.196646 0.010266
vt 0.196528 0.015112
vt 0.191801 0.002759
vt 0.196400 0.002759
vt 0.204154 0.010512
vt 0.204154 0.015112
vt 0.198933 0.002759
vt 0.909611 0.191801
vt 0.914338 0.191801
vt 0.914457 0.196646
vt 0.909611 0.196528
vt 0.921964 0.191801
vt 0.921964 0.196400
vt 0.914211 0.204153
vt 0.909611 0.204153
vt 0.921964 0.198933
vt 0.191801 0.399608
vt 0.196528 0.399608
vt 0.196646 0.404454
vt 0.191801 0.404336
vt 0.204153 0.399608
vt 0.204153 0.404208
vt 0.196400 0.411961
vt 0.191801 0.411961
vt 0.204153 0.406740
vt 0.547113 0.334664
vt 0.547113 0.329937
vt 0.551958 0.329819
vt 0.551840 0.334664
vt 0.547113 0.322312
vt 0.551713 0.322312
vt 0.559466 0.330065
vt 0.559466 0.334664
vt 0.554245 0.322312
vt 0.843913 0.718266
vt 0.848640 0.718266
vt 0.848759 0.723111
vt 0.843913 0.722993
vt 0.856266 0.718266
vt 0.856266 0.722865
vt 0.848513 0.730618
vt 0.843913 0.730618
vt 0.856266 0.725398
vt 0.398713 0.399608
vt 0.403440 0.399608
vt 0.403559 0.404454
vt 0.398713 0.404336
vt 0.411066 0.399608
vt 0.411066 0.404208
vt 0.403313 0.411961
vt 0.398713 0.411961
vt 0.411066 0.406740
vt 0.428936 0.719161
vt 0.428936 0.723889
vt 0.424090 0.724007
vt 0.424209 0.719161
vt 0.428936 0.731514
vt 0.424336 0.731514
vt 0.416583 0.723761
vt 0.416583 0.719161
vt 0.421804 0.731514
vt 0.843913 0.541577
vt 0.843913 0.536849
vt 0.848759 0.536731
vt 0.848640 0.541577
vt 0.843913 0.529224
vt 0.848513 0.529224
vt 0.856266 0.536977
vt 0.856266 0.541577
vt 0.851045 0.529224
vt 0.695513 0.719161
vt 0.700240 0.719162
vt 0.700359 0.724007
vt 0.695513 0.723889
vt 0.707866 0.719161
vt 0.707866 0.723761
vt 0.700113 0.731514
vt 0.695513 0.731514
vt 0.707866 0.726293
vt 0.222024 0.399608
vt 0.222024 0.404336
vt 0.217178 0.404454
vt 0.217297 0.399608
vt 0.222024 0.411961
vt 0.217424 0.411961
vt 0.209671 0.404208
vt 0.209671 0.399608
vt 0.214892 0.411961
vt 0.791434 0.015112
vt 0.786707 0.015112
vt 0.786589 0.010266
vt 0.791434 0.010384
vt 0.779081 0.015112
vt 0.779081 0.010512
vt 0.786834 0.002759
vt 0.791434 0.002759
vt 0.779081 0.007980
vt 0.222024 0.015112
vt 0.217297 0.015112
vt 0.217178 0.010266
vt 0.222024 0.010384
vt 0.209671 0.015112
vt 0.209671 0.010512
vt 0.217424 0.002759
vt 0.222024 0.002759
vt 0.209671 0.007980
vt 0.695513 0.334664
vt 0.695513 0.329937
vt 0.700359 0.329819
vt 0.700240 0.334664
vt 0.695513 0.322312
vt 0.700113 0.322312
vt 0.707866 0.330065
vt 0.707866 0.334664
vt 0.702645 0.322312
vt 0.791434 0.191801
vt 0.791434 0.196528
vt 0.786588 0.196646
vt 0.786707 0.191801
vt 0.791434 0.204153
vt 0.786834 0.204153
vt 0.779081 0.196400
vt 0.779082 0.191801
vt 0.784302 0.204153
vt 0.428936 0.334664
vt 0.424209 0.334664
vt 0.424090 0.329819
vt 0.428936 0.329937
vt 0.416583 0.334664
vt 0.416583 0.330065
vt 0.424336 0.322312
vt 0.428936 0.322312
vt 0.416583 0.327533
vt 0.398713 0.015112
vt 0.398713 0.010384
vt 0.403559 0.010266
vt 0.403440 0.015112
vt 0.398713 0.002759
vt 0.403313 0.002759
vt 0.411066 0.010512
vt 0.411066 0.015112
vt 0.405845 0.002759
s 1
f 25/13/7 28/14/10 31/15/13 30/16/12
f 28/14/10 29/17/11 32/18/14 31/15/13
f 30/16/12 31/15/13 43/19/25 40/20/22
f 31/15/13 32/18/14 33/21/15 43/19/25
f 26/22/8 34/23/16 37/24/19 36/25/18
f 34/23/16 35/26/17 38/27/20 37/24/19
f 36/25/18 37/24/19 32/28/14 29/29/11
f 37/24/19 38/27/20 33/30/15 32/28/14
f 27/31/9 39/32/21 42/33/24 41/34/23
f 39/32/21 40/35/22 43/36/25 42/33/24
f 41/34/23 42/33/24 38/37/20 35/38/17
f 42/33/24 43/36/25 33/39/15 38/37/20
f 44/40/26 47/41/29 50/42/32 49/43/31
f 47/41/29 48/44/30 51/45/33 50/42/32
f 49/43/31 50/42/32 62/46/44 59/47/41
f 50/42/32 51/45/33 52/48/34 62/46/44
f 45/49/27 53/50/35 56/51/38 55/52/37
f 53/50/35 54/53/36 57/54/39 56/51/38
f 55/52/37 56/51/38 51/55/33 48/56/30
f 56/51/38 57/54/39 52/57/34 51/55/33
f 46/58/28 58/59/40 61/60/43 60/61/42
f 58/59/40 59/62/41 62/63/44 61/60/43
f 60/61/42 61/60/43 57/64/39 54/65/36
f 61/60/43 62/63/44 52/66/34 57/64/39
f 63/67/45 66/68/48 69/69/51 68/70/50
f 66/68/48 67/71/49 70/72/52 69/69/51
f 68/70/50 69/69/51 81/73/63 78/74/60
f 69/69/51 70/72/52 71/75/53 81/73/63
f 64/76/46 72/77/54 75/78/57 74/79/56
f 72/77/54 73/80/55 76/81/58 75/78/57
f 74/79/56 75/78/57 70/82/52 67/83/49
f 75/78/57 76/81/58 71/84/53 70/82/52
f 65/85/47 77/86/59 80/87/62 79/88/61
f 77/86/59 78/89/60 81/90/63 80/87/62
f 79/88/61 80/87/62 76/91/58 73/92/55
f 80/87/62 81/90/63 71/93/53 76/91/58
f 82/94/64 85/95/67 88/96/70 87/97/69
f 85/95/67 86/98/68 89/99/71 88/96/70
f 87/97/69 88/96/70 100/100/82 97/101/79
f 88/96/70 89/99/71 90/102/72 100/100/82
f 83/103/65 91/104/73 94/105/76 93/106/75
f 91/104/73 92/107/74 95/108/77 94/105/76
f 93/106/75 94/105/76 89/109/71 86/110/68
f 94/105/76 95/108/77 90/111/72 89/109/71
f 84/112/66 96/113/78 99/114/81 98/115/80
f 96/113/78 97/116/79 100/117/82 99/114/81
f 98/115/80 99/114/81 95/118/77 92/119/74
f 99/114/81 100/117/82 90/120/72 95/118/77
f 101/121/83 104/122/86 107/123/89 106/124/88
f 104/122/86 105/125/87 108/126/90 107/123/89
f 106/124/88 107/123/89 119/127/101 116/128/98
f 107/123/89 108/126/90 109/129/91 119/127/101
f 102/130/84 110/131/92 113/132/95 112/133/94
f 110/131/92 111/134/93 114/135/96 113/132/95
f 112/133/94 113/132/95 108/136/90 105/137/87
f 113/132/95 114/135/96 109/138/91 108/136/90
f 103/139/85 115/140/97 118/141/100 117/142/99
f 115/140/97 116/143/98 119/144/101 118/141/100
f 117/142/99 118/141/100 114/145/96 111/146/93
f 118/141/100 119/144/101 109/147/91 114/145/96
f 120/148/102 123/149/105 126/150/108 125/151/107
f 123/149/105 124/152/106 127/153/109 126/150/108
f 125/151/107 126/150/108 138/154/120 135/155/117
f 126/150/108 127/153/109 128/156/110 138/154/120
f 121/157/103 129/158/111 132/159/114 131/160/113
f 129/158/111 130/161/112 133/162/115 132/159/114
f 131/160/113 132/159/114 127/163/109 124/164/106
f 132/159/114 133/162/115 128/165/110 127/163/109
f 122/166/104 134/167/116 137/168/119 136/169/118
f 134/167/116 135/170/117 138/171/120 137/168/119
f 136/169/118 137/168/119 133/172/115 130/173/112
f 137/168/119 138/171/120 128/174/110 133/172/115
f 139/175/121 142/176/124 145/177/127 144/178/126
f 142/176/124 143/179/125 146/180/128 145/177/127
f 144/178/126 145/177/127 157/181/139 154/182/136
f 145/177/127 146/180/128 147/183/129 157/181/139
f 140/184/122 148/185/130 151/186/133 150/187/132
f 148/185/130 149/188/131 152/189/134 151/186/133
f 150/187/132 151/186/133 146/190/128 143/191/125
f 151/186/133 152/189/134 147/192/129 146/190/128
f 141/193/123 153/194/135 156/195/138 155/196/137
f 153/194/135 154/197/136 157/198/139 156/195/138
f 155/196/137 156/195/138 152/199/134 149/200/131
f 156/195/138 157/198/139 147/201/129 152/199/134
f 158/202/140 161/203/143 164/204/146 163/205/145
f 161/203/143 162/206/144 165/207/147 164/204/146
f 163/205/145 164/204/146 176/208/158 173/209/155
f 164/204/146 165/207/147 166/210/148 176/208/158
f 159/211/141 167/212/149 170/213/152 169/214/151
f 167/212/149 168/215/150 171/216/153 170/213/152
f 169/214/151 170/213/152 165/217/147 162/218/144
f 170/213/152 171/216/153 166/219/148 165/217/147
f 160/220/142 172/221/154 175/222/157 174/223/156
f 172/221/154 173/224/155 176/225/158 175/222/157
f 174/223/156 175/222/157 171/226/153 168/227/150
f 175/222/157 176/225/158 166/228/148 171/226/153
f 65/85/47 45/49/27 55/52/37 77/86/59
f 77/86/59 55/52/37 48/56/30 78/89/60
f 78/74/60 48/44/30 47/41/29 68/70/50
f 68/70/50 47/41/29 44/40/26 63/67/45
f 27/31/9 83/103/65 93/106/75 39/32/21
f 39/32/21 93/106/75 86/110/68 40/35/22
f 40/20/22 86/98/68 85/95/67 30/16/12
f 30/16/12 85/95/67 82/94/64 25/13/7
f 83/103/65 65/85/47 79/88/61 91/104/73
f 91/104/73 79/88/61 73/92/55 92/107/74
f 92/119/74 73/80/55 72/77/54 98/115/80
f 98/115/80 72/77/54 64/76/46 84/112/66
f 45/49/27 27/31/9 41/34/23 53/50/35
f 53/50/35 41/34/23 35/38/17 54/53/36
f 54/65/36 35/26/17 34/23/16 60/61/42
f 60/61/42 34/23/16 26/22/8 46/58/28
f 101/121/83 120/148/102 125/151/107 104/122/86
f 104/122/86 125/151/107 135/155/117 105/125/87
f 105/137/87 135/170/117 134/167/116 112/133/94
f 112/133/94 134/167/116 122/166/104 102/130/84
f 139/175/121 158/202/140 163/205/145 142/176/124
f 142/176/124 163/205/145 173/209/155 143/179/125
f 143/191/125 173/224/155 172/221/154 150/187/132
f 150/187/132 172/221/154 160/220/142 140/184/122
f 159/211/141 103/139/85 117/142/99 167/212/149
f 167/212/149 117/142/99 111/146/93 168/215/150
f 168/227/150 111/134/93 110/131/92 174/223/156
f 174/223/156 110/131/92 102/130/84 160/220/142
f 121/157/103 141/193/123 155/196/137 129/158/111
f 129/158/111 155/196/137 149/200/131 130/161/112
f 130/173/112 149/188/131 148/185/130 136/169/118
f 136/169/118 148/185/130 140/184/122 122/166/104
f 63/67/45 101/121/83 106/124/88 66/68/48
f 66/68/48 106/124/88 116/128/98 67/71/49
f 67/83/49 116/143/98 115/140/97 74/79/56
f 74/79/56 115/140/97 103/139/85 64/76/46
f 158/202/140 82/94/64 87/97/69 161/203/143
f 161/203/143 87/97/69 97/101/79 162/206/144
f 162/218/144 97/116/79 96/113/78 169/214/151
f 169/214/151 96/113/78 84/112/66 159/211/141
f 46/58/28 121/157/103 131/160/113 58/59/40
f 58/59/40 131/160/113 124/164/106 59/62/41
f 59/47/41 124/152/106 123/149/105 49/43/31
f 49/43/31 123/149/105 120/148/102 44/40/26
f 25/13/7 139/175/121 144/178/126 28/14/10
f 28/14/10 144/178/126 154/182/136 29/17/11
f 29/29/11 154/197/136 153/194/135 36/25/18
f 36/25/18 153/194/135 141/193/123 26/22/8
f 25/13/7 82/94/64 158/202/140 139/175/121
f 65/85/47 83/103/65 27/31/9 45/49/27
f 46/58/28 26/22/8 141/193/123 121/157/103
f 63/67/45 44/40/26 120/148/102 101/121/83
f 84/112/66 64/76/46 103/139/85 159/211/141
f 102/130/84 122/166/104 140/184/122 160/220/142
o Cube.004
v 71.223373 106.567200 19.566929
v 100.293304 36.676975 19.566929
v 104.522644 49.511276 19.566929
v 99.235718 47.312248 14.198577
v 83.307030 100.518066 19.566929
v 78.020103 98.319046 14.198577
v 84.471321 104.667015 31.751362
v 108.285851 47.411865 31.751362
v 48.804646 88.543190 13.061359
v 51.650082 87.350777 13.061359
v 49.279518 87.831474 13.061359
v 49.987022 87.354942 13.061359
v 50.819458 87.186142 13.061359
v 51.650082 87.350777 19.566929
v 48.803535 88.545860 19.566929
v 50.819370 87.186356 19.566929
v 49.986698 87.355728 19.566929
v 49.278831 87.833122 19.566929
v 75.998810 95.086044 19.566929
v 73.147583 96.292381 19.566929
v 75.521721 95.803085 19.566929
v 74.812332 96.284134 19.566929
v 73.978653 96.455948 19.566929
v 71.706345 33.482693 19.566929
v 72.865692 36.343979 19.566929
v 71.535980 34.322258 19.566929
v 71.696480 35.160847 19.566929
v 72.163414 35.870777 19.566929
v 95.518448 48.156723 15.230660
v 98.139732 44.506920 13.806796
v 94.363190 45.285583 13.061359
v 96.237259 46.630436 14.457246
v 96.987831 45.400864 13.915066
v 95.690384 47.313385 14.727246
v 96.123032 46.423370 14.144428
v 96.573441 45.719597 13.741342
v 96.256470 45.874714 13.676739
v 97.308548 45.060303 13.627819
v 96.298965 45.402603 13.423305
v 97.655891 44.655178 13.686656
v 96.925056 45.306660 13.609489
v 96.274384 45.690407 13.513844
v 95.065163 45.759537 13.553228
v 95.531212 46.471603 14.138208
v 95.264694 45.481712 13.224391
v 95.652740 45.825798 13.528570
v 95.927185 46.173843 13.826551
v 94.363190 45.285583 19.566929
v 95.517868 48.158127 19.566929
v 95.065125 45.759644 19.566929
v 95.531036 46.472015 19.566929
v 95.690018 47.314251 19.566929
v 75.257919 99.519615 13.806796
v 75.998222 95.087448 15.230660
v 73.147583 96.292381 13.061359
v 75.021942 99.071960 13.686656
v 75.079765 98.072449 13.915066
v 75.064362 98.540001 13.627819
v 74.968704 98.094345 13.609489
v 75.013657 97.553864 13.741340
v 74.900185 97.219711 13.676737
v 75.521362 95.803955 14.727246
v 74.812164 96.284546 14.138208
v 75.422592 96.673279 14.457246
v 75.195213 96.738258 14.144428
v 74.880173 96.775284 13.826552
v 73.922256 96.793434 13.224391
v 74.595337 97.582695 13.423305
v 73.978607 96.456055 13.553229
v 74.439850 96.826035 13.528570
v 74.782112 97.362350 13.513843
v 71.705231 33.485367 13.061359
v 72.865692 36.343979 13.061359
v 71.535294 34.323914 13.061359
v 71.696152 35.161629 13.061359
v 72.163330 35.870983 13.061359
v 50.816982 89.353722 0.000001
v 51.650082 87.350777 2.169301
v 48.805008 88.542320 2.169301
v 51.137177 88.583908 0.165129
v 51.407940 87.932930 0.635374
v 50.048416 89.039886 0.165129
v 50.357323 88.243042 0.364419
v 50.617599 87.729706 0.745688
v 50.139664 87.720917 0.916855
v 50.818100 87.189407 2.169301
v 49.985260 87.359184 2.169301
v 51.588051 87.499916 1.339146
v 50.723667 87.362267 1.318341
v 50.046429 87.499367 1.361518
v 48.959541 88.600761 1.339146
v 49.396172 88.775482 0.635374
v 49.278355 87.834267 2.169301
v 49.472580 87.886230 1.318341
v 49.809925 88.067970 0.745688
v 72.314484 98.295326 0.000001
v 74.317429 99.128433 2.169301
v 73.147583 96.292381 2.169301
v 73.080978 98.614136 0.165129
v 73.730782 98.884415 0.635374
v 72.633301 97.528831 0.165129
v 73.426994 97.836426 0.364419
v 73.939148 98.096207 0.745688
v 73.951874 97.619919 0.916855
v 74.483780 98.298515 2.169301
v 74.319870 97.468117 2.169301
v 74.164970 99.065010 1.339146
v 74.307762 98.202774 1.318341
v 74.175652 97.527603 1.361518
v 73.084167 96.444839 1.339146
v 72.903572 96.879028 0.635374
v 73.850662 96.763657 2.169301
v 73.793335 96.955658 1.318341
v 73.607048 97.291107 0.745688
v 73.698792 34.341034 0.000001
v 71.704872 33.486233 2.169301
v 72.865692 36.343979 2.169301
v 72.934372 34.017242 0.165129
v 72.287010 33.741093 0.635374
v 73.379982 35.107529 0.165129
v 72.653183 34.769417 0.405144
v 72.070374 34.500832 0.727124
v 72.069695 35.009205 0.921735
v 71.535065 34.324448 2.169301
v 71.696045 35.161888 2.169301
v 71.855263 33.554626 1.339146
v 71.766563 34.392853 1.368390
v 71.815460 35.113693 1.388857
v 72.929108 36.191517 1.339146
v 73.109703 35.757332 0.635374
v 72.163300 35.871052 2.169301
v 72.282639 35.660297 1.368391
v 72.425262 35.370697 0.727124
v 95.196289 43.282639 0.000001
v 94.363190 45.285583 2.169301
v 97.199242 44.115738 2.169301
v 94.877480 44.049133 0.165129
v 94.607201 44.698936 0.635374
v 95.962784 43.601456 0.165129
v 95.655197 44.395149 0.364419
v 95.395401 44.907307 0.745688
v 95.871704 44.920033 0.916855
v 95.193100 45.451935 2.169301
v 96.023499 45.288029 2.169301
v 94.426605 45.133125 1.339146
v 95.288849 45.275917 1.318341
v 95.964012 45.143810 1.361518
v 97.046776 44.052326 1.339146
v 96.612595 43.871731 0.635374
v 96.727966 44.818821 2.169301
v 96.535965 44.761494 1.318341
v 96.200516 44.575207 0.745688
v 46.563572 93.931198 19.566929
v 47.722923 96.792496 19.566929
v 46.393208 94.770767 19.566929
v 46.553707 95.609360 19.566929
v 47.020645 96.319290 19.566929
v 47.722923 96.792496 13.061359
v 46.562462 93.933876 13.061359
v 47.020557 96.319496 13.061359
v 46.553383 95.610138 13.061359
v 46.392517 94.772423 13.061359
v 99.455460 38.691326 13.061359
v 98.290352 35.843872 14.577552
v 99.623627 37.857052 13.176772
v 99.461258 37.022957 13.505441
v 98.993073 36.316017 13.997330
v 76.792854 26.902267 19.566929
v 73.946304 28.097359 19.566929
v 75.962143 26.737843 19.566929
v 75.129471 26.907223 19.566929
v 74.421600 27.384621 19.566929
v 70.053520 103.731148 0.000001
v 69.220421 105.734100 2.169301
v 72.061035 104.553284 2.169301
v 69.734009 104.499329 0.165129
v 69.463486 105.149719 0.635374
v 70.821060 104.047455 0.165129
v 70.512802 104.842735 0.364419
v 70.252769 105.355484 0.745688
v 70.729897 105.366226 0.916855
v 70.051376 105.897934 2.169301
v 70.883011 105.731056 2.169301
v 69.283134 105.583313 1.339146
v 70.146461 105.723511 1.318341
v 70.822670 105.588882 1.361518
v 71.907516 104.492386 1.339146
v 71.472099 104.314758 0.635374
v 71.588707 105.258881 2.169301
v 71.395584 105.204254 1.318341
v 71.059174 105.020271 0.745688
v 48.556023 94.789543 0.000001
v 46.562099 93.934738 2.169301
v 47.722923 96.792496 2.169301
v 47.791599 94.465744 0.165129
v 47.144238 94.189598 0.635374
v 48.237209 95.556038 0.165129
v 47.510414 95.217926 0.405144
v 46.927605 94.949341 0.727124
v 46.926926 95.457718 0.921735
v 46.392296 94.772964 2.169301
v 46.553276 95.610397 2.169301
v 46.712494 94.003136 1.339146
v 46.623795 94.841362 1.368390
v 46.672691 95.562202 1.388857
v 47.786339 96.640030 1.339146
v 47.966934 96.205841 0.635374
v 47.020527 96.319565 2.169301
v 47.139862 96.108810 1.368390
v 47.282486 95.819206 0.727124
v 75.959755 28.905220 0.000001
v 76.792854 26.902267 2.169301
v 73.947777 28.093815 2.169301
v 76.279945 28.135399 0.165129
v 76.550713 27.484425 0.635374
v 75.191185 28.591381 0.165129
v 75.500092 27.794533 0.364419
v 75.760368 27.281204 0.745688
v 75.282433 27.272415 0.916855
v 75.960869 26.740898 2.169301
v 75.128029 26.910683 2.169301
v 76.730820 27.051407 1.339146
v 75.866440 26.913765 1.318341
v 75.189201 27.050858 1.361518
v 74.102310 28.152256 1.339146
v 74.538940 28.326981 0.635374
v 74.421127 27.385761 2.169301
v 74.615349 27.437729 1.318341
v 74.952698 27.619461 0.745688
v 97.457253 37.846825 0.000001
v 99.455643 38.690887 2.169301
v 98.290352 35.843872 2.169301
v 98.222702 38.168152 0.165129
v 98.871269 38.441399 0.635374
v 97.776062 37.080330 0.165129
v 98.503586 37.416695 0.405144
v 99.087097 37.683594 0.727124
v 99.087296 37.176376 0.921735
v 99.623734 37.856789 2.169301
v 99.461304 37.022835 2.169301
v 99.304222 38.624958 1.339146
v 99.391571 37.789978 1.368391
v 99.341629 37.071663 1.388857
v 98.226936 35.996338 1.339146
v 98.046341 36.430527 0.635374
v 98.993088 36.315990 2.169301
v 98.873825 36.526558 1.368391
v 98.731239 36.816074 0.727124
v 76.792854 26.902267 13.061359
v 73.947418 28.094685 13.061359
v 75.962227 26.737637 13.061359
v 75.129791 26.906441 13.061359
v 74.422287 27.382969 13.061359
v 69.220421 105.734100 14.577552
v 72.061218 104.552841 13.061359
v 70.050690 105.899582 13.997330
v 70.882118 105.733200 13.505441
v 71.588120 105.260292 13.176772
v 47.734619 91.115761 29.582066
v 50.350624 90.474953 31.751362
v 48.121689 90.615135 30.412216
v 48.754761 90.317558 31.115990
v 49.537460 90.268333 31.586235
v 71.848122 99.416557 31.751362
v 74.677017 98.837982 33.875374
v 72.677490 99.627914 31.913044
v 73.506332 99.592178 32.373470
v 74.208481 99.314789 33.062550
v 97.246788 44.575523 33.875374
v 95.662651 42.161411 31.751362
v 97.254593 43.907082 33.062550
v 96.956284 43.213570 32.373470
v 96.397270 42.600571 31.913044
v 72.775261 30.912796 29.582066
v 74.165154 33.219807 31.751362
v 72.693115 31.540253 30.412216
v 72.928413 32.199017 31.115990
v 73.445328 32.788799 31.586235
v 46.646381 99.380722 29.661163
v 45.496277 96.497208 29.582066
v 47.256565 97.913719 31.751362
v 45.947830 98.898560 29.643017
v 45.483963 98.181252 29.621613
v 46.621464 99.440628 30.473171
v 45.914841 98.923698 30.474449
v 45.541496 98.330170 30.414669
v 45.717560 98.352585 30.851223
v 45.558907 96.776611 30.400093
v 45.915428 97.143921 31.099609
v 45.325397 97.338013 29.600208
v 45.409096 97.655708 30.439667
v 45.714718 97.913712 31.008045
v 46.951691 98.646698 31.604382
v 46.728672 99.182877 31.155537
v 46.511566 97.543221 31.574108
v 46.183159 98.278595 31.393585
v 46.041214 98.732292 31.030499
v 68.754059 106.855324 31.751362
v 71.164146 107.857765 33.875374
v 71.680374 110.107620 29.661163
v 69.551544 107.187027 31.913044
v 70.289604 107.494011 32.373470
v 69.298462 107.956932 31.592258
v 69.834946 108.142975 31.754520
v 70.256958 108.299255 32.044403
v 70.298965 108.795830 31.779179
v 70.838310 108.597412 32.982128
v 70.821999 109.284714 31.867588
v 70.855873 107.729546 33.062550
v 70.595795 108.459442 32.439831
v 70.509277 109.079262 31.811848
v 70.882172 109.717072 30.461052
v 70.045761 108.961845 31.139164
v 71.117691 109.815033 30.701416
v 70.622055 109.417435 31.150433
v 70.160736 108.934288 31.486210
v 103.126305 34.504990 29.661163
v 101.166794 35.725090 33.875374
v 98.756714 34.722649 31.751362
v 102.522102 34.312229 30.701416
v 101.937546 34.476418 31.867588
v 102.286575 34.214264 30.461052
v 101.890701 34.241039 31.150433
v 101.571358 34.399483 31.811848
v 101.222076 34.450165 31.779179
v 100.858521 35.596870 33.062550
v 100.292252 35.361336 32.373470
v 101.461624 34.972542 32.982128
v 101.192787 34.897827 32.439831
v 100.840302 34.770470 32.044403
v 99.921768 34.332062 31.592258
v 101.161301 34.153545 31.139164
v 99.554199 35.054352 31.913044
v 100.431938 34.581360 31.754524
v 101.222816 34.254509 31.486210
v 77.869392 24.314034 29.661163
v 77.259209 25.781044 31.751362
v 75.013603 25.531353 29.582066
v 77.891281 24.261406 30.461052
v 77.783012 24.521721 31.139164
v 77.027168 24.177288 29.553780
v 77.049896 24.198799 30.379837
v 77.010681 24.346367 31.032692
v 76.474892 24.418182 30.821388
v 76.437050 25.596062 31.586235
v 75.721581 25.483658 31.115990
v 77.561058 25.055351 31.592258
v 76.767075 24.878769 31.353607
v 76.122009 24.759850 31.022209
v 75.481628 24.836094 29.510975
v 76.188698 24.360615 29.501041
v 75.221733 25.460934 30.412216
v 75.767799 24.773048 30.355629
v 76.322998 24.276634 30.327545
v 107.610405 42.087639 19.566929
v 106.219955 39.142090 19.566929
v 107.761887 41.244759 19.566929
v 107.550842 40.388992 19.566929
v 107.009384 39.650639 19.566929
v 102.324463 39.886238 14.198577
v 103.192749 37.882965 16.520386
v 102.647583 39.115810 14.375317
v 102.926056 38.464561 14.878620
v 103.117500 38.031643 15.631868
v 77.150032 109.032318 19.566929
v 80.219261 107.941711 19.566929
v 78.067245 109.233627 19.566929
v 78.972618 109.097054 19.566929
v 79.728302 108.643394 19.566929
v 74.122826 107.773193 16.520386
v 74.931351 105.745056 14.198577
v 74.175209 107.614990 15.631868
v 74.347260 107.174011 14.878620
v 74.612778 106.517380 14.375313
v 78.333801 113.189354 31.751362
v 81.383926 112.089752 31.751362
v 79.243591 113.387497 31.751362
v 80.142731 113.248100 31.751362
v 80.894310 112.792397 31.751362
v 111.373245 39.989132 31.751362
v 110.002647 37.050785 31.751362
v 111.526352 39.146523 31.751362
v 111.319649 38.292233 31.751362
v 110.784592 37.556301 31.751362
v 76.568115 101.379776 45.926163
v 78.978195 102.382217 48.050175
v 76.876381 101.507996 46.738991
v 77.442650 101.743530 47.428066
v 78.180710 102.050514 47.888493
v 73.474052 108.818542 45.926163
v 75.884140 109.820984 48.050175
v 74.677933 111.668747 45.880878
v 73.777107 108.944595 46.745926
v 74.341545 109.179367 47.437443
v 73.315506 109.651703 45.915771
v 73.646286 109.811821 46.755550
v 74.120537 109.962311 47.318699
v 74.081856 110.427818 47.142887
v 75.542137 110.577835 47.878105
v 75.192810 111.194763 47.405422
v 75.081436 109.487114 47.895432
v 74.706093 110.252632 47.689560
v 74.462296 110.771439 47.305843
v 73.967041 111.194221 45.891262
v 73.488625 110.485931 45.903515
v 74.889343 111.577835 46.704086
v 74.175674 111.065155 46.735634
v 73.778114 110.486862 46.702869
v 102.792725 45.127075 48.050175
v 100.382645 44.124630 45.926163
v 101.995239 44.795368 47.888493
v 101.257179 44.488380 47.428066
v 100.690918 44.252853 46.738991
v 103.476700 36.685867 45.926163
v 106.346779 35.530174 45.880878
v 105.886780 37.688309 48.050175
v 103.955780 35.986038 45.915771
v 104.669456 35.520660 45.903515
v 103.779755 36.811916 46.745926
v 104.302544 36.107735 46.755550
v 104.874214 35.725296 46.702869
v 105.046486 35.982338 47.142887
v 106.431358 35.744194 46.704086
v 106.373642 36.229492 47.405422
v 105.509064 35.360577 45.891262
v 105.564621 35.599533 46.735634
v 105.558395 36.009876 47.305843
v 105.084084 37.354435 47.895432
v 104.344193 37.046688 47.437443
v 106.182411 36.912174 47.878105
v 105.362350 36.548546 47.689560
v 104.743629 36.337959 47.318699
v 85.592545 105.133369 48.050175
v 87.188362 105.797134 45.926163
v 86.328049 105.439293 47.888493
v 86.889595 105.672867 47.428066
v 87.191696 105.798523 46.738991
v 84.100708 113.220482 45.926163
v 81.048492 114.318497 45.880878
v 82.498482 112.572136 48.050175
v 83.596748 113.916885 45.848282
v 82.839722 114.370102 45.812328
v 84.102577 113.225403 46.738991
v 83.539948 113.864281 46.672604
v 82.951340 114.318222 46.630222
v 82.933556 114.100433 47.119122
v 81.253418 114.224892 46.711029
v 81.600945 113.860138 47.414803
v 81.944893 114.511124 45.823772
v 82.171471 114.345108 46.658745
v 82.418495 114.098984 47.320045
v 83.235458 112.874527 47.888493
v 83.798744 113.103920 47.428066
v 82.038155 113.279770 47.885048
v 82.793221 113.559219 47.649265
v 83.366035 113.772461 47.326042
v 111.002892 48.541985 45.926163
v 109.407074 47.878223 48.050175
v 111.006226 48.543373 46.738991
v 110.704124 48.417717 47.428066
v 110.142578 48.184147 47.888493
v 114.090538 41.118637 45.926163
v 112.501129 40.439461 48.050175
v 112.717339 38.179928 45.880878
v 114.095352 41.116489 46.738991
v 113.794983 40.986664 47.428066
v 114.229103 40.270252 45.848282
v 114.151756 40.267056 46.672604
v 113.964027 40.208462 47.326042
v 113.891716 39.670517 47.119122
v 112.678429 39.614109 47.885048
v 112.781776 38.894871 47.414803
v 113.235168 40.748924 47.888493
v 113.408958 39.952568 47.649261
v 113.527557 39.306267 47.320045
v 113.485931 38.679832 45.823772
v 114.016800 39.413857 45.812328
v 112.795441 38.391251 46.711029
v 113.527939 38.957565 46.658741
v 114.058701 39.529587 46.630222
v 61.424789 63.850330 13.061359
v 62.257889 61.847382 15.230660
v 59.421837 63.017227 15.230660
v 61.743599 63.083832 13.226487
v 62.013878 62.434029 13.696733
v 60.658291 63.531513 13.226487
v 60.965885 62.737820 13.425778
v 61.225674 62.225662 13.807047
v 60.749374 62.212936 13.978213
v 61.427975 61.681030 15.230660
v 60.597580 61.844936 15.230660
v 62.194473 61.999844 14.400505
v 61.332230 61.857048 14.379702
v 60.657066 61.989159 14.422876
v 59.574303 63.080643 14.400505
v 60.008488 63.261238 13.696733
v 59.893116 62.314148 15.230660
v 60.085114 62.371475 14.379702
v 60.420563 62.557762 13.807047
v 62.257889 61.847382 17.397629
v 61.424789 63.850330 19.566929
v 59.421837 63.017227 17.397629
v 62.194473 61.999844 18.227787
v 62.013878 62.434029 18.931557
v 61.427975 61.681030 17.397629
v 61.332230 61.857048 18.248589
v 61.225674 62.225662 18.821243
v 60.749374 62.212933 18.650078
v 60.658291 63.531513 19.401802
v 60.008488 63.261238 18.931557
v 61.743599 63.083832 19.401802
v 60.965885 62.737820 19.202511
v 60.420563 62.557762 18.821243
v 59.893116 62.314148 17.397629
v 60.597580 61.844936 17.397629
v 59.574303 63.080643 18.227787
v 60.085114 62.371475 18.248589
v 60.657066 61.989159 18.205414
v 52.483185 85.347824 13.061359
v 50.480232 84.514725 15.230660
v 51.650082 87.350777 15.230660
v 51.716686 85.029007 13.226487
v 51.066883 84.758728 13.696733
v 52.164368 86.114319 13.226487
v 51.370674 85.806725 13.425778
v 50.858517 85.546936 13.807047
v 50.845791 86.023239 13.978213
v 50.313885 85.344635 15.230660
v 50.477791 86.175034 15.230660
v 50.632698 84.578140 14.400505
v 50.489902 85.440384 14.379702
v 50.622013 86.115540 14.422876
v 51.713497 87.198311 14.400505
v 51.894093 86.764122 13.696733
v 50.947002 86.879501 15.230660
v 51.004330 86.687500 14.379702
v 51.190617 86.352051 13.807047
v 52.483185 85.347824 19.566929
v 51.650082 87.350777 17.397629
v 50.480232 84.514725 17.397629
v 52.164368 86.114319 19.401802
v 51.894093 86.764122 18.931557
v 51.716686 85.029007 19.401802
v 51.370674 85.806725 19.202511
v 51.190617 86.352051 18.821243
v 50.845791 86.023239 18.650078
v 50.947002 86.879501 17.397629
v 50.477791 86.175034 17.397629
v 51.713497 87.198311 18.227787
v 51.004330 86.687500 18.248589
v 50.622013 86.115540 18.205414
v 50.632698 84.578140 18.227787
v 51.066883 84.758728 18.931557
v 50.313885 85.344635 17.397629
v 50.489902 85.440384 18.248589
v 50.858517 85.546936 18.821243
v 82.922287 72.791931 13.061359
v 84.925232 73.625031 15.230660
v 83.755386 70.788986 15.230660
v 83.688782 73.110748 13.226487
v 84.338585 73.381027 13.696733
v 83.241104 72.025436 13.226487
v 84.034798 72.333031 13.425778
v 84.546951 72.592819 13.807047
v 84.559677 72.116524 13.978213
v 85.091583 72.795120 15.230660
v 84.927673 71.964729 15.230660
v 84.772774 73.561615 14.400505
v 84.915565 72.699379 14.379702
v 84.783455 72.024216 14.422876
v 83.691971 70.941452 14.400505
v 83.511375 71.375633 13.696733
v 84.458466 71.260262 15.230660
v 84.401138 71.452263 14.379702
v 84.214851 71.787712 13.807047
v 82.922287 72.791931 19.566929
v 83.755386 70.788986 17.397629
v 84.925232 73.625031 17.397629
v 83.241096 72.025436 19.401802
v 83.511375 71.375633 18.931557
v 83.688782 73.110748 19.401802
v 84.034790 72.333031 19.202511
v 84.214851 71.787712 18.821243
v 84.559677 72.116524 18.650078
v 84.458466 71.260262 17.397629
v 84.927673 71.964722 17.397629
v 83.691971 70.941452 18.227787
v 84.401138 71.452263 18.248589
v 84.783455 72.024216 18.205414
v 84.772766 73.561615 18.227787
v 84.338585 73.381027 18.931557
v 85.091583 72.795120 17.397629
v 84.915565 72.699379 18.248589
v 84.546951 72.592819 18.821243
v 73.980682 94.289429 13.061359
v 73.147583 96.292381 15.230660
v 75.983627 95.122528 15.230660
v 73.661865 95.055923 13.226487
v 73.391586 95.705727 13.696733
v 74.747177 94.608246 13.226487
v 74.439583 95.401939 13.425778
v 74.179794 95.914093 13.807047
v 74.656097 95.926819 13.978213
v 73.977493 96.458725 15.230660
v 74.807892 96.294815 15.230660
v 73.210999 96.139915 14.400505
v 74.073235 96.282707 14.379702
v 74.748398 96.150604 14.422876
v 75.831161 95.059113 14.400505
v 75.396980 94.878517 13.696733
v 75.512352 95.825607 15.230660
v 75.320351 95.768280 14.379702
v 74.984901 95.581993 13.807047
v 73.980682 94.289429 19.566929
v 75.983627 95.122528 17.397629
v 73.147583 96.292381 17.397629
v 74.747177 94.608246 19.401802
v 75.396980 94.878525 18.931557
v 73.661865 95.055923 19.401802
v 74.439583 95.401939 19.202511
v 74.984909 95.581993 18.821243
v 74.656097 95.926826 18.650078
v 75.512352 95.825607 17.397629
v 74.807892 96.294823 17.397629
v 75.831169 95.059113 18.227787
v 75.320358 95.768280 18.248589
v 74.748398 96.150604 18.205414
v 73.210999 96.139915 18.227787
v 73.391594 95.705727 18.931557
v 73.977493 96.458725 17.397629
v 74.073242 96.282715 18.248589
v 74.179794 95.914093 18.821243
v 72.032593 38.346931 13.061359
v 72.865692 36.343979 15.230660
v 70.029648 37.513828 15.230660
v 72.351410 37.580437 13.226487
v 72.621681 36.930634 13.696733
v 71.266098 38.028118 13.226487
v 71.573692 37.234425 13.425778
v 71.833481 36.722267 13.807047
v 71.357178 36.709538 13.978213
v 72.035782 36.177631 15.230660
v 71.205383 36.341537 15.230660
v 72.802277 36.496449 14.400505
v 71.940041 36.353649 14.379702
v 71.264877 36.485760 14.422876
v 70.182114 37.577244 14.400505
v 70.616295 37.757839 13.696733
v 70.500923 36.810745 15.230660
v 70.692924 36.868076 14.379702
v 71.028374 37.054367 13.807047
v 72.865692 36.343979 17.397629
v 72.032593 38.346931 19.566929
v 70.029648 37.513828 17.397629
v 72.802277 36.496449 18.227787
v 72.621681 36.930634 18.931557
v 72.035782 36.177631 17.397629
v 71.940041 36.353649 18.248589
v 71.833481 36.722267 18.821243
v 71.357178 36.709538 18.650078
v 71.266098 38.028118 19.401802
v 70.616295 37.757839 18.931557
v 72.351410 37.580437 19.401802
v 71.573692 37.234425 19.202511
v 71.028374 37.054367 18.821243
v 70.500923 36.810745 17.397629
v 71.205383 36.341537 17.397629
v 70.182114 37.577244 18.227787
v 70.692924 36.868076 18.248589
v 71.264877 36.485760 18.205414
v 63.090988 59.844429 13.061359
v 61.088039 59.011330 15.230660
v 62.257889 61.847382 15.230660
v 62.324493 59.525616 13.226487
v 61.674690 59.255341 13.696733
v 62.772175 60.610924 13.226487
v 61.978481 60.303329 13.425778
v 61.466324 60.043541 13.807047
v 61.453594 60.519844 13.978213
v 60.921692 59.841240 15.230660
v 61.085598 60.671638 15.230660
v 61.240505 59.074745 14.400505
v 61.097710 59.936985 14.379702
v 61.229816 60.612148 14.422876
v 62.321304 61.694916 14.400505
v 62.501896 61.260727 13.696733
v 61.554810 61.376099 15.230660
v 61.612137 61.184101 14.379702
v 61.798424 60.848652 13.807047
v 63.090988 59.844429 19.566929
v 62.257889 61.847382 17.397629
v 61.088039 59.011330 17.397629
v 62.772175 60.610924 19.401802
v 62.501896 61.260727 18.931557
v 62.324493 59.525616 19.401802
v 61.978481 60.303329 19.202511
v 61.798424 60.848652 18.821243
v 61.453594 60.519844 18.650078
v 61.554810 61.376099 17.397629
v 61.085598 60.671638 17.397629
v 62.321304 61.694916 18.227787
v 61.612137 61.184101 18.248589
v 61.229816 60.612148 18.205414
v 61.240505 59.074745 18.227787
v 61.674690 59.255341 18.931557
v 60.921692 59.841240 17.397629
v 61.097710 59.936985 18.248589
v 61.466324 60.043541 18.821243
v 93.530090 47.288536 13.061359
v 95.533043 48.121635 15.230660
v 94.363190 45.285583 15.230660
v 94.296585 47.607353 13.226487
v 94.946396 47.877628 13.696733
v 93.848907 46.522041 13.226487
v 94.642601 46.829636 13.425778
v 95.154762 47.089424 13.807047
v 95.167488 46.613125 13.978213
v 95.699394 47.291725 15.230660
v 95.535484 46.461327 15.230660
v 95.380577 48.058220 14.400505
v 95.523376 47.195980 14.379702
v 95.391266 46.520817 14.422876
v 94.299774 45.438053 14.400505
v 94.119186 45.872238 13.696733
v 95.066277 45.756866 15.230660
v 95.008949 45.948864 14.379702
v 94.822662 46.284317 13.807047
v 93.530090 47.288536 19.566929
v 94.363190 45.285583 17.397629
v 95.533043 48.121635 17.397629
v 93.848907 46.522041 19.401802
v 94.119186 45.872238 18.931557
v 94.296585 47.607353 19.401802
v 94.642601 46.829636 19.202511
v 94.822655 46.284317 18.821243
v 95.167480 46.613125 18.650078
v 95.066269 45.756866 17.397629
v 95.535484 46.461327 17.397629
v 94.299774 45.438053 18.227787
v 95.008942 45.948860 18.248589
v 95.391266 46.520817 18.205414
v 95.380577 48.058220 18.227787
v 94.946396 47.877625 18.931557
v 95.699387 47.291721 17.397629
v 95.523376 47.195980 18.248589
v 95.154755 47.089424 18.821243
v 84.588486 68.786034 13.061359
v 83.755386 70.788986 15.230660
v 86.591438 69.619133 15.230660
v 84.269676 69.552528 13.226487
v 83.999397 70.202332 13.696733
v 85.354980 69.104851 13.226487
v 85.047386 69.898544 13.425778
v 84.787598 70.410706 13.807047
v 85.263901 70.423431 13.978213
v 84.585297 70.955330 15.230660
v 85.415695 70.791428 15.230660
v 83.818802 70.636520 14.400505
v 84.681046 70.779312 14.379702
v 85.356201 70.647209 14.422876
v 86.438972 69.555717 14.400505
v 86.004784 69.375122 13.696733
v 86.120155 70.322212 15.230660
v 85.928162 70.264893 14.379702
v 85.592712 70.078598 13.807047
v 84.588486 68.786034 19.566929
v 86.591438 69.619133 17.397629
v 83.755386 70.788986 17.397629
v 85.354980 69.104851 19.401802
v 86.004791 69.375130 18.931557
v 84.269676 69.552528 19.401802
v 85.047394 69.898544 19.202511
v 85.592712 70.078598 18.821243
v 85.263901 70.423431 18.650078
v 86.120163 70.322220 17.397629
v 85.415695 70.791428 17.397629
v 86.438972 69.555717 18.227787
v 85.928162 70.264893 18.248589
v 85.356209 70.647209 18.205414
v 83.818802 70.636520 18.227787
v 83.999397 70.202332 18.931557
v 84.585297 70.955330 17.397629
v 84.681046 70.779312 18.248589
v 84.787598 70.410706 18.821243
v 51.650082 87.350777 10.892059
v 50.480232 84.514725 10.892059
v 52.483185 85.347824 13.061359
v 50.947002 86.879501 10.892059
v 50.477791 86.175034 10.892059
v 51.713497 87.198311 11.722216
v 51.004330 86.687500 11.743019
v 50.622013 86.115540 11.699843
v 50.845791 86.023239 12.144506
v 50.632698 84.578140 11.722216
v 51.066883 84.758728 12.425986
v 50.313885 85.344635 10.892059
v 50.489902 85.440384 11.743019
v 50.858517 85.546936 12.315672
v 52.164368 86.114319 12.896232
v 51.894093 86.764122 12.425986
v 51.716686 85.029007 12.896232
v 51.370674 85.806725 12.696941
v 51.190617 86.352051 12.315672
v 73.147583 96.292381 10.892059
v 73.980682 94.289429 13.061359
v 75.983627 95.122528 10.892059
v 73.210999 96.139915 11.722216
v 73.391586 95.705727 12.425986
v 73.977493 96.458725 10.892059
v 74.073235 96.282707 11.743019
v 74.179794 95.914093 12.315672
v 74.656097 95.926819 12.144506
v 74.747177 94.608246 12.896232
v 75.396980 94.878517 12.425986
v 73.661865 95.055923 12.896232
v 74.439583 95.401939 12.696941
v 74.984901 95.581993 12.315672
v 75.512352 95.825607 10.892059
v 74.807892 96.294815 10.892059
v 75.831161 95.059113 11.722216
v 75.320351 95.768280 11.743019
v 74.748398 96.150604 11.699843
v 72.865692 36.343979 10.892059
v 72.032593 38.346931 13.061359
v 70.029648 37.513832 10.892059
v 72.802277 36.496445 11.722216
v 72.621689 36.930634 12.425986
v 72.035782 36.177631 10.892059
v 71.940041 36.353649 11.743019
v 71.833481 36.722263 12.315672
v 71.357178 36.709538 12.144506
v 71.266098 38.028118 12.896232
v 70.616295 37.757839 12.425986
v 72.351410 37.580437 12.896232
v 71.573692 37.234421 12.696941
v 71.028374 37.054367 12.315672
v 70.500923 36.810749 10.892059
v 71.205383 36.341537 10.892059
v 70.182114 37.577248 11.722216
v 70.692924 36.868076 11.743019
v 71.264877 36.485760 11.699843
v 94.363190 45.285583 10.892059
v 95.533043 48.121635 10.892059
v 93.530090 47.288536 13.061359
v 95.066277 45.756866 10.892059
v 95.535484 46.461327 10.892059
v 94.299774 45.438049 11.722216
v 95.008949 45.948864 11.743019
v 95.391266 46.520817 11.699843
v 95.167488 46.613125 12.144506
v 95.380577 48.058220 11.722216
v 94.946396 47.877628 12.425986
v 95.699387 47.291725 10.892059
v 95.523376 47.195980 11.743019
v 95.154762 47.089424 12.315672
v 93.848907 46.522041 12.896232
v 94.119186 45.872238 12.425986
v 94.296585 47.607349 12.896232
v 94.642601 46.829636 12.696941
v 94.822662 46.284313 12.315672
v 51.650082 87.350777 2.169301
v 52.483185 85.347824 0.000001
v 50.480232 84.514725 2.169301
v 51.713497 87.198311 1.339146
v 51.894093 86.764122 0.635374
v 50.947002 86.879501 2.169301
v 51.004330 86.687500 1.318341
v 51.190617 86.352051 0.745688
v 50.845791 86.023239 0.916855
v 51.716686 85.029007 0.165129
v 51.066883 84.758728 0.635374
v 52.164368 86.114319 0.165129
v 51.370674 85.806725 0.364419
v 50.858517 85.546936 0.745688
v 50.313885 85.344635 2.169301
v 50.477791 86.175034 2.169301
v 50.632698 84.578140 1.339146
v 50.489902 85.440384 1.318341
v 50.622013 86.115540 1.361518
v 73.147583 96.292381 2.169301
v 75.983627 95.122528 2.169301
v 73.980682 94.289429 0.000001
v 73.977493 96.458725 2.169301
v 74.807892 96.294823 2.169301
v 73.210999 96.139915 1.339146
v 74.073242 96.282715 1.318341
v 74.748398 96.150604 1.361518
v 74.656097 95.926826 0.916855
v 75.831169 95.059113 1.339146
v 75.396980 94.878525 0.635374
v 75.512352 95.825607 2.169301
v 75.320358 95.768280 1.318341
v 74.984909 95.581993 0.745688
v 73.661865 95.055923 0.165129
v 73.391594 95.705727 0.635374
v 74.747177 94.608246 0.165129
v 74.439583 95.401939 0.364419
v 74.179794 95.914093 0.745688
v 72.865692 36.343979 2.169301
v 70.029648 37.513832 2.169301
v 72.032593 38.346931 0.000001
v 72.035782 36.177631 2.169301
v 71.205383 36.341537 2.169301
v 72.802277 36.496445 1.339146
v 71.940041 36.353649 1.318341
v 71.264877 36.485760 1.361518
v 71.357178 36.709538 0.916855
v 70.182114 37.577248 1.339146
v 70.616295 37.757839 0.635374
v 70.500923 36.810749 2.169301
v 70.692924 36.868076 1.318341
v 71.028374 37.054367 0.745688
v 72.351410 37.580437 0.165129
v 72.621689 36.930634 0.635374
v 71.266098 38.028118 0.165129
v 71.573692 37.234421 0.364419
v 71.833481 36.722263 0.745688
v 94.363190 45.285583 2.169301
v 93.530090 47.288536 0.000001
v 95.533043 48.121635 2.169301
v 94.299774 45.438049 1.339146
v 94.119186 45.872238 0.635374
v 95.066269 45.756866 2.169301
v 95.008942 45.948860 1.318341
v 94.822662 46.284313 0.745688
v 95.167480 46.613125 0.916855
v 94.296585 47.607349 0.165129
v 94.946396 47.877625 0.635374
v 93.848907 46.522041 0.165129
v 94.642601 46.829636 0.364419
v 95.154755 47.089424 0.745688
v 95.699387 47.291725 2.169301
v 95.535484 46.461327 2.169301
v 95.380577 48.058220 1.339146
v 95.523376 47.195980 1.318341
v 95.391266 46.520817 1.361518
vn -0.3767 0.9153 -0.1422
vn 0.3835 -0.9125 -0.1422
vn 0.8028 0.3339 -0.4939
vn 0.4250 0.1812 -0.8869
vn 0.4281 0.1737 -0.8869
vn 0.9030 0.3756 -0.2086
vn -0.8817 -0.4718 -0.0000
vn 0.2901 -0.9570 -0.0000
vn -0.7085 -0.7057 -0.0000
vn -0.3862 -0.9224 -0.0001
vn -0.0029 -1.0000 -0.0001
vn 0.2887 -0.9481 0.1333
vn -0.8778 -0.4789 0.0157
vn 0.0034 -0.9923 0.1238
vn -0.3745 -0.9221 0.0973
vn -0.6972 -0.7147 0.0559
vn -0.8817 -0.4714 0.0206
vn 0.2870 -0.9483 0.1356
vn -0.7066 -0.7052 0.0583
vn -0.3870 -0.9167 0.0993
vn -0.0067 -0.9918 0.1272
vn -0.9584 -0.2849 0.0157
vn -0.4688 0.8732 0.1333
vn -0.9984 0.0094 0.0559
vn -0.9180 0.3846 0.0973
vn -0.7013 0.7020 0.1238
vn -0.9486 -0.3085 -0.0706
vn 0.5947 0.3484 -0.7246
vn -0.3494 0.9355 -0.0535
vn -0.3692 0.2212 -0.9026
vn 0.0898 0.3728 -0.9236
vn -0.5165 0.5665 -0.6421
vn 0.3518 0.6446 -0.6788
vn 0.5164 0.6291 -0.5810
vn 0.3022 0.6314 -0.7141
vn 0.3683 0.6649 0.6498
vn 0.3194 0.7759 -0.5441
vn 0.4237 0.8913 0.1613
vn 0.5093 0.5637 -0.6503
vn 0.2760 0.5282 -0.8030
vn -0.3888 0.8243 -0.4115
vn -0.5264 0.6863 -0.5019
vn -0.0172 0.9108 -0.4124
vn 0.0396 0.6073 -0.7935
vn 0.1271 0.6565 -0.7436
vn -0.4702 0.8721 0.1356
vn -0.9559 -0.2929 0.0206
vn -0.7081 0.6945 0.1272
vn -0.9230 0.3719 0.0993
vn -0.9983 -0.0040 0.0583
vn 0.6663 0.1761 -0.7246
vn -0.8875 -0.4553 -0.0706
vn 0.4171 -0.9073 -0.0535
vn 0.9308 -0.3279 0.1613
vn 0.3276 -0.1991 -0.9236
vn 0.7312 -0.2076 0.6498
vn 0.7588 -0.0363 -0.6503
vn 0.8102 -0.0773 -0.5810
vn 0.6609 -0.2309 -0.7141
vn 0.0376 -0.7657 -0.6421
vn 0.1156 -0.8572 -0.5019
vn -0.1034 -0.4178 -0.9026
vn 0.7051 -0.2050 -0.6788
vn 0.5552 -0.3727 -0.7436
vn 0.6338 -0.6544 -0.4124
vn 0.7754 -0.3205 -0.5441
vn 0.3105 -0.8569 -0.4115
vn 0.4586 -0.4000 -0.7935
vn 0.5692 -0.1767 -0.8030
vn -0.9562 -0.2927 -0.0000
vn -0.4737 0.8807 -0.0000
vn -1.0000 -0.0052 0.0001
vn -0.9264 0.3764 0.0001
vn -0.7108 0.7034 -0.0000
vn -0.0545 -0.1313 -0.9898
vn 0.2850 -0.9534 -0.0989
vn -0.8759 -0.4720 -0.1001
vn 0.0538 -0.3880 -0.9201
vn 0.1836 -0.6864 -0.7037
vn -0.3132 -0.2361 -0.9199
vn -0.2007 -0.4801 -0.8539
vn -0.0578 -0.7445 -0.6651
vn -0.3158 -0.7544 -0.5755
vn -0.0024 -0.9954 -0.0962
vn -0.3847 -0.9186 -0.0903
vn 0.2603 -0.8888 -0.3771
vn -0.0167 -0.9311 -0.3643
vn -0.3641 -0.8703 -0.3317
vn -0.8123 -0.4435 -0.3787
vn -0.6155 -0.3550 -0.7037
vn -0.7063 -0.7013 -0.0972
vn -0.6502 -0.6661 -0.3654
vn -0.4891 -0.5643 -0.6650
vn 0.1312 -0.0540 -0.9899
vn 0.9578 0.2564 -0.1296
vn 0.4710 -0.8765 -0.1000
vn 0.3878 0.0550 -0.9201
vn 0.6854 0.1855 -0.7041
vn 0.2362 -0.3122 -0.9202
vn 0.4803 -0.1981 -0.8545
vn 0.7438 -0.0532 -0.6663
vn 0.7548 -0.3114 -0.5774
vn 0.9887 -0.0867 -0.1225
vn 0.8979 -0.4283 -0.1015
vn 0.8872 0.2627 -0.3792
vn 0.9300 -0.0110 -0.3673
vn 0.8711 -0.3593 -0.3347
vn 0.4441 -0.8121 -0.3786
vn 0.3554 -0.6148 -0.7041
vn 0.6898 -0.7170 -0.1002
vn 0.6673 -0.6479 -0.3673
vn 0.5650 -0.4867 -0.6663
vn -0.1427 0.0587 -0.9880
vn -0.9538 -0.2802 -0.1085
vn -0.4809 0.8700 -0.1089
vn -0.3918 -0.0399 -0.9192
vn -0.6913 -0.1696 -0.7023
vn -0.2504 0.3037 -0.9193
vn -0.4639 0.1895 -0.8654
vn -0.7443 0.0493 -0.6660
vn -0.7563 0.3085 -0.5769
vn -0.9935 -0.0089 -0.1132
vn -0.9208 0.3746 -0.1089
vn -0.8925 -0.2489 -0.3761
vn -0.9357 -0.0085 -0.3528
vn -0.8734 0.3562 -0.3320
vn -0.4592 0.8046 -0.3766
vn -0.3719 0.6065 -0.7028
vn -0.7032 0.7018 -0.1137
vn -0.6616 0.6612 -0.3537
vn -0.5653 0.4860 -0.6665
vn 0.0541 0.1312 -0.9899
vn -0.2895 0.9519 -0.1005
vn 0.8572 0.4985 -0.1296
vn -0.0550 0.3878 -0.9201
vn -0.1855 0.6854 -0.7041
vn 0.3124 0.2362 -0.9201
vn 0.1981 0.4803 -0.8545
vn 0.0532 0.7438 -0.6663
vn 0.3113 0.7548 -0.5774
vn -0.0221 0.9947 -0.1002
vn 0.3293 0.9388 -0.1015
vn -0.2627 0.8872 -0.3792
vn 0.0110 0.9300 -0.3673
vn 0.3593 0.8711 -0.3347
vn 0.8118 0.4440 -0.3792
vn 0.6148 0.3553 -0.7041
vn 0.6356 0.7623 -0.1225
vn 0.6479 0.6673 -0.3673
vn 0.4867 0.5650 -0.6663
vn -0.9537 -0.3007 -0.0111
vn -0.4717 0.8708 -0.1386
vn -0.9986 -0.0210 -0.0486
vn -0.9270 0.3629 -0.0948
vn -0.7106 0.6922 -0.1260
vn 0.8079 0.1802 -0.5612
vn 0.4212 -0.9065 -0.0285
vn 0.8483 -0.1657 -0.5029
vn 0.7588 -0.5551 -0.3407
vn 0.5715 -0.8063 -0.1524
vn 0.2856 -0.9483 -0.1387
vn -0.8856 -0.4643 -0.0111
vn -0.0093 -0.9920 -0.1263
vn -0.3962 -0.9132 -0.0949
vn -0.7191 -0.6932 -0.0486
vn 0.0543 0.1313 -0.9899
vn -0.2862 0.9530 -0.0996
vn 0.8644 0.4904 -0.1114
vn -0.0544 0.3879 -0.9201
vn -0.1845 0.6859 -0.7039
vn 0.3128 0.2362 -0.9200
vn 0.1994 0.4802 -0.8542
vn 0.0555 0.7442 -0.6657
vn 0.3136 0.7546 -0.5764
vn -0.0004 0.9953 -0.0971
vn 0.3822 0.9196 -0.0911
vn -0.2615 0.8880 -0.3782
vn 0.0139 0.9306 -0.3658
vn 0.3618 0.8707 -0.3332
vn 0.8121 0.4437 -0.3789
vn 0.6151 0.3552 -0.7039
vn 0.7051 0.7024 -0.0976
vn 0.6490 0.6667 -0.3664
vn 0.4879 0.5647 -0.6657
vn -0.4809 0.8700 -0.1086
vn -0.6913 -0.1697 -0.7023
vn -0.2504 0.3036 -0.9193
vn -0.4592 0.8047 -0.3763
vn -0.3720 0.6065 -0.7027
vn -0.0577 -0.7445 -0.6651
vn 0.1425 -0.0586 -0.9881
vn 0.9585 0.2589 -0.1198
vn 0.4805 -0.8703 -0.1083
vn 0.3916 0.0397 -0.9193
vn 0.6912 0.1693 -0.7026
vn 0.2500 -0.3036 -0.9194
vn 0.4633 -0.1902 -0.8656
vn 0.7439 -0.0503 -0.6664
vn 0.7556 -0.3099 -0.5771
vn 0.9935 0.0072 -0.1135
vn 0.9198 -0.3768 -0.1092
vn 0.8925 0.2484 -0.3764
vn 0.9355 0.0071 -0.3533
vn 0.8726 -0.3578 -0.3325
vn 0.4588 -0.8051 -0.3759
vn 0.3715 -0.6067 -0.7028
vn 0.7020 -0.7030 -0.1138
vn 0.6604 -0.6623 -0.3538
vn 0.5644 -0.4869 -0.6666
vn -0.3458 0.9379 -0.0285
vn 0.6973 0.4459 -0.5612
vn -0.1685 0.9738 -0.1525
vn 0.1413 0.9295 -0.3407
vn 0.4804 0.7185 -0.5029
vn -0.8911 -0.4452 0.0886
vn 0.1221 -0.5996 0.7909
vn -0.7652 -0.5692 0.3007
vn -0.5241 -0.6618 0.5360
vn -0.1784 -0.6686 0.7219
vn 0.1168 -0.6016 0.7902
vn -0.8974 -0.4050 0.1750
vn -0.2269 -0.6698 0.7070
vn -0.5778 -0.6358 0.5118
vn -0.8060 -0.5185 0.2855
vn -0.9199 -0.3509 0.1750
vn -0.3443 0.5069 0.7902
vn -0.9360 -0.2060 0.2855
vn -0.8583 0.0385 0.5118
vn -0.6350 0.3113 0.7070
vn -0.9440 -0.3180 0.0881
vn -0.3373 0.5102 0.7911
vn -0.9435 -0.1411 0.2998
vn -0.8387 0.0958 0.5360
vn -0.5977 0.3466 0.7229
vn -0.4768 0.8654 -0.1542
vn -0.9542 -0.2902 0.0733
vn -0.1382 0.0482 0.9892
vn -0.7055 0.6925 -0.1507
vn -0.9236 0.3705 -0.0982
vn -0.4815 0.8563 0.1869
vn -0.7176 0.6785 0.1569
vn -0.9155 0.3647 0.1699
vn -0.8208 0.3267 0.4685
vn -0.8951 -0.2663 0.3576
vn -0.6967 -0.1931 0.6909
vn -1.0000 -0.0087 -0.0022
vn -0.9592 0.0044 0.2828
vn -0.7872 0.0454 0.6151
vn -0.2622 0.3275 0.9077
vn -0.4051 0.6735 0.6183
vn -0.4012 -0.0643 0.9137
vn -0.5267 0.2011 0.8259
vn -0.6397 0.5285 0.5581
vn -0.1114 0.0828 0.9903
vn -0.9332 -0.2449 0.2631
vn -0.3968 0.9053 -0.1518
vn -0.3840 0.0801 0.9198
vn -0.6730 0.0122 0.7395
vn -0.3021 0.4230 0.8543
vn -0.5722 0.4213 0.7036
vn -0.7024 0.3413 0.6246
vn -0.6889 0.4948 0.5296
vn -0.9477 0.1426 0.2854
vn -0.7425 0.6256 0.2396
vn -0.8669 -0.1162 0.4848
vn -0.8097 0.3160 0.4945
vn -0.6677 0.6263 0.4025
vn -0.4388 0.8940 0.0901
vn -0.4849 0.7606 0.4317
vn -0.5195 0.8509 0.0779
vn -0.5527 0.8011 0.2295
vn -0.6297 0.6441 0.4344
vn 0.3622 -0.9197 -0.1512
vn -0.8316 -0.4891 0.2631
vn -0.0187 -0.1404 0.9899
vn 0.2372 -0.9683 0.0779
vn -0.0798 -0.9676 0.2396
vn 0.3245 -0.9414 0.0922
vn 0.1784 -0.9568 0.2295
vn -0.0266 -0.9150 0.4025
vn -0.1348 -0.8375 0.5296
vn -0.6936 -0.5329 0.4848
vn -0.4658 -0.4859 0.7395
vn -0.5670 -0.7727 0.2854
vn -0.3467 -0.7970 0.4945
vn -0.2532 -0.7387 0.6246
vn 0.0875 -0.5146 0.8529
vn 0.1971 -0.8799 0.4323
vn -0.2140 -0.3288 0.9198
vn -0.1046 -0.7029 0.7036
vn 0.0128 -0.9006 0.4344
vn 0.2649 -0.9542 -0.1389
vn -0.0662 -0.1525 0.9861
vn -0.8711 -0.4841 0.0833
vn 0.2457 -0.9515 0.1853
vn 0.1687 -0.7698 0.6156
vn -0.0059 -0.9905 -0.1376
vn -0.0225 -0.9914 0.1290
vn -0.0893 -0.8280 0.5535
vn -0.3597 -0.8113 0.4608
vn -0.3187 -0.2537 0.9133
vn -0.6252 -0.3764 0.6837
vn 0.0298 -0.4263 0.9041
vn -0.2323 -0.4954 0.8370
vn -0.5303 -0.5874 0.6113
vn -0.7076 -0.7065 0.0133
vn -0.3944 -0.9154 -0.0812
vn -0.8117 -0.4625 0.3566
vn -0.6890 -0.6732 0.2685
vn -0.3952 -0.9045 0.1603
vn 0.8308 0.2553 -0.4945
vn 0.4741 -0.8531 -0.2178
vn 0.8658 -0.0041 -0.5005
vn 0.8108 -0.3508 -0.4686
vn 0.6588 -0.6575 -0.3656
vn 0.4925 0.1182 -0.8622
vn 0.4522 -0.8858 -0.1048
vn 0.5813 -0.1336 -0.8027
vn 0.6226 -0.4540 -0.6374
vn 0.5743 -0.7301 -0.3702
vn -0.2708 0.9377 -0.2178
vn 0.7669 0.4092 -0.4945
vn -0.0018 0.9308 -0.3656
vn 0.3228 0.8223 -0.4686
vn 0.6075 0.6169 -0.5005
vn -0.3094 0.9451 -0.1048
vn 0.4311 0.2659 -0.8622
vn -0.1129 0.9221 -0.3702
vn 0.1169 0.7616 -0.6374
vn 0.3151 0.5064 -0.8027
vn -0.3001 0.9430 -0.1439
vn 0.8507 0.4761 -0.2228
vn -0.0366 0.9803 -0.1940
vn 0.3218 0.9176 -0.2331
vn 0.6527 0.7178 -0.2423
vn 0.9374 0.2677 -0.2228
vn 0.4572 -0.8776 -0.1439
vn 0.9692 -0.0432 -0.2423
vn 0.8777 -0.4187 -0.2331
vn 0.6694 -0.7171 -0.1940
vn -0.8827 -0.3637 0.2977
vn -0.0842 -0.0352 0.9958
vn -0.7836 -0.3264 0.5286
vn -0.5825 -0.2430 0.7757
vn -0.3184 -0.1329 0.9386
vn -0.9183 -0.2676 0.2918
vn -0.1227 0.0592 0.9907
vn -0.4641 0.8786 0.1125
vn -0.8204 -0.2354 0.5212
vn -0.6149 -0.1584 0.7725
vn -0.9623 0.0164 0.2714
vn -0.8668 0.0282 0.4978
vn -0.6754 0.0681 0.7343
vn -0.6979 0.3104 0.6454
vn -0.2259 0.3164 0.9213
vn -0.3451 0.6126 0.7111
vn -0.3496 -0.0395 0.9361
vn -0.4397 0.2058 0.8742
vn -0.5293 0.4806 0.6992
vn -0.6728 0.7224 0.1593
vn -0.8897 0.3994 0.2211
vn -0.4361 0.8092 0.3938
vn -0.6401 0.6408 0.4239
vn -0.8235 0.3582 0.4399
vn -0.0843 -0.0349 0.9958
vn -0.8802 -0.3696 0.2977
vn -0.3187 -0.1321 0.9386
vn -0.5830 -0.2418 0.7756
vn -0.7839 -0.3256 0.5286
vn -0.8372 -0.4625 0.2918
vn 0.2959 -0.9486 0.1125
vn -0.0445 -0.1288 0.9907
vn -0.6668 -0.6940 0.2714
vn -0.3440 -0.9126 0.2211
vn -0.7453 -0.4159 0.5212
vn -0.5912 -0.6346 0.4978
vn -0.3266 -0.8366 0.4399
vn -0.2719 -0.7138 0.6454
vn 0.2664 -0.8798 0.3938
vn 0.1911 -0.6766 0.7111
vn 0.0380 -0.9865 0.1593
vn 0.0032 -0.9057 0.4239
vn -0.0323 -0.7142 0.6992
vn -0.2745 -0.2200 0.9361
vn -0.5459 -0.3244 0.7725
vn 0.0651 -0.3833 0.9213
vn -0.1640 -0.4569 0.8742
vn -0.4279 -0.5270 0.7343
vn 0.0923 0.0384 0.9950
vn 0.9183 0.3819 -0.1044
vn 0.3800 0.1580 0.9114
vn 0.7162 0.2979 0.6312
vn 0.9012 0.3748 0.2177
vn 0.8650 0.4941 -0.0875
vn -0.2904 0.9528 0.0881
vn 0.0611 0.1568 0.9857
vn 0.6833 0.7262 -0.0751
vn 0.3389 0.9402 -0.0339
vn 0.8400 0.4995 0.2118
vn 0.6650 0.7235 0.1852
vn 0.3350 0.9209 0.1991
vn 0.2960 0.8212 0.4879
vn -0.2556 0.8974 0.3597
vn -0.1807 0.7062 0.6845
vn -0.0290 0.9988 0.0383
vn -0.0308 0.9586 0.2830
vn 0.0287 0.7848 0.6191
vn 0.3212 0.2815 0.9042
vn 0.6561 0.4240 0.6243
vn -0.0484 0.4057 0.9127
vn 0.1782 0.5116 0.8405
vn 0.5005 0.6429 0.5798
vn 0.9602 0.2651 -0.0875
vn 0.1543 -0.0673 0.9857
vn 0.4710 -0.8777 0.0881
vn 0.9465 0.2436 0.2118
vn 0.7632 0.1663 0.6243
vn 0.9968 -0.0274 -0.0751
vn 0.9820 -0.0385 0.1852
vn 0.8088 -0.0983 0.5798
vn 0.7911 -0.3690 0.4879
vn 0.2536 -0.3203 0.9127
vn 0.3734 -0.6261 0.6845
vn 0.4261 0.0293 0.9042
vn 0.4884 -0.2343 0.8405
vn 0.5768 -0.5329 0.6191
vn 0.6879 -0.7248 0.0383
vn 0.9057 -0.4225 -0.0339
vn 0.4562 -0.8140 0.3597
vn 0.6581 -0.6977 0.2830
vn 0.8893 -0.4117 0.1991
vn -0.0541 -0.1312 -0.9899
vn 0.2875 -0.9525 -0.1004
vn -0.8754 -0.4728 -0.1004
vn 0.0550 -0.3878 -0.9201
vn 0.1855 -0.6854 -0.7041
vn -0.3124 -0.2362 -0.9201
vn -0.1981 -0.4803 -0.8545
vn -0.0532 -0.7438 -0.6663
vn -0.3114 -0.7548 -0.5774
vn 0.0032 -0.9952 -0.0981
vn -0.3797 -0.9205 -0.0919
vn 0.2627 -0.8872 -0.3792
vn -0.0110 -0.9300 -0.3673
vn -0.3593 -0.8711 -0.3347
vn -0.8118 -0.4440 -0.3792
vn -0.6148 -0.3553 -0.7041
vn -0.7039 -0.7035 -0.0981
vn -0.6479 -0.6673 -0.3673
vn -0.4867 -0.5650 -0.6663
vn 0.2875 -0.9525 0.1004
vn -0.0541 -0.1312 0.9899
vn -0.8754 -0.4728 0.1004
vn 0.2627 -0.8872 0.3792
vn 0.1855 -0.6854 0.7041
vn 0.0032 -0.9952 0.0981
vn -0.0110 -0.9300 0.3673
vn -0.0532 -0.7438 0.6663
vn -0.3114 -0.7548 0.5773
vn -0.3124 -0.2362 0.9201
vn -0.6148 -0.3553 0.7041
vn 0.0550 -0.3878 0.9201
vn -0.1981 -0.4803 0.8545
vn -0.4867 -0.5650 0.6663
vn -0.7039 -0.7035 0.0981
vn -0.3797 -0.9205 0.0919
vn -0.8118 -0.4440 0.3792
vn -0.6479 -0.6673 0.3673
vn -0.3593 -0.8711 0.3347
vn -0.1312 0.0541 -0.9899
vn -0.9525 -0.2875 -0.1004
vn -0.4728 0.8754 -0.1004
vn -0.3878 -0.0550 -0.9201
vn -0.6854 -0.1855 -0.7041
vn -0.2362 0.3124 -0.9201
vn -0.4803 0.1981 -0.8545
vn -0.7438 0.0532 -0.6663
vn -0.7548 0.3114 -0.5774
vn -0.9952 -0.0032 -0.0981
vn -0.9205 0.3797 -0.0919
vn -0.8872 -0.2627 -0.3792
vn -0.9300 0.0110 -0.3673
vn -0.8711 0.3593 -0.3347
vn -0.4440 0.8118 -0.3792
vn -0.3553 0.6148 -0.7041
vn -0.7035 0.7039 -0.0981
vn -0.6673 0.6479 -0.3673
vn -0.5650 0.4867 -0.6663
vn -0.1312 0.0541 0.9899
vn -0.4728 0.8754 0.1004
vn -0.9525 -0.2875 0.1004
vn -0.2362 0.3124 0.9201
vn -0.3553 0.6148 0.7041
vn -0.3878 -0.0550 0.9201
vn -0.4803 0.1981 0.8545
vn -0.5650 0.4867 0.6663
vn -0.7548 0.3114 0.5774
vn -0.7035 0.7039 0.0981
vn -0.9205 0.3797 0.0919
vn -0.4440 0.8118 0.3792
vn -0.6673 0.6479 0.3673
vn -0.8711 0.3593 0.3347
vn -0.8872 -0.2627 0.3792
vn -0.6854 -0.1855 0.7041
vn -0.9952 -0.0032 0.0981
vn -0.9300 0.0110 0.3673
vn -0.7438 0.0532 0.6663
vn 0.1312 -0.0541 -0.9899
vn 0.9525 0.2875 -0.1004
vn 0.4728 -0.8754 -0.1004
vn 0.2362 -0.3124 -0.9201
vn 0.9952 0.0032 -0.0981
vn 0.9205 -0.3797 -0.0919
vn 0.4440 -0.8118 -0.3792
vn 0.3553 -0.6148 -0.7041
vn 0.7035 -0.7039 -0.0981
vn 0.1312 -0.0541 0.9899
vn 0.4728 -0.8754 0.1004
vn 0.9525 0.2875 0.1004
vn 0.2362 -0.3124 0.9201
vn 0.3553 -0.6148 0.7041
vn 0.3878 0.0550 0.9201
vn 0.4803 -0.1981 0.8545
vn 0.5650 -0.4867 0.6663
vn 0.7548 -0.3113 0.5774
vn 0.7035 -0.7039 0.0981
vn 0.9205 -0.3797 0.0919
vn 0.4440 -0.8118 0.3792
vn 0.6673 -0.6479 0.3673
vn 0.8711 -0.3593 0.3347
vn 0.8872 0.2627 0.3792
vn 0.6854 0.1855 0.7041
vn 0.9952 0.0032 0.0981
vn 0.9300 -0.0110 0.3673
vn 0.7438 -0.0532 0.6663
vn -0.2875 0.9525 -0.1004
vn 0.8754 0.4728 -0.1004
vn 0.3114 0.7548 -0.5774
vn -0.0032 0.9952 -0.0981
vn 0.3797 0.9205 -0.0919
vn 0.7039 0.7035 -0.0981
vn 0.0541 0.1312 0.9899
vn 0.8754 0.4728 0.1004
vn -0.2875 0.9525 0.1004
vn 0.3124 0.2362 0.9201
vn 0.6148 0.3553 0.7041
vn -0.0550 0.3878 0.9201
vn 0.1981 0.4803 0.8545
vn 0.4867 0.5650 0.6663
vn 0.3114 0.7548 0.5774
vn 0.7039 0.7035 0.0981
vn 0.3797 0.9205 0.0919
vn 0.8118 0.4440 0.3792
vn 0.6479 0.6673 0.3673
vn 0.3593 0.8711 0.3347
vn -0.2627 0.8872 0.3792
vn -0.1855 0.6854 0.7041
vn -0.0032 0.9952 0.0981
vn 0.0110 0.9300 0.3673
vn 0.0532 0.7438 0.6663
vn -0.3113 -0.7548 0.5774
vn 0.7548 -0.3114 0.5774
vn 0.3113 0.7548 0.5774
vt 0.470547 0.264966
vt 0.447173 0.277852
vt 0.447173 0.041701
vt 0.470547 0.054587
vt 0.497406 0.264966
vt 0.497406 0.054587
vt 0.128187 0.671280
vt 0.131130 0.677698
vt 0.132320 0.678259
vt 0.130102 0.674497
vt 0.136440 0.679686
vt 0.136440 0.679686
vt 0.133529 0.679686
vt 0.132343 0.679686
vt 0.506585 0.046326
vt 0.509357 0.049487
vt 0.509377 0.050914
vt 0.506946 0.047555
vt 0.509992 0.054587
vt 0.509992 0.054587
vt 0.509992 0.054587
vt 0.509992 0.054587
vt 0.380121 0.865842
vt 0.383282 0.863969
vt 0.385445 0.864063
vt 0.383577 0.865221
vt 0.388382 0.861742
vt 0.388382 0.862929
vt 0.388382 0.865842
vt 0.388382 0.865842
vt 0.388382 0.863499
vt 0.506583 0.273227
vt 0.506929 0.271998
vt 0.508546 0.268638
vt 0.509334 0.270066
vt 0.509992 0.264966
vt 0.509992 0.264966
vt 0.509992 0.264966
vt 0.128187 0.477713
vt 0.130102 0.474496
vt 0.132320 0.470734
vt 0.131130 0.471295
vt 0.132343 0.469307
vt 0.133529 0.469307
vt 0.136440 0.469307
vt 0.136440 0.469307
vt 0.134099 0.469307
vt 0.870045 0.393180
vt 0.866588 0.392559
vt 0.864720 0.391401
vt 0.866883 0.391307
vt 0.861783 0.393180
vt 0.861783 0.393180
vt 0.861783 0.390266
vt 0.861783 0.389080
vt 0.617269 0.273227
vt 0.617269 0.270052
vt 0.620366 0.269994
vt 0.620290 0.273248
vt 0.617269 0.264966
vt 0.620209 0.264966
vt 0.625164 0.270179
vt 0.625164 0.273272
vt 0.621827 0.264966
vt 0.958712 0.434649
vt 0.961873 0.434649
vt 0.961952 0.437889
vt 0.958712 0.437809
vt 0.966973 0.434649
vt 0.966973 0.437724
vt 0.961788 0.442908
vt 0.958712 0.442908
vt 0.966973 0.439417
vt 0.373999 0.749899
vt 0.374314 0.753042
vt 0.371078 0.753467
vt 0.370835 0.750237
vt 0.374830 0.758111
vt 0.371755 0.758439
vt 0.366021 0.753841
vt 0.365696 0.750785
vt 0.370062 0.758620
vt 0.532532 0.273227
vt 0.529511 0.273227
vt 0.529435 0.269986
vt 0.532532 0.270066
vt 0.524637 0.273227
vt 0.524637 0.270151
vt 0.529593 0.264966
vt 0.532532 0.264966
vt 0.524123 0.266712
vt 0.522205 0.273227
vt 0.522205 0.270066
vt 0.523159 0.269986
vt 0.523136 0.273227
vt 0.522205 0.264966
vt 0.523111 0.264966
vt 0.870045 0.434649
vt 0.870045 0.437809
vt 0.866804 0.437889
vt 0.866883 0.434649
vt 0.870045 0.442908
vt 0.866968 0.442908
vt 0.861783 0.437724
vt 0.861783 0.434649
vt 0.865275 0.442908
vt 0.617269 0.046326
vt 0.620290 0.046305
vt 0.620184 0.049361
vt 0.617269 0.049487
vt 0.625164 0.046281
vt 0.625164 0.049269
vt 0.620109 0.054587
vt 0.617269 0.054587
vt 0.625164 0.051058
vt 0.958776 0.119283
vt 0.961954 0.119622
vt 0.961533 0.122642
vt 0.958462 0.122426
vt 0.967080 0.120169
vt 0.966765 0.123122
vt 0.960917 0.127812
vt 0.957945 0.127495
vt 0.966576 0.124889
vt 0.291454 0.907311
vt 0.291454 0.910472
vt 0.288404 0.910360
vt 0.288292 0.907311
vt 0.291454 0.915570
vt 0.288482 0.915570
vt 0.283192 0.910282
vt 0.283193 0.907311
vt 0.286703 0.915570
vt 0.532532 0.046326
vt 0.532532 0.049487
vt 0.529435 0.049566
vt 0.529511 0.046326
vt 0.532532 0.054587
vt 0.529593 0.054587
vt 0.524637 0.049402
vt 0.524637 0.046326
vt 0.526306 0.052841
vt 0.380121 0.907311
vt 0.383282 0.907311
vt 0.383361 0.910551
vt 0.380121 0.910472
vt 0.388382 0.907311
vt 0.388382 0.910387
vt 0.383197 0.915570
vt 0.380121 0.915570
vt 0.388382 0.912079
vt 0.522205 0.046326
vt 0.523136 0.046326
vt 0.523159 0.049566
vt 0.522205 0.049487
vt 0.523111 0.054587
vt 0.522205 0.054587
vt 0.532532 0.295647
vt 0.532532 0.298816
vt 0.529436 0.298884
vt 0.529511 0.295637
vt 0.532532 0.303908
vt 0.529593 0.303908
vt 0.524637 0.298709
vt 0.524637 0.295625
vt 0.526305 0.302157
vt 0.238886 0.592450
vt 0.242047 0.592450
vt 0.242127 0.595690
vt 0.238886 0.595610
vt 0.247147 0.592450
vt 0.247147 0.595525
vt 0.241962 0.600709
vt 0.238886 0.600709
vt 0.247147 0.597218
vt 0.522205 0.295602
vt 0.523136 0.295612
vt 0.523159 0.298864
vt 0.522205 0.298774
vt 0.523111 0.303908
vt 0.522205 0.303908
vt 0.617269 0.295647
vt 0.620290 0.295627
vt 0.620184 0.298683
vt 0.617269 0.298809
vt 0.625164 0.295602
vt 0.625164 0.298591
vt 0.620109 0.303908
vt 0.617269 0.303908
vt 0.625164 0.300379
vt 0.396115 0.747540
vt 0.399292 0.747201
vt 0.399518 0.750242
vt 0.396470 0.750679
vt 0.404418 0.746655
vt 0.404733 0.749607
vt 0.400006 0.755425
vt 0.397035 0.755742
vt 0.404922 0.751374
vt 0.150219 0.592450
vt 0.150219 0.595611
vt 0.147169 0.595499
vt 0.147058 0.592450
vt 0.150219 0.600709
vt 0.147247 0.600709
vt 0.141958 0.595421
vt 0.141958 0.592450
vt 0.145468 0.600709
vt 0.617269 0.023906
vt 0.617269 0.020731
vt 0.620366 0.020673
vt 0.620290 0.023926
vt 0.617269 0.015644
vt 0.620209 0.015644
vt 0.625164 0.020858
vt 0.625164 0.023950
vt 0.621827 0.015644
vt 0.295575 0.781197
vt 0.298737 0.781197
vt 0.298816 0.784437
vt 0.295575 0.784358
vt 0.303836 0.781197
vt 0.303836 0.784273
vt 0.298652 0.789456
vt 0.295575 0.789456
vt 0.303836 0.785966
vt 0.936660 0.116924
vt 0.936305 0.120063
vt 0.933052 0.119795
vt 0.933496 0.116587
vt 0.935740 0.125126
vt 0.932665 0.124798
vt 0.928031 0.119094
vt 0.928357 0.116038
vt 0.930972 0.124618
vt 0.532532 0.023906
vt 0.529511 0.023916
vt 0.529618 0.020863
vt 0.532532 0.020744
vt 0.524637 0.023928
vt 0.524637 0.020948
vt 0.529692 0.015644
vt 0.532532 0.015644
vt 0.524120 0.017403
vt 0.522205 0.023951
vt 0.522205 0.020772
vt 0.523103 0.020877
vt 0.523136 0.023941
vt 0.522205 0.015644
vt 0.523080 0.015644
vt 0.206908 0.781197
vt 0.206908 0.784358
vt 0.203858 0.784247
vt 0.203747 0.781197
vt 0.206908 0.789456
vt 0.203936 0.789456
vt 0.198647 0.784169
vt 0.198647 0.781197
vt 0.202157 0.789456
vt 0.150219 0.487541
vt 0.147058 0.487780
vt 0.146978 0.484787
vt 0.150219 0.484588
vt 0.141958 0.488334
vt 0.141958 0.485399
vt 0.147143 0.479533
vt 0.150219 0.479533
vt 0.141958 0.483893
vt 0.395562 0.642713
vt 0.396118 0.639524
vt 0.399393 0.639023
vt 0.398743 0.642304
vt 0.396338 0.634330
vt 0.399321 0.634012
vt 0.404301 0.639340
vt 0.403805 0.642324
vt 0.400852 0.633849
vt 0.699206 0.833960
vt 0.702229 0.833960
vt 0.702059 0.837200
vt 0.698993 0.837121
vt 0.707467 0.833960
vt 0.707467 0.837036
vt 0.701461 0.842221
vt 0.698461 0.842221
vt 0.707467 0.838729
vt 0.699206 0.745293
vt 0.699206 0.742004
vt 0.702153 0.739609
vt 0.702283 0.741767
vt 0.699206 0.737032
vt 0.702085 0.737032
vt 0.707467 0.737306
vt 0.707467 0.737670
vt 0.703770 0.737032
vt 0.057178 0.425740
vt 0.060478 0.422663
vt 0.062686 0.422793
vt 0.060425 0.425740
vt 0.064390 0.417479
vt 0.064876 0.417479
vt 0.065332 0.422861
vt 0.065332 0.425740
vt 0.065228 0.417479
vt 0.253932 0.487310
vt 0.250554 0.484462
vt 0.249201 0.482185
vt 0.251526 0.483532
vt 0.246509 0.479533
vt 0.246873 0.479533
vt 0.247241 0.479110
vt 0.247341 0.478601
vt 0.247147 0.479533
vt 0.191862 0.676058
vt 0.194269 0.672278
vt 0.196593 0.670568
vt 0.195240 0.673209
vt 0.198453 0.667346
vt 0.198553 0.667828
vt 0.198922 0.668280
vt 0.199286 0.668280
vt 0.198626 0.668177
vt 0.057178 0.723253
vt 0.060425 0.723253
vt 0.062686 0.726200
vt 0.060478 0.726330
vt 0.065332 0.723253
vt 0.065332 0.726132
vt 0.064876 0.731514
vt 0.064390 0.731514
vt 0.065332 0.727817
vt 0.676786 0.856000
vt 0.673708 0.852474
vt 0.673839 0.850316
vt 0.676786 0.852710
vt 0.668525 0.848377
vt 0.668525 0.848013
vt 0.673907 0.847738
vt 0.676786 0.847738
vt 0.668525 0.847738
vt 0.295575 0.676288
vt 0.295575 0.673387
vt 0.298625 0.673938
vt 0.298737 0.676865
vt 0.295575 0.668280
vt 0.298547 0.668280
vt 0.303836 0.674470
vt 0.303836 0.677538
vt 0.300326 0.668280
vt 0.676786 0.944667
vt 0.677338 0.947828
vt 0.674333 0.947717
vt 0.673793 0.944667
vt 0.677989 0.952928
vt 0.674858 0.952928
vt 0.668525 0.947639
vt 0.668525 0.944667
vt 0.673141 0.952928
vt 0.937213 0.012097
vt 0.934073 0.012034
vt 0.933777 0.008771
vt 0.936999 0.008898
vt 0.929047 0.012171
vt 0.928528 0.009053
vt 0.933779 0.003431
vt 0.936892 0.003763
vt 0.928243 0.007339
vt 0.010913 0.425740
vt 0.007645 0.425740
vt 0.007448 0.422499
vt 0.010819 0.422579
vt 0.002759 0.425740
vt 0.002759 0.422664
vt 0.007350 0.417479
vt 0.010497 0.417479
vt 0.002759 0.420970
vt 0.317615 0.723253
vt 0.317519 0.726414
vt 0.314104 0.726493
vt 0.314304 0.723253
vt 0.317193 0.731514
vt 0.314006 0.731514
vt 0.309354 0.726329
vt 0.309354 0.723253
vt 0.312165 0.731514
vt 0.266755 0.425738
vt 0.263562 0.425698
vt 0.264107 0.422484
vt 0.267366 0.422604
vt 0.258439 0.425153
vt 0.259087 0.422032
vt 0.264685 0.417479
vt 0.267873 0.417479
vt 0.259461 0.420231
vt 0.010913 0.723253
vt 0.010819 0.726414
vt 0.007448 0.726494
vt 0.007645 0.723253
vt 0.010497 0.731514
vt 0.007350 0.731514
vt 0.002759 0.726329
vt 0.002759 0.723253
vt 0.005534 0.731514
vt 0.179039 0.614486
vt 0.178429 0.611351
vt 0.181688 0.611231
vt 0.182233 0.614446
vt 0.177922 0.606226
vt 0.181110 0.606226
vt 0.186707 0.610780
vt 0.187355 0.613900
vt 0.182950 0.606226
vt 0.317615 0.425740
vt 0.314304 0.425740
vt 0.314104 0.422499
vt 0.317519 0.422579
vt 0.309354 0.425740
vt 0.309354 0.422664
vt 0.314006 0.417479
vt 0.317193 0.417479
vt 0.309354 0.420970
vt 0.420570 0.308469
vt 0.420784 0.311655
vt 0.419328 0.311553
vt 0.419106 0.308484
vt 0.421044 0.316794
vt 0.419542 0.316794
vt 0.416583 0.311485
vt 0.416583 0.308501
vt 0.418699 0.316794
vt 0.293031 0.425738
vt 0.293615 0.422577
vt 0.297018 0.422776
vt 0.296465 0.425955
vt 0.294303 0.417479
vt 0.297527 0.417479
vt 0.302590 0.423480
vt 0.301957 0.426529
vt 0.299340 0.417479
vt 0.344896 0.723253
vt 0.347930 0.723238
vt 0.347376 0.726293
vt 0.344312 0.726414
vt 0.353157 0.723221
vt 0.353157 0.726205
vt 0.346848 0.731514
vt 0.343624 0.731514
vt 0.353157 0.727990
vt 0.420570 0.011084
vt 0.419106 0.011069
vt 0.419328 0.008000
vt 0.420784 0.007898
vt 0.416583 0.011052
vt 0.416583 0.008068
vt 0.419542 0.002759
vt 0.421044 0.002759
vt 0.416583 0.006282
vt 0.344896 0.425740
vt 0.344312 0.422579
vt 0.347376 0.422700
vt 0.347930 0.425755
vt 0.343624 0.417479
vt 0.346848 0.417479
vt 0.353157 0.422788
vt 0.353157 0.425772
vt 0.348661 0.417479
vt 0.152763 0.614485
vt 0.149330 0.614703
vt 0.148776 0.611524
vt 0.152180 0.611325
vt 0.143837 0.615276
vt 0.143204 0.612228
vt 0.148267 0.606226
vt 0.151491 0.606226
vt 0.142849 0.610519
vt 0.958711 0.661690
vt 0.961873 0.661690
vt 0.961952 0.664787
vt 0.958712 0.664711
vt 0.966973 0.661690
vt 0.966973 0.664630
vt 0.961788 0.669585
vt 0.958712 0.669585
vt 0.966973 0.666248
vt 0.901413 0.892797
vt 0.901413 0.889636
vt 0.904653 0.889557
vt 0.904574 0.892797
vt 0.901413 0.884536
vt 0.904489 0.884536
vt 0.909672 0.889721
vt 0.909673 0.892797
vt 0.906182 0.884536
vt 0.988988 0.419240
vt 0.992146 0.419240
vt 0.992225 0.422480
vt 0.988988 0.422401
vt 0.997241 0.419240
vt 0.997241 0.422316
vt 0.992061 0.427501
vt 0.988988 0.427501
vt 0.997241 0.424009
vt 0.893163 0.892797
vt 0.890002 0.892797
vt 0.889923 0.889556
vt 0.893163 0.889636
vt 0.884904 0.892797
vt 0.884904 0.889721
vt 0.890088 0.884536
vt 0.893163 0.884536
vt 0.884904 0.888027
vt 0.749649 0.306599
vt 0.749649 0.309761
vt 0.746409 0.309840
vt 0.746488 0.306599
vt 0.749649 0.314860
vt 0.746573 0.314860
vt 0.741388 0.309675
vt 0.741388 0.306599
vt 0.744880 0.314860
vt 0.980743 0.419240
vt 0.980743 0.422401
vt 0.977506 0.422480
vt 0.977585 0.419240
vt 0.980743 0.427501
vt 0.977670 0.427501
vt 0.972490 0.422316
vt 0.972490 0.419240
vt 0.975978 0.427501
vt 0.870045 0.661690
vt 0.870045 0.664711
vt 0.866804 0.664787
vt 0.866883 0.661690
vt 0.870045 0.669585
vt 0.866968 0.669585
vt 0.861783 0.664630
vt 0.861784 0.661690
vt 0.865275 0.669585
vt 0.988988 0.330573
vt 0.988988 0.327411
vt 0.992225 0.327332
vt 0.992146 0.330573
vt 0.988988 0.322312
vt 0.992061 0.322312
vt 0.997241 0.327497
vt 0.997241 0.330573
vt 0.993753 0.322312
vt 0.871127 0.981464
vt 0.874288 0.981464
vt 0.874367 0.984705
vt 0.871127 0.984626
vt 0.879386 0.981464
vt 0.879386 0.984540
vt 0.874203 0.989725
vt 0.871127 0.989725
vt 0.879386 0.986234
vt 0.838316 0.306599
vt 0.841478 0.306599
vt 0.841557 0.309840
vt 0.838316 0.309761
vt 0.846578 0.306599
vt 0.846577 0.309675
vt 0.841392 0.314860
vt 0.838316 0.314860
vt 0.846577 0.311369
vt 0.862877 0.981464
vt 0.862877 0.984625
vt 0.859637 0.984705
vt 0.859716 0.981464
vt 0.862877 0.989725
vt 0.859801 0.989725
vt 0.854618 0.984540
vt 0.854618 0.981464
vt 0.858109 0.989725
vt 0.980743 0.330573
vt 0.977585 0.330573
vt 0.977506 0.327332
vt 0.980743 0.327411
vt 0.972490 0.330573
vt 0.972490 0.327497
vt 0.977670 0.322312
vt 0.980743 0.322312
vt 0.972490 0.325803
vt 0.958712 0.576953
vt 0.958712 0.573932
vt 0.961952 0.573856
vt 0.961873 0.576953
vt 0.958712 0.569058
vt 0.961788 0.569058
vt 0.966973 0.574014
vt 0.966973 0.576953
vt 0.965227 0.568544
vt 0.958712 0.566626
vt 0.961873 0.566626
vt 0.961952 0.567580
vt 0.958712 0.567557
vt 0.966973 0.566626
vt 0.966973 0.567532
vt 0.901413 0.981464
vt 0.904574 0.981464
vt 0.904653 0.984705
vt 0.901413 0.984625
vt 0.909672 0.981464
vt 0.909672 0.984540
vt 0.904489 0.989725
vt 0.901413 0.989725
vt 0.909672 0.986234
vt 0.749649 0.217932
vt 0.746488 0.217932
vt 0.746409 0.214691
vt 0.749649 0.214771
vt 0.741388 0.217932
vt 0.741388 0.214856
vt 0.746573 0.209671
vt 0.749649 0.209671
vt 0.741388 0.213163
vt 0.893163 0.981464
vt 0.893163 0.984625
vt 0.889923 0.984705
vt 0.890002 0.981464
vt 0.893163 0.989725
vt 0.890088 0.989725
vt 0.884904 0.984540
vt 0.884904 0.981464
vt 0.888395 0.989725
vt 0.958712 0.564196
vt 0.958711 0.563265
vt 0.961952 0.563242
vt 0.961873 0.564196
vt 0.958712 0.561764
vt 0.961788 0.561764
vt 0.966973 0.563290
vt 0.966973 0.564196
vt 0.963481 0.561764
vt 0.870045 0.576953
vt 0.866883 0.576954
vt 0.866804 0.573856
vt 0.870045 0.573932
vt 0.861783 0.576953
vt 0.861783 0.574014
vt 0.866968 0.569058
vt 0.870045 0.569058
vt 0.863529 0.570727
vt 0.871127 0.892797
vt 0.871127 0.889636
vt 0.874367 0.889557
vt 0.874288 0.892797
vt 0.871127 0.884536
vt 0.874203 0.884536
vt 0.879386 0.889721
vt 0.879386 0.892797
vt 0.875896 0.884536
vt 0.870045 0.566626
vt 0.870045 0.567557
vt 0.866804 0.567580
vt 0.866883 0.566626
vt 0.861783 0.567532
vt 0.861783 0.566626
vt 0.838316 0.217932
vt 0.838316 0.214771
vt 0.841557 0.214692
vt 0.841478 0.217932
vt 0.838316 0.209671
vt 0.841392 0.209671
vt 0.846578 0.214856
vt 0.846578 0.217932
vt 0.843086 0.209671
vt 0.870045 0.564196
vt 0.866883 0.564196
vt 0.866804 0.563242
vt 0.870045 0.563265
vt 0.861783 0.564196
vt 0.861783 0.563290
vt 0.866968 0.561764
vt 0.870045 0.561764
vt 0.861783 0.562792
vt 0.862877 0.892797
vt 0.859716 0.892797
vt 0.859637 0.889557
vt 0.862877 0.889636
vt 0.854618 0.892797
vt 0.854618 0.889721
vt 0.859802 0.884536
vt 0.862877 0.884536
vt 0.854618 0.888028
vt 0.958712 0.548351
vt 0.961873 0.548351
vt 0.961952 0.551448
vt 0.958712 0.551373
vt 0.966973 0.548351
vt 0.966973 0.551291
vt 0.961788 0.556246
vt 0.958712 0.556246
vt 0.966973 0.552910
vt 0.979096 0.217932
vt 0.979096 0.214771
vt 0.982336 0.214692
vt 0.982256 0.217932
vt 0.979096 0.209671
vt 0.982171 0.209671
vt 0.987355 0.214856
vt 0.987355 0.217932
vt 0.983864 0.209671
vt 0.961974 0.981464
vt 0.965132 0.981464
vt 0.965211 0.984705
vt 0.961974 0.984626
vt 0.970227 0.981464
vt 0.970227 0.984540
vt 0.965047 0.989725
vt 0.961974 0.989725
vt 0.970227 0.986234
vt 0.970845 0.217932
vt 0.967685 0.217932
vt 0.967606 0.214692
vt 0.970845 0.214771
vt 0.962586 0.217932
vt 0.962586 0.214856
vt 0.967770 0.209671
vt 0.970845 0.209671
vt 0.962586 0.213163
vt 0.638942 0.306599
vt 0.638942 0.309761
vt 0.635702 0.309840
vt 0.635781 0.306599
vt 0.638942 0.314860
vt 0.635866 0.314860
vt 0.630681 0.309675
vt 0.630681 0.306599
vt 0.634173 0.314860
vt 0.953729 0.981464
vt 0.953729 0.984626
vt 0.950492 0.984705
vt 0.950571 0.981464
vt 0.953729 0.989725
vt 0.950656 0.989725
vt 0.945476 0.984540
vt 0.945476 0.981464
vt 0.948964 0.989725
vt 0.870045 0.548351
vt 0.870045 0.551373
vt 0.866804 0.551448
vt 0.866883 0.548351
vt 0.870045 0.556246
vt 0.866968 0.556246
vt 0.861783 0.551291
vt 0.861784 0.548351
vt 0.865275 0.556246
vt 0.961974 0.892797
vt 0.961974 0.889636
vt 0.965211 0.889557
vt 0.965132 0.892797
vt 0.961974 0.884536
vt 0.965047 0.884536
vt 0.970227 0.889721
vt 0.970227 0.892797
vt 0.966739 0.884536
vt 0.931699 0.981464
vt 0.934860 0.981464
vt 0.934939 0.984705
vt 0.931699 0.984626
vt 0.939958 0.981464
vt 0.939958 0.984540
vt 0.934775 0.989725
vt 0.931699 0.989725
vt 0.939958 0.986234
vt 0.727609 0.306599
vt 0.730771 0.306599
vt 0.730850 0.309840
vt 0.727609 0.309760
vt 0.735871 0.306599
vt 0.735871 0.309675
vt 0.730686 0.314860
vt 0.727609 0.314860
vt 0.735871 0.311369
vt 0.923449 0.981464
vt 0.923449 0.984626
vt 0.920209 0.984705
vt 0.920288 0.981464
vt 0.923449 0.989725
vt 0.920374 0.989725
vt 0.915190 0.984540
vt 0.915190 0.981464
vt 0.918681 0.989725
vt 0.953729 0.892797
vt 0.950571 0.892797
vt 0.950492 0.889557
vt 0.953729 0.889636
vt 0.945476 0.892797
vt 0.945476 0.889721
vt 0.950656 0.884536
vt 0.953729 0.884536
vt 0.945476 0.888028
vt 0.958712 0.463615
vt 0.958712 0.460594
vt 0.961952 0.460518
vt 0.961873 0.463615
vt 0.958712 0.455720
vt 0.961788 0.455720
vt 0.966973 0.460675
vt 0.966973 0.463615
vt 0.965227 0.455206
vt 0.958712 0.453288
vt 0.961873 0.453288
vt 0.961952 0.454242
vt 0.958712 0.454218
vt 0.966973 0.453287
vt 0.966973 0.454193
vt 0.979096 0.306599
vt 0.982256 0.306599
vt 0.982336 0.309840
vt 0.979096 0.309761
vt 0.987355 0.306599
vt 0.987355 0.309675
vt 0.982171 0.314860
vt 0.979096 0.314860
vt 0.987355 0.311369
vt 0.638942 0.217932
vt 0.635781 0.217932
vt 0.635702 0.214692
vt 0.638942 0.214771
vt 0.630681 0.217932
vt 0.630681 0.214856
vt 0.635866 0.209671
vt 0.638942 0.209671
vt 0.630681 0.213163
vt 0.970845 0.306599
vt 0.970846 0.309761
vt 0.967606 0.309840
vt 0.967685 0.306599
vt 0.970845 0.314860
vt 0.967770 0.314860
vt 0.962586 0.309675
vt 0.962586 0.306599
vt 0.966077 0.314860
vt 0.958711 0.450858
vt 0.958712 0.449927
vt 0.961952 0.449904
vt 0.961873 0.450858
vt 0.958712 0.448425
vt 0.961788 0.448425
vt 0.966973 0.449952
vt 0.966973 0.450858
vt 0.963481 0.448425
vt 0.870045 0.463615
vt 0.866883 0.463615
vt 0.866804 0.460518
vt 0.870045 0.460594
vt 0.861783 0.463615
vt 0.861783 0.460675
vt 0.866968 0.455720
vt 0.870045 0.455720
vt 0.863529 0.457388
vt 0.931699 0.892797
vt 0.931699 0.889636
vt 0.934939 0.889557
vt 0.934860 0.892797
vt 0.931699 0.884536
vt 0.934775 0.884536
vt 0.939958 0.889721
vt 0.939958 0.892797
vt 0.936468 0.884536
vt 0.870045 0.453288
vt 0.870045 0.454218
vt 0.866804 0.454242
vt 0.866883 0.453288
vt 0.861783 0.454193
vt 0.861783 0.453288
vt 0.727609 0.217932
vt 0.727609 0.214771
vt 0.730850 0.214691
vt 0.730771 0.217932
vt 0.727609 0.209671
vt 0.730686 0.209671
vt 0.735871 0.214856
vt 0.735871 0.217932
vt 0.732379 0.209671
vt 0.870045 0.450858
vt 0.866883 0.450858
vt 0.866804 0.449903
vt 0.870045 0.449927
vt 0.861783 0.450858
vt 0.861783 0.449952
vt 0.866968 0.448425
vt 0.870045 0.448425
vt 0.861783 0.449453
vt 0.923449 0.892797
vt 0.920288 0.892797
vt 0.920209 0.889557
vt 0.923449 0.889636
vt 0.915190 0.892797
vt 0.915190 0.889721
vt 0.920373 0.884536
vt 0.923449 0.884536
vt 0.915190 0.888028
vt 0.915600 0.306599
vt 0.915600 0.309761
vt 0.912360 0.309840
vt 0.912439 0.306599
vt 0.915600 0.314860
vt 0.912524 0.314860
vt 0.907341 0.309675
vt 0.907341 0.306599
vt 0.910831 0.314860
vt 0.366928 0.425740
vt 0.363770 0.425740
vt 0.363691 0.422499
vt 0.366928 0.422579
vt 0.358675 0.425740
vt 0.358675 0.422664
vt 0.363855 0.417479
vt 0.366928 0.417479
vt 0.358675 0.420970
vt 0.566079 0.939149
vt 0.566079 0.942311
vt 0.562838 0.942390
vt 0.562918 0.939149
vt 0.566079 0.947410
vt 0.563003 0.947410
vt 0.557818 0.942226
vt 0.557818 0.939149
vt 0.561309 0.947410
vt 0.915600 0.217932
vt 0.912439 0.217932
vt 0.912360 0.214692
vt 0.915600 0.214771
vt 0.907341 0.217932
vt 0.907341 0.214856
vt 0.912524 0.209671
vt 0.915600 0.209671
vt 0.907341 0.213163
vt 0.654746 0.939149
vt 0.657907 0.939149
vt 0.657987 0.942390
vt 0.654746 0.942311
vt 0.663007 0.939149
vt 0.663007 0.942225
vt 0.657822 0.947410
vt 0.654746 0.947410
vt 0.663007 0.943919
vt 0.005191 0.939149
vt 0.005191 0.942311
vt 0.004237 0.942390
vt 0.004260 0.939149
vt 0.005191 0.947410
vt 0.004285 0.947410
vt 0.002759 0.942225
vt 0.002759 0.939149
vt 0.003787 0.947410
vt 0.860354 0.217932
vt 0.857193 0.217932
vt 0.857114 0.214692
vt 0.860354 0.214771
vt 0.852095 0.217932
vt 0.852095 0.214856
vt 0.857279 0.209671
vt 0.860354 0.209671
vt 0.852095 0.213163
vt 0.566079 0.745293
vt 0.562918 0.745293
vt 0.562838 0.742052
vt 0.566079 0.742132
vt 0.557818 0.745293
vt 0.557818 0.742217
vt 0.563003 0.737032
vt 0.566079 0.737032
vt 0.557818 0.740523
vt 0.366928 0.619596
vt 0.366928 0.622758
vt 0.363691 0.622837
vt 0.363770 0.619596
vt 0.366928 0.627858
vt 0.363855 0.627858
vt 0.358675 0.622673
vt 0.358675 0.619596
vt 0.362163 0.627858
vt 0.860354 0.306599
vt 0.860354 0.309761
vt 0.857114 0.309840
vt 0.857193 0.306599
vt 0.860354 0.314860
vt 0.857279 0.314860
vt 0.852095 0.309675
vt 0.852095 0.306599
vt 0.855586 0.314860
vt 0.005191 0.745293
vt 0.004260 0.745293
vt 0.004237 0.742052
vt 0.005191 0.742131
vt 0.002759 0.745293
vt 0.002759 0.742217
vt 0.004285 0.737032
vt 0.005191 0.737032
vt 0.002759 0.740523
vt 0.654746 0.745293
vt 0.654746 0.742132
vt 0.657987 0.742052
vt 0.657907 0.745293
vt 0.654746 0.737032
vt 0.657822 0.737032
vt 0.663007 0.742217
vt 0.663007 0.745293
vt 0.659516 0.737032
vt 0.948810 0.306599
vt 0.951970 0.306599
vt 0.952050 0.309840
vt 0.948810 0.309761
vt 0.957069 0.306599
vt 0.957069 0.309675
vt 0.951885 0.314860
vt 0.948810 0.314860
vt 0.957069 0.311369
vt 0.110036 0.939149
vt 0.113057 0.939149
vt 0.113133 0.942390
vt 0.110036 0.942311
vt 0.117931 0.939149
vt 0.117931 0.942225
vt 0.112976 0.947410
vt 0.110036 0.947410
vt 0.117931 0.943919
vt 0.400115 0.425740
vt 0.400115 0.422579
vt 0.403352 0.422499
vt 0.403273 0.425740
vt 0.400115 0.417479
vt 0.403188 0.417479
vt 0.408368 0.422664
vt 0.408368 0.425740
vt 0.404880 0.417479
vt 0.948810 0.217932
vt 0.948810 0.214771
vt 0.952050 0.214691
vt 0.951970 0.217932
vt 0.948810 0.209671
vt 0.951885 0.209671
vt 0.957069 0.214856
vt 0.957069 0.217932
vt 0.953578 0.209671
vt 0.014972 0.939149
vt 0.015903 0.939149
vt 0.015926 0.942390
vt 0.014972 0.942311
vt 0.017404 0.939149
vt 0.017404 0.942225
vt 0.015878 0.947410
vt 0.014972 0.947410
vt 0.019073 0.945665
vt 0.025299 0.939149
vt 0.025299 0.942311
vt 0.022202 0.942390
vt 0.022278 0.939149
vt 0.025299 0.947410
vt 0.022359 0.947410
vt 0.893564 0.217932
vt 0.893564 0.214771
vt 0.896804 0.214692
vt 0.896725 0.217932
vt 0.893564 0.209671
vt 0.896639 0.209671
vt 0.901823 0.214856
vt 0.901823 0.217932
vt 0.898332 0.209671
vt 0.400115 0.619596
vt 0.403273 0.619596
vt 0.403352 0.622837
vt 0.400115 0.622758
vt 0.408368 0.619596
vt 0.408368 0.622672
vt 0.403188 0.627857
vt 0.400115 0.627858
vt 0.408368 0.624366
vt 0.110036 0.745293
vt 0.110036 0.742131
vt 0.113133 0.742052
vt 0.113057 0.745293
vt 0.110036 0.737032
vt 0.112976 0.737032
vt 0.117931 0.742217
vt 0.117931 0.745293
vt 0.114594 0.737032
vt 0.893564 0.306599
vt 0.896725 0.306599
vt 0.896804 0.309840
vt 0.893564 0.309761
vt 0.901823 0.306599
vt 0.901823 0.309675
vt 0.896639 0.314860
vt 0.893564 0.314860
vt 0.901823 0.311369
vt 0.025299 0.745293
vt 0.022278 0.745293
vt 0.022202 0.742052
vt 0.025299 0.742131
vt 0.017404 0.745293
vt 0.017404 0.742217
vt 0.022359 0.737032
vt 0.025299 0.737032
vt 0.016890 0.738777
vt 0.014972 0.745293
vt 0.014972 0.742131
vt 0.015926 0.742052
vt 0.015903 0.745293
vt 0.014972 0.737032
vt 0.015878 0.737032
vt 0.366993 0.684080
vt 0.369607 0.708693
vt 0.366428 0.709032
vt 0.363810 0.684420
vt 0.361300 0.709579
vt 0.358743 0.684557
vt 0.966973 0.368003
vt 0.966973 0.393180
vt 0.961873 0.393180
vt 0.961873 0.368304
vt 0.958712 0.393180
vt 0.958712 0.368411
vt 0.111689 0.671274
vt 0.111689 0.674493
vt 0.111689 0.679686
vt 0.388382 0.841074
vt 0.383282 0.841186
vt 0.380121 0.841074
vt 0.291454 0.865842
vt 0.288292 0.865842
vt 0.283192 0.865842
vt 0.971475 0.078963
vt 0.966347 0.078416
vt 0.963168 0.078077
vt 0.870044 0.368411
vt 0.866883 0.368524
vt 0.861783 0.368411
vt 0.111689 0.469307
vt 0.111689 0.474500
vt 0.111689 0.477719
vt 0.965782 0.053464
vt 0.968965 0.053804
vt 0.974032 0.053941
vt 0.283193 0.840665
vt 0.288292 0.840967
vt 0.291454 0.841074
vt 0.150219 0.526212
vt 0.150219 0.550981
vt 0.147058 0.550981
vt 0.147058 0.526314
vt 0.141958 0.550981
vt 0.141958 0.526212
vt 0.397398 0.680837
vt 0.400023 0.705449
vt 0.394895 0.705995
vt 0.392263 0.681385
vt 0.391716 0.706335
vt 0.389080 0.681724
vt 0.941059 0.075718
vt 0.937880 0.075379
vt 0.932752 0.074832
vt 0.303836 0.739728
vt 0.298737 0.739728
vt 0.295575 0.739728
vt 0.509992 0.295600
vt 0.510001 0.298780
vt 0.509992 0.303908
vt 0.247147 0.550981
vt 0.242047 0.547417
vt 0.238886 0.545208
vt 0.295575 0.714960
vt 0.298737 0.715061
vt 0.303836 0.714960
vt 0.935377 0.050221
vt 0.940512 0.050769
vt 0.943696 0.051108
vt 0.206908 0.733956
vt 0.203747 0.736165
vt 0.198647 0.739728
vt 0.509992 0.015644
vt 0.510001 0.020773
vt 0.509992 0.023953
vt 0.186688 0.726559
vt 0.186735 0.729942
vt 0.186091 0.734723
vt 0.496366 0.015644
vt 0.497046 0.020777
vt 0.497406 0.023958
vt 0.057301 0.462593
vt 0.060418 0.460231
vt 0.065332 0.456421
vt 0.668525 0.737032
vt 0.668055 0.742067
vt 0.668525 0.745293
vt 0.373491 0.645067
vt 0.370843 0.642173
vt 0.367056 0.638566
vt 0.670305 0.842221
vt 0.668987 0.837121
vt 0.668525 0.833960
vt 0.707467 0.856000
vt 0.707937 0.852774
vt 0.707467 0.847738
vt 0.065332 0.692572
vt 0.060418 0.688762
vt 0.057301 0.686400
vt 0.959284 0.014451
vt 0.961932 0.011557
vt 0.965725 0.007956
vt 0.705687 0.952928
vt 0.707004 0.947828
vt 0.707467 0.944667
vt 0.283193 0.796750
vt 0.288292 0.795435
vt 0.291454 0.794974
vt 0.388382 0.794974
vt 0.383346 0.794526
vt 0.380121 0.794974
vt 0.861783 0.322312
vt 0.866819 0.321864
vt 0.870045 0.322312
vt 0.966973 0.324087
vt 0.961873 0.322773
vt 0.958711 0.322312
vt 0.174202 0.714960
vt 0.170683 0.715083
vt 0.165403 0.715333
vt 0.471141 0.015644
vt 0.470758 0.020783
vt 0.470547 0.023968
vt 0.470547 0.295585
vt 0.497406 0.295595
vt 0.497046 0.298776
vt 0.470758 0.298770
vt 0.496366 0.303908
vt 0.471141 0.303908
vt 0.280391 0.526585
vt 0.259704 0.545975
vt 0.259059 0.541194
vt 0.275111 0.526336
vt 0.259106 0.537811
vt 0.271592 0.526212
vt 0.281834 0.479533
vt 0.285323 0.479611
vt 0.290833 0.480073
vt 0.447442 0.316646
vt 0.447244 0.311654
vt 0.447173 0.308467
vt 0.447173 0.011086
vt 0.447244 0.007899
vt 0.447442 0.002907
vt 0.154961 0.668820
vt 0.160471 0.668359
vt 0.163960 0.668280
vt 0.317615 0.692572
vt 0.314326 0.692572
vt 0.309354 0.692572
vt 0.002759 0.456421
vt 0.007666 0.456421
vt 0.010913 0.456421
vt 0.010913 0.692572
vt 0.007666 0.692572
vt 0.002759 0.692572
vt 0.309354 0.456421
vt 0.314326 0.456421
vt 0.317615 0.456421
vt 0.420570 0.277852
vt 0.419106 0.277851
vt 0.416583 0.277852
vt 0.353157 0.692572
vt 0.347930 0.692572
vt 0.344896 0.692572
vt 0.344896 0.456421
vt 0.347930 0.456421
vt 0.353157 0.456421
vt 0.416583 0.041701
vt 0.419106 0.041701
vt 0.420570 0.041701
vt 0.247147 0.526212
vt 0.198647 0.714960
s 1
f 181/229/161 183/230/164 184/231/164 179/232/161
f 182/233/163 181/229/161 179/232/161 180/234/162
f 205/235/185 208/236/188 211/237/191 210/238/190
f 208/236/188 209/239/189 212/240/192 211/237/191
f 210/238/190 211/237/191 223/241/203 220/242/200
f 211/237/191 212/240/192 213/239/193 223/241/203
f 206/243/186 214/244/194 217/245/197 216/246/196
f 214/244/194 215/247/195 218/248/198 217/245/197
f 216/246/196 217/245/197 212/249/192 209/250/189
f 217/245/197 218/248/198 213/249/193 212/249/192
f 207/251/187 219/252/199 222/253/202 221/254/201
f 219/252/199 220/255/200 223/256/203 222/253/202
f 221/254/201 222/253/202 218/257/198 215/258/195
f 222/253/202 223/256/203 213/259/193 218/257/198
f 229/260/209 232/261/212 235/262/215 234/263/214
f 232/261/212 233/264/213 236/265/216 235/262/215
f 234/263/214 235/262/215 247/266/227 244/266/224
f 235/262/215 236/265/216 237/266/217 247/266/227
f 230/267/210 238/268/218 241/269/221 240/270/220
f 238/268/218 239/271/219 242/272/222 241/269/221
f 240/270/220 241/269/221 236/273/216 233/274/213
f 241/269/221 242/272/222 237/275/217 236/273/216
f 231/276/211 243/277/223 246/278/226 245/279/225
f 243/277/223 244/280/224 247/281/227 246/278/226
f 245/279/225 246/278/226 242/282/222 239/283/219
f 246/278/226 247/281/227 237/280/217 242/282/222
f 253/284/233 256/285/236 259/286/239 258/287/238
f 256/285/236 257/288/237 260/289/240 259/286/239
f 258/287/238 259/286/239 271/290/251 268/291/248
f 259/286/239 260/289/240 261/292/241 271/290/251
f 254/293/234 262/294/242 265/295/245 264/296/244
f 262/294/242 263/297/243 266/298/246 265/295/245
f 264/296/244 265/295/245 260/299/240 257/300/237
f 265/295/245 266/298/246 261/301/241 260/299/240
f 255/302/235 267/303/247 270/304/250 269/305/249
f 267/303/247 268/306/248 271/307/251 270/304/250
f 269/305/249 270/304/250 266/308/246 263/309/243
f 270/304/250 271/307/251 261/310/241 266/308/246
f 272/311/252 275/312/255 278/313/258 277/314/257
f 275/312/255 276/315/256 279/316/259 278/313/258
f 277/314/257 278/313/258 290/317/270 287/318/267
f 278/313/258 279/316/259 280/319/260 290/317/270
f 273/320/253 281/321/261 284/322/264 283/323/263
f 281/321/261 282/324/262 285/325/265 284/322/264
f 283/323/263 284/322/264 279/316/259 276/315/256
f 284/322/264 285/325/265 280/319/260 279/316/259
f 274/326/254 286/327/266 289/328/269 288/329/268
f 286/327/266 287/330/267 290/331/270 289/328/269
f 288/329/268 289/328/269 285/332/265 282/333/262
f 289/328/269 290/331/270 280/334/260 285/332/265
f 291/335/271 294/336/274 297/337/277 296/338/276
f 294/336/274 295/339/275 298/340/278 297/337/277
f 296/338/276 297/337/277 309/341/289 306/342/286
f 297/337/277 298/340/278 299/343/279 309/341/289
f 292/344/272 300/345/280 303/346/283 302/347/282
f 300/345/280 301/348/281 304/349/284 303/346/283
f 302/347/282 303/346/283 298/350/278 295/351/275
f 303/346/283 304/349/284 299/352/279 298/350/278
f 293/353/273 305/354/285 308/355/288 307/356/287
f 305/354/285 306/357/286 309/358/289 308/355/288
f 307/356/287 308/355/288 304/359/284 301/360/281
f 308/355/288 309/358/289 299/361/279 304/359/284
f 310/362/290 313/363/293 316/364/296 315/365/295
f 313/363/293 314/366/294 317/367/297 316/364/296
f 315/365/295 316/364/296 328/368/308 325/369/305
f 316/364/296 317/367/297 318/370/298 328/368/308
f 311/371/291 319/372/299 322/373/302 321/374/301
f 319/372/299 320/375/300 323/376/303 322/373/302
f 321/374/301 322/373/302 317/377/297 314/378/294
f 322/373/302 323/376/303 318/379/298 317/377/297
f 312/380/292 324/381/304 327/382/307 326/383/306
f 324/381/304 325/369/305 328/368/308 327/382/307
f 326/383/306 327/382/307 323/384/303 320/385/300
f 327/382/307 328/368/308 318/370/298 323/384/303
f 349/386/324 352/387/327 355/388/330 354/389/329
f 352/387/327 353/390/328 356/391/331 355/388/330
f 354/389/329 355/388/330 367/392/342 364/393/339
f 355/388/330 356/391/331 357/394/332 367/392/342
f 350/395/325 358/396/333 361/397/336 360/398/335
f 358/396/333 359/399/334 362/400/337 361/397/336
f 360/398/335 361/397/336 356/401/331 353/402/328
f 361/397/336 362/400/337 357/403/332 356/401/331
f 351/404/326 363/405/338 366/406/341 365/407/340
f 363/405/338 364/393/339 367/392/342 366/406/341
f 365/407/340 366/406/341 362/408/337 359/409/334
f 366/406/341 367/392/342 357/394/332 362/408/337
f 368/410/271 371/411/274 374/412/277 373/413/345
f 371/411/274 372/414/344 375/415/278 374/412/277
f 373/413/345 374/412/277 386/416/289 383/417/347
f 374/412/277 375/415/278 376/418/279 386/416/289
f 369/419/272 377/420/280 380/421/283 379/422/282
f 377/420/280 378/423/281 381/424/284 380/421/283
f 379/422/282 380/421/283 375/425/278 372/426/344
f 380/421/283 381/424/284 376/427/279 375/425/278
f 370/428/343 382/429/346 385/430/288 384/431/287
f 382/429/346 383/432/347 386/433/289 385/430/288
f 384/431/287 385/430/288 381/434/284 378/435/281
f 385/430/288 386/433/289 376/436/279 381/434/284
f 387/437/233 390/438/236 393/439/239 392/440/238
f 390/438/236 391/441/237 394/442/348 393/439/239
f 392/440/238 393/439/239 405/443/251 402/444/248
f 393/439/239 394/442/348 395/445/241 405/443/251
f 388/446/234 396/447/242 399/448/245 398/449/244
f 396/447/242 397/450/243 400/451/246 399/448/245
f 398/449/244 399/448/245 394/452/348 391/453/237
f 399/448/245 400/451/246 395/454/241 394/452/348
f 389/455/235 401/456/247 404/457/250 403/458/249
f 401/456/247 402/459/248 405/460/251 404/457/250
f 403/458/249 404/457/250 400/461/246 397/462/243
f 404/457/250 405/460/251 395/463/241 400/461/246
f 406/464/349 409/465/352 412/466/355 411/467/354
f 409/465/352 410/468/353 413/469/356 412/466/355
f 411/467/354 412/466/355 424/470/367 421/471/364
f 412/466/355 413/469/356 414/472/357 424/470/367
f 407/473/350 415/474/358 418/475/361 417/476/360
f 415/474/358 416/477/359 419/478/362 418/475/361
f 417/476/360 418/475/361 413/469/356 410/468/353
f 418/475/361 419/478/362 414/472/357 413/469/356
f 408/479/351 420/480/363 423/481/366 422/482/365
f 420/480/363 421/483/364 424/484/367 423/481/366
f 422/482/365 423/481/366 419/485/362 416/486/359
f 423/481/366 424/484/367 414/487/357 419/485/362
f 455/488/393 458/489/396 461/490/399 460/491/398
f 458/489/396 459/492/397 462/493/400 461/490/399
f 460/491/398 461/490/399 473/494/411 470/495/408
f 461/490/399 462/493/400 463/496/401 473/494/411
f 456/497/394 464/498/402 467/499/405 466/500/404
f 464/498/402 465/501/403 468/502/406 467/499/405
f 466/500/404 467/499/405 462/503/400 459/504/397
f 467/499/405 468/502/406 463/505/401 462/503/400
f 457/506/395 469/507/407 472/508/410 471/509/409
f 469/507/407 470/510/408 473/511/411 472/508/410
f 471/509/409 472/508/410 468/512/406 465/513/403
f 472/508/410 473/511/411 463/514/401 468/512/406
f 474/515/412 477/516/415 480/517/418 479/518/417
f 477/516/415 478/519/416 481/520/419 480/517/418
f 479/518/417 480/517/418 492/521/430 489/522/427
f 480/517/418 481/520/419 482/523/420 492/521/430
f 475/524/413 483/525/421 486/526/424 485/527/423
f 483/525/421 484/528/422 487/529/425 486/526/424
f 485/527/423 486/526/424 481/530/419 478/531/416
f 486/526/424 487/529/425 482/532/420 481/530/419
f 476/533/414 488/534/426 491/535/429 490/536/428
f 488/534/426 489/537/427 492/538/430 491/535/429
f 490/536/428 491/535/429 487/539/425 484/540/422
f 491/535/429 492/538/430 482/541/420 487/539/425
f 493/542/431 496/543/434 499/544/437 498/545/436
f 496/543/434 497/546/435 500/547/438 499/544/437
f 498/545/436 499/544/437 511/548/449 508/549/446
f 499/544/437 500/547/438 501/550/439 511/548/449
f 494/551/432 502/552/440 505/553/443 504/554/442
f 502/552/440 503/555/441 506/556/444 505/553/443
f 504/554/442 505/553/443 500/557/438 497/558/435
f 505/553/443 506/556/444 501/559/439 500/557/438
f 495/560/433 507/561/445 510/562/448 509/563/447
f 507/561/445 508/564/446 511/565/449 510/562/448
f 509/563/447 510/562/448 506/566/444 503/567/441
f 510/562/448 511/565/449 501/568/439 506/566/444
f 512/569/450 515/570/453 518/571/456 517/572/455
f 515/570/453 516/573/454 519/574/457 518/571/456
f 517/572/455 518/571/456 530/575/468 527/576/465
f 518/571/456 519/574/457 520/577/458 530/575/468
f 513/578/451 521/579/459 524/580/462 523/581/461
f 521/579/459 522/582/460 525/583/463 524/580/462
f 523/581/461 524/580/462 519/584/457 516/585/454
f 524/580/462 525/583/463 520/586/458 519/584/457
f 514/587/452 526/588/464 529/589/467 528/590/466
f 526/588/464 527/591/465 530/592/468 529/589/467
f 528/590/466 529/589/467 525/593/463 522/594/460
f 529/589/467 530/592/468 520/595/458 525/593/463
f 566/596/504 569/597/507 572/598/510 571/599/509
f 569/597/507 570/600/508 573/601/511 572/598/510
f 571/599/509 572/598/510 584/602/522 581/603/519
f 572/598/510 573/601/511 574/604/512 584/602/522
f 567/605/505 575/606/513 578/607/516 577/608/515
f 575/606/513 576/609/514 579/610/517 578/607/516
f 577/608/515 578/607/516 573/611/511 570/612/508
f 578/607/516 579/610/517 574/613/512 573/611/511
f 568/614/506 580/615/518 583/616/521 582/617/520
f 580/615/518 581/618/519 584/619/522 583/616/521
f 582/617/520 583/616/521 579/620/517 576/621/514
f 583/616/521 584/619/522 574/622/512 579/620/517
f 590/623/528 593/624/531 596/625/534 595/626/533
f 593/624/531 594/627/532 597/628/535 596/625/534
f 595/626/533 596/625/534 608/629/546 605/630/543
f 596/625/534 597/628/535 598/631/536 608/629/546
f 591/632/529 599/633/537 602/634/540 601/635/539
f 599/633/537 600/636/538 603/637/541 602/634/540
f 601/635/539 602/634/540 597/638/535 594/639/532
f 602/634/540 603/637/541 598/640/536 597/638/535
f 592/641/530 604/642/542 607/643/545 606/644/544
f 604/642/542 605/645/543 608/646/546 607/643/545
f 606/644/544 607/643/545 603/647/541 600/648/538
f 607/643/545 608/646/546 598/649/536 603/647/541
f 614/650/552 617/651/555 620/652/558 619/653/557
f 617/651/555 618/654/556 621/655/559 620/652/558
f 619/653/557 620/652/558 632/656/570 629/657/567
f 620/652/558 621/655/559 622/658/560 632/656/570
f 615/659/553 623/660/561 626/661/564 625/662/563
f 623/660/561 624/663/562 627/664/565 626/661/564
f 625/662/563 626/661/564 621/665/559 618/666/556
f 626/661/564 627/664/565 622/667/560 621/665/559
f 616/668/554 628/669/566 631/670/569 630/671/568
f 628/669/566 629/672/567 632/673/570 631/670/569
f 630/671/568 631/670/569 627/674/565 624/675/562
f 631/670/569 632/673/570 622/676/560 627/674/565
f 638/677/571 641/678/574 644/679/577 643/680/576
f 641/678/574 642/681/575 645/682/578 644/679/577
f 643/680/576 644/679/577 656/683/589 653/684/586
f 644/679/577 645/682/578 646/685/579 656/683/589
f 639/686/572 647/687/580 650/688/583 649/689/582
f 647/687/580 648/690/581 651/691/584 650/688/583
f 649/689/582 650/688/583 645/692/578 642/693/575
f 650/688/583 651/691/584 646/694/579 645/692/578
f 640/695/573 652/696/585 655/697/588 654/698/587
f 652/696/585 653/699/586 656/700/589 655/697/588
f 654/698/587 655/697/588 651/701/584 648/702/581
f 655/697/588 656/700/589 646/703/579 651/701/584
f 657/704/590 660/705/593 663/706/596 662/707/595
f 660/705/593 661/708/594 664/709/597 663/706/596
f 662/707/595 663/706/596 675/710/608 672/711/605
f 663/706/596 664/709/597 665/712/598 675/710/608
f 658/713/591 666/714/599 669/715/602 668/716/601
f 666/714/599 667/717/600 670/718/603 669/715/602
f 668/716/601 669/715/602 664/719/597 661/720/594
f 669/715/602 670/718/603 665/721/598 664/719/597
f 659/722/592 671/723/604 674/724/607 673/725/606
f 671/723/604 672/726/605 675/727/608 674/724/607
f 673/725/606 674/724/607 670/728/603 667/729/600
f 674/724/607 675/727/608 665/730/598 670/728/603
f 676/731/609 679/732/612 682/733/615 681/734/614
f 679/732/612 680/735/613 683/736/616 682/733/615
f 681/734/614 682/733/615 694/737/627 691/738/624
f 682/733/615 683/736/616 684/739/617 694/737/627
f 677/740/610 685/741/618 688/742/621 687/743/620
f 685/741/618 686/744/619 689/745/622 688/742/621
f 687/743/620 688/742/621 683/746/616 680/747/613
f 688/742/621 689/745/622 684/748/617 683/746/616
f 678/749/611 690/750/623 693/751/626 692/752/625
f 690/750/623 691/753/624 694/754/627 693/751/626
f 692/752/625 693/751/626 689/755/622 686/756/619
f 693/751/626 694/754/627 684/757/617 689/755/622
f 695/758/628 698/759/631 701/760/634 700/761/633
f 698/759/631 699/762/632 702/763/635 701/760/634
f 700/761/633 701/760/634 713/764/646 710/765/643
f 701/760/634 702/763/635 703/766/636 713/764/646
f 696/767/629 704/768/637 707/769/640 706/770/639
f 704/768/637 705/771/638 708/772/641 707/769/640
f 706/770/639 707/769/640 702/773/635 699/774/632
f 707/769/640 708/772/641 703/775/636 702/773/635
f 697/776/630 709/777/642 712/778/645 711/779/644
f 709/777/642 710/780/643 713/781/646 712/778/645
f 711/779/644 712/778/645 708/782/641 705/783/638
f 712/778/645 713/781/646 703/784/636 708/782/641
f 714/785/647 717/786/650 720/787/653 719/788/652
f 717/786/650 718/789/651 721/790/654 720/787/653
f 719/788/652 720/787/653 732/791/665 729/792/662
f 720/787/653 721/790/654 722/793/655 732/791/665
f 715/794/648 723/795/656 726/796/659 725/797/658
f 723/795/656 724/798/657 727/799/660 726/796/659
f 725/797/658 726/796/659 721/800/654 718/801/651
f 726/796/659 727/799/660 722/802/655 721/800/654
f 716/803/649 728/804/661 731/805/664 730/806/663
f 728/804/661 729/807/662 732/808/665 731/805/664
f 730/806/663 731/805/664 727/809/660 724/810/657
f 731/805/664 732/808/665 722/811/655 727/809/660
f 733/812/666 736/813/255 739/814/258 738/815/669
f 736/813/255 737/816/256 740/817/259 739/814/258
f 738/815/669 739/814/258 751/818/270 748/819/673
f 739/814/258 740/817/259 741/820/260 751/818/270
f 734/821/667 742/822/670 745/823/264 744/824/263
f 742/822/670 743/825/671 746/826/265 745/823/264
f 744/824/263 745/823/264 740/817/259 737/816/256
f 745/823/264 746/826/265 741/820/260 740/817/259
f 735/827/668 747/828/672 750/829/269 749/830/674
f 747/828/672 748/831/673 751/832/270 750/829/269
f 749/830/674 750/829/269 746/833/265 743/834/671
f 750/829/269 751/832/270 741/835/260 746/833/265
f 752/836/675 755/837/678 758/838/681 757/839/680
f 755/837/678 756/840/679 759/841/682 758/838/681
f 757/839/680 758/838/681 770/842/693 767/843/690
f 758/838/681 759/841/682 760/844/683 770/842/693
f 753/845/676 761/846/684 764/847/687 763/848/686
f 761/846/684 762/849/685 765/850/688 764/847/687
f 763/848/686 764/847/687 759/851/682 756/852/679
f 764/847/687 765/850/688 760/853/683 759/851/682
f 754/854/677 766/855/689 769/856/692 768/857/691
f 766/855/689 767/858/690 770/859/693 769/856/692
f 768/857/691 769/856/692 765/860/688 762/861/685
f 769/856/692 770/859/693 760/862/683 765/860/688
f 771/863/290 774/864/293 777/865/296 776/866/295
f 774/864/293 775/867/294 778/868/297 777/865/296
f 776/866/295 777/865/296 789/869/308 786/870/305
f 777/865/296 778/868/297 779/871/696 789/869/308
f 772/872/694 780/873/697 783/874/302 782/875/301
f 780/873/697 781/876/698 784/877/303 783/874/302
f 782/875/301 783/874/302 778/878/297 775/879/294
f 783/874/302 784/877/303 779/880/696 778/878/297
f 773/881/695 785/882/304 788/883/307 787/884/699
f 785/882/304 786/870/305 789/869/308 788/883/307
f 787/884/699 788/883/307 784/885/303 781/886/698
f 788/883/307 789/869/308 779/871/696 784/885/303
f 790/887/700 793/888/703 796/889/706 795/890/705
f 793/888/703 794/891/704 797/892/707 796/889/706
f 795/890/705 796/889/706 808/893/718 805/894/715
f 796/889/706 797/892/707 798/895/708 808/893/718
f 791/896/701 799/897/709 802/898/712 801/899/711
f 799/897/709 800/900/710 803/901/713 802/898/712
f 801/899/711 802/898/712 797/902/707 794/903/704
f 802/898/712 803/901/713 798/904/708 797/902/707
f 792/905/702 804/906/714 807/907/717 806/908/716
f 804/906/714 805/909/715 808/910/718 807/907/717
f 806/908/716 807/907/717 803/911/713 800/912/710
f 807/907/717 808/910/718 798/913/708 803/911/713
f 809/914/590 812/915/593 815/916/596 814/917/595
f 812/915/593 813/918/594 816/919/597 815/916/596
f 814/917/595 815/916/596 827/920/608 824/921/605
f 815/916/596 816/919/597 817/922/598 827/920/608
f 810/923/591 818/924/599 821/925/602 820/926/601
f 818/924/599 819/927/600 822/928/603 821/925/602
f 820/926/601 821/925/602 816/929/597 813/930/594
f 821/925/602 822/928/603 817/931/598 816/929/597
f 811/932/592 823/933/604 826/934/607 825/935/606
f 823/933/604 824/936/605 827/937/608 826/934/607
f 825/935/606 826/934/607 822/938/603 819/939/600
f 826/934/607 827/937/608 817/940/598 822/938/603
f 828/941/609 831/942/612 834/943/615 833/944/614
f 831/942/612 832/945/613 835/946/616 834/943/615
f 833/944/614 834/943/615 846/947/627 843/948/624
f 834/943/615 835/946/616 836/949/719 846/947/627
f 829/950/610 837/951/618 840/952/621 839/953/620
f 837/951/618 838/954/619 841/955/622 840/952/621
f 839/953/620 840/952/621 835/956/616 832/957/613
f 840/952/621 841/955/622 836/958/719 835/956/616
f 830/959/611 842/960/623 845/961/626 844/962/625
f 842/960/623 843/963/624 846/964/627 845/961/626
f 844/962/625 845/961/626 841/965/622 838/966/619
f 845/961/626 846/964/627 836/967/719 841/965/622
f 847/968/628 850/969/631 853/970/634 852/971/633
f 850/969/631 851/972/632 854/973/635 853/970/634
f 852/971/633 853/970/634 865/974/646 862/975/643
f 853/970/634 854/973/635 855/976/636 865/974/646
f 848/977/629 856/978/637 859/979/640 858/980/639
f 856/978/637 857/981/638 860/982/641 859/979/640
f 858/980/639 859/979/640 854/983/635 851/984/632
f 859/979/640 860/982/641 855/985/636 854/983/635
f 849/986/630 861/987/642 864/988/645 863/989/644
f 861/987/642 862/990/643 865/991/646 864/988/645
f 863/989/644 864/988/645 860/992/641 857/993/638
f 864/988/645 865/991/646 855/994/636 860/992/641
f 866/995/647 869/996/650 872/997/653 871/998/652
f 869/996/650 870/999/651 873/1000/654 872/997/653
f 871/998/652 872/997/653 884/1001/665 881/1002/662
f 872/997/653 873/1000/654 874/1003/655 884/1001/665
f 867/1004/648 875/1005/656 878/1006/659 877/1007/658
f 875/1005/656 876/1008/657 879/1009/660 878/1006/659
f 877/1007/658 878/1006/659 873/1010/654 870/1011/651
f 878/1006/659 879/1009/660 874/1012/655 873/1010/654
f 868/1013/649 880/1014/661 883/1015/664 882/1016/663
f 880/1014/661 881/1017/662 884/1018/665 883/1015/664
f 882/1016/663 883/1015/664 879/1019/660 876/1020/657
f 883/1015/664 884/1018/665 874/1021/655 879/1019/660
f 885/1022/666 888/1023/255 891/1024/258 890/1025/669
f 888/1023/255 889/1026/256 892/1027/259 891/1024/258
f 890/1025/669 891/1024/258 903/1028/270 900/1029/673
f 891/1024/258 892/1027/259 893/1030/260 903/1028/270
f 886/1031/667 894/1032/670 897/1033/264 896/1034/263
f 894/1032/670 895/1035/671 898/1036/265 897/1033/264
f 896/1034/263 897/1033/264 892/1027/259 889/1026/256
f 897/1033/264 898/1036/265 893/1030/260 892/1027/259
f 887/1037/668 899/1038/672 902/1039/269 901/1040/674
f 899/1038/672 900/1041/673 903/1042/270 902/1039/269
f 901/1040/674 902/1039/269 898/1043/265 895/1044/671
f 902/1039/269 903/1042/270 893/1045/260 898/1043/265
f 904/1046/675 907/1047/678 910/1048/681 909/1049/680
f 907/1047/678 908/1050/679 911/1051/682 910/1048/681
f 909/1049/680 910/1048/681 922/1052/693 919/1053/690
f 910/1048/681 911/1051/682 912/1054/720 922/1052/693
f 905/1055/676 913/1056/684 916/1057/687 915/1058/686
f 913/1056/684 914/1059/685 917/1060/688 916/1057/687
f 915/1058/686 916/1057/687 911/1061/682 908/1062/679
f 916/1057/687 917/1060/688 912/1063/720 911/1061/682
f 906/1064/677 918/1065/689 921/1066/692 920/1067/691
f 918/1065/689 919/1068/690 922/1069/693 921/1066/692
f 920/1067/691 921/1066/692 917/1070/688 914/1071/685
f 921/1066/692 922/1069/693 912/1072/720 917/1070/688
f 923/1073/290 926/1074/293 929/1075/296 928/1076/295
f 926/1074/293 927/1077/294 930/1078/297 929/1075/296
f 928/1076/295 929/1075/296 941/1079/308 938/1080/305
f 929/1075/296 930/1078/297 931/1081/696 941/1079/308
f 924/1082/694 932/1083/697 935/1084/302 934/1085/301
f 932/1083/697 933/1086/698 936/1087/303 935/1084/302
f 934/1085/301 935/1084/302 930/1088/297 927/1089/294
f 935/1084/302 936/1087/303 931/1090/696 930/1088/297
f 925/1091/695 937/1092/304 940/1093/307 939/1094/699
f 937/1092/304 938/1080/305 941/1079/308 940/1093/307
f 939/1094/699 940/1093/307 936/1095/303 933/1096/698
f 940/1093/307 941/1079/308 931/1081/696 936/1095/303
f 942/1097/700 945/1098/703 948/1099/706 947/1100/705
f 945/1098/703 946/1101/704 949/1102/707 948/1099/706
f 947/1100/705 948/1099/706 960/1103/718 957/1104/715
f 948/1099/706 949/1102/707 950/1105/708 960/1103/718
f 943/1106/701 951/1107/709 954/1108/712 953/1109/711
f 951/1107/709 952/1110/710 955/1111/713 954/1108/712
f 953/1109/711 954/1108/712 949/1112/707 946/1113/704
f 954/1108/712 955/1111/713 950/1114/708 949/1112/707
f 944/1115/702 956/1116/714 959/1117/717 958/1118/716
f 956/1116/714 957/1119/715 960/1120/718 959/1117/717
f 958/1118/716 959/1117/717 955/1121/713 952/1122/710
f 959/1117/717 960/1120/718 950/1123/708 955/1121/713
f 961/1124/648 964/1125/656 967/1126/659 966/1127/658
f 964/1125/656 965/1128/657 968/1129/660 967/1126/659
f 966/1127/658 967/1126/659 979/1130/654 976/1131/651
f 967/1126/659 968/1129/660 969/1132/655 979/1130/654
f 962/1133/649 970/1134/661 973/1135/664 972/1136/663
f 970/1134/661 971/1137/662 974/1138/665 973/1135/664
f 972/1136/663 973/1135/664 968/1139/660 965/1140/657
f 973/1135/664 974/1138/665 969/1141/655 968/1139/660
f 963/1142/647 975/1143/650 978/1144/653 977/1145/652
f 975/1143/650 976/1146/651 979/1147/654 978/1144/653
f 977/1145/652 978/1144/653 974/1148/665 971/1149/662
f 978/1144/653 979/1147/654 969/1150/655 974/1148/665
f 980/1151/702 983/1152/714 986/1153/717 985/1154/716
f 983/1152/714 984/1155/715 987/1156/718 986/1153/717
f 985/1154/716 986/1153/717 998/1157/713 995/1158/710
f 986/1153/717 987/1156/718 988/1159/721 998/1157/713
f 981/1160/700 989/1161/703 992/1162/706 991/1163/705
f 989/1161/703 990/1164/704 993/1165/707 992/1162/706
f 991/1163/705 992/1162/706 987/1166/718 984/1167/715
f 992/1162/706 993/1165/707 988/1168/721 987/1166/718
f 982/1169/701 994/1170/709 997/1171/712 996/1172/711
f 994/1170/709 995/1173/710 998/1174/713 997/1171/712
f 996/1172/711 997/1171/712 993/1175/707 990/1176/704
f 997/1171/712 998/1174/713 988/1177/721 993/1175/707
f 999/1178/609 1002/1179/612 1005/1180/615 1004/1181/614
f 1002/1179/612 1003/1182/613 1006/1183/616 1005/1180/615
f 1004/1181/614 1005/1180/615 1017/1184/627 1014/1185/624
f 1005/1180/615 1006/1183/616 1007/1186/719 1017/1184/627
f 1000/1187/610 1008/1188/618 1011/1189/621 1010/1190/620
f 1008/1188/618 1009/1191/619 1012/1192/622 1011/1189/621
f 1010/1190/620 1011/1189/621 1006/1193/616 1003/1194/613
f 1011/1189/621 1012/1192/622 1007/1195/719 1006/1193/616
f 1001/1196/611 1013/1197/623 1016/1198/626 1015/1199/625
f 1013/1197/623 1014/1200/624 1017/1201/627 1016/1198/626
f 1015/1199/625 1016/1198/626 1012/1202/622 1009/1203/619
f 1016/1198/626 1017/1201/627 1007/1204/719 1012/1202/622
f 1018/1205/676 1021/1206/684 1024/1207/687 1023/1208/686
f 1021/1206/684 1022/1209/685 1025/1210/688 1024/1207/687
f 1023/1208/686 1024/1207/687 1036/1211/682 1033/1212/679
f 1024/1207/687 1025/1210/688 1026/1213/720 1036/1211/682
f 1019/1214/677 1027/1215/689 1030/1216/692 1029/1217/691
f 1027/1215/689 1028/1218/690 1031/1219/693 1030/1216/692
f 1029/1217/691 1030/1216/692 1025/1220/688 1022/1221/685
f 1030/1216/692 1031/1219/693 1026/1222/720 1025/1220/688
f 1020/1223/675 1032/1224/678 1035/1225/681 1034/1226/680
f 1032/1224/678 1033/1227/679 1036/1228/682 1035/1225/681
f 1034/1226/680 1035/1225/681 1031/1229/693 1028/1230/690
f 1035/1225/681 1036/1228/682 1026/1231/720 1031/1229/693
f 1037/1232/630 1040/1233/642 1043/1234/645 1042/1235/644
f 1040/1233/642 1041/1236/643 1044/1237/646 1043/1234/645
f 1042/1235/644 1043/1234/645 1055/1238/641 1052/1239/638
f 1043/1234/645 1044/1237/646 1045/1240/636 1055/1238/641
f 1038/1241/628 1046/1242/631 1049/1243/634 1048/1244/633
f 1046/1242/631 1047/1245/632 1050/1246/635 1049/1243/634
f 1048/1244/633 1049/1243/634 1044/1247/646 1041/1248/643
f 1049/1243/634 1050/1246/635 1045/1249/636 1044/1247/646
f 1039/1250/629 1051/1251/637 1054/1252/640 1053/1253/639
f 1051/1251/637 1052/1254/638 1055/1255/641 1054/1252/640
f 1053/1253/639 1054/1252/640 1050/1256/635 1047/1257/632
f 1054/1252/640 1055/1255/641 1045/1258/636 1050/1256/635
f 1056/1259/694 1059/1260/697 1062/1261/302 1061/1262/301
f 1059/1260/697 1060/1263/698 1063/1264/303 1062/1261/302
f 1061/1262/301 1062/1261/302 1074/1265/297 1071/1266/294
f 1062/1261/302 1063/1264/303 1064/1267/298 1074/1265/297
f 1057/1268/695 1065/1269/304 1068/1270/307 1067/1271/699
f 1065/1269/304 1066/1272/305 1069/1273/308 1068/1270/307
f 1067/1271/699 1068/1270/307 1063/1274/303 1060/1275/698
f 1068/1270/307 1069/1273/308 1064/1276/298 1063/1274/303
f 1058/1277/290 1070/1278/293 1073/1279/296 1072/1280/295
f 1070/1278/293 1071/1281/294 1074/1282/297 1073/1279/296
f 1072/1280/295 1073/1279/296 1069/1273/308 1066/1272/305
f 1073/1279/296 1074/1282/297 1064/1276/298 1069/1273/308
f 1075/1283/591 1078/1284/599 1081/1285/602 1080/1286/601
f 1078/1284/599 1079/1287/600 1082/1288/603 1081/1285/602
f 1080/1286/601 1081/1285/602 1093/1289/597 1090/1290/594
f 1081/1285/602 1082/1288/603 1083/1291/598 1093/1289/597
f 1076/1292/592 1084/1293/604 1087/1294/607 1086/1295/606
f 1084/1293/604 1085/1296/605 1088/1297/608 1087/1294/607
f 1086/1295/606 1087/1294/607 1082/1298/603 1079/1299/600
f 1087/1294/607 1088/1297/608 1083/1300/598 1082/1298/603
f 1077/1301/590 1089/1302/593 1092/1303/596 1091/1304/595
f 1089/1302/593 1090/1305/594 1093/1306/597 1092/1303/596
f 1091/1304/595 1092/1303/596 1088/1307/608 1085/1308/605
f 1092/1303/596 1093/1306/597 1083/1309/598 1088/1307/608
f 1094/1310/668 1097/1311/672 1100/1312/269 1099/1313/674
f 1097/1311/672 1098/1314/673 1101/1315/270 1100/1312/269
f 1099/1313/674 1100/1312/269 1112/1316/265 1109/1317/671
f 1100/1312/269 1101/1315/270 1102/1318/260 1112/1316/265
f 1095/1319/666 1103/1320/255 1106/1321/258 1105/1322/669
f 1103/1320/255 1104/1323/256 1107/1324/259 1106/1321/258
f 1105/1322/669 1106/1321/258 1101/1325/270 1098/1326/673
f 1106/1321/258 1107/1324/259 1102/1327/260 1101/1325/270
f 1096/1328/667 1108/1329/670 1111/1330/264 1110/1331/263
f 1108/1329/670 1109/1332/671 1112/1333/265 1111/1330/264
f 1110/1331/263 1111/1330/264 1107/1324/259 1104/1323/256
f 1111/1330/264 1112/1333/265 1102/1327/260 1107/1324/259
f 191/1334/171 185/1335/165 187/1336/167 194/1337/174
f 194/1337/174 187/1336/167 188/1338/168 193/1339/173
f 193/1340/173 188/1341/168 189/1342/169 192/1343/172
f 192/1343/172 189/1342/169 186/1344/166 190/1345/170
f 225/1346/205 205/235/185 210/238/190 228/1347/208
f 228/1347/208 210/238/190 220/242/200 227/1348/207
f 227/1349/207 220/255/200 219/252/199 226/1350/206
f 226/1350/206 219/252/199 207/251/187 224/1351/204
f 274/326/254 254/293/234 264/296/244 286/327/266
f 286/327/266 264/296/244 257/300/237 287/330/267
f 287/318/267 257/288/237 256/285/236 277/314/257
f 277/314/257 256/285/236 253/284/233 272/311/252
f 293/353/273 311/371/291 321/374/301 305/354/285
f 305/354/285 321/374/301 314/378/294 306/357/286
f 306/342/286 314/366/294 313/363/293 296/338/276
f 296/338/276 313/363/293 310/362/290 291/335/271
f 249/1352/229 293/353/273 307/356/287 252/1353/232
f 252/1353/232 307/356/287 301/360/281 251/1354/231
f 251/1355/231 301/348/281 300/345/280 250/1356/230
f 250/1356/230 300/345/280 292/344/272 248/1357/228
f 231/276/211 274/326/254 288/329/268 243/277/223
f 243/277/223 288/329/268 282/333/262 244/280/224
f 244/266/224 282/324/262 281/321/261 234/263/214
f 234/263/214 281/321/261 273/320/253 229/260/209
f 196/1358/176 231/276/211 245/279/225 199/1359/179
f 199/1359/179 245/279/225 239/283/219 198/1360/178
f 198/1361/178 239/271/219 238/268/218 197/1362/177
f 197/1362/177 238/268/218 230/267/210 195/1363/175
f 248/1357/228 200/1364/180 202/1365/182 250/1356/230
f 250/1356/230 202/1365/182 203/1366/183 251/1355/231
f 251/1354/231 203/1367/183 204/1368/184 252/1353/232
f 252/1353/232 204/1368/184 201/1369/181 249/1352/229
f 185/1335/165 255/302/235 269/305/249 187/1336/167
f 187/1336/167 269/305/249 263/309/243 188/1338/168
f 188/1341/168 263/297/243 262/294/242 189/1342/169
f 189/1342/169 262/294/242 254/293/234 186/1344/166
f 206/243/186 312/380/292 326/383/306 214/244/194
f 214/244/194 326/383/306 320/385/300 215/247/195
f 215/258/195 320/375/300 319/372/299 221/254/201
f 221/254/201 319/372/299 311/371/291 207/251/187
f 330/1370/310 334/1371/229 336/1372/232 333/1373/313
f 333/1373/313 336/1372/232 337/1374/231 332/1375/312
f 332/1376/312 337/1377/231 338/1378/230 331/1379/311
f 331/1379/311 338/1378/230 335/1380/228 329/1381/309
f 349/386/324 368/410/271 373/413/345 352/387/327
f 352/387/327 373/413/345 383/417/347 353/390/328
f 353/402/328 383/432/347 382/429/346 360/398/335
f 360/398/335 382/429/346 370/428/343 350/395/325
f 387/437/233 406/464/349 411/467/354 390/438/236
f 390/438/236 411/467/354 421/471/364 391/441/237
f 391/453/237 421/483/364 420/480/363 398/449/244
f 398/449/244 420/480/363 408/479/351 388/446/234
f 426/1382/165 389/455/235 403/458/249 429/1383/167
f 429/1383/167 403/458/249 397/462/243 428/1384/168
f 428/1385/168 397/450/243 396/447/242 427/1386/169
f 427/1386/169 396/447/242 388/446/234 425/1387/166
f 431/1388/369 351/404/326 365/407/340 434/1389/372
f 434/1389/372 365/407/340 359/409/334 433/1390/371
f 433/1391/371 359/399/334 358/396/333 432/1392/370
f 432/1392/370 358/396/333 350/395/325 430/1393/368
f 425/1387/166 344/1394/319 346/1395/321 427/1386/169
f 427/1386/169 346/1395/321 347/1396/322 428/1385/168
f 428/1384/168 347/1397/322 348/1398/323 429/1383/167
f 429/1383/167 348/1398/323 345/1399/320 426/1382/165
f 334/1371/229 370/428/343 384/431/287 336/1372/232
f 336/1372/232 384/431/287 378/435/281 337/1374/231
f 337/1377/231 378/423/281 377/420/280 338/1378/230
f 338/1378/230 377/420/280 369/419/272 335/1380/228
f 340/1400/315 408/479/351 422/482/365 343/1401/318
f 343/1401/318 422/482/365 416/486/359 342/1402/317
f 342/1403/317 416/477/359 415/474/358 341/1404/316
f 341/1404/316 415/474/358 407/473/350 339/1405/314
f 255/302/235 369/419/272 379/422/282 267/303/247
f 267/303/247 379/422/282 372/426/344 268/306/248
f 268/291/248 372/414/344 371/411/274 258/287/238
f 258/287/238 371/411/274 368/410/271 253/284/233
f 351/404/326 273/320/253 283/323/263 363/405/338
f 363/405/338 283/323/263 276/315/256 364/393/339
f 364/393/339 276/315/256 275/312/255 354/389/329
f 354/389/329 275/312/255 272/311/252 349/386/324
f 537/1406/475 340/1400/315 343/1401/318 540/1407/478
f 540/1407/478 343/1401/318 342/1402/317 539/1408/477
f 539/1409/477 342/1403/317 341/1404/316 538/1410/476
f 538/1410/476 341/1404/316 339/1405/314 536/1411/474
f 312/380/292 407/473/350 417/476/360 324/381/304
f 324/381/304 417/476/360 410/468/353 325/369/305
f 325/369/305 410/468/353 409/465/352 315/365/295
f 315/365/295 409/465/352 406/464/349 310/362/290
f 389/455/235 292/344/272 302/347/282 401/456/247
f 401/456/247 302/347/282 295/351/275 402/459/248
f 402/444/248 295/339/275 294/336/274 392/440/238
f 392/440/238 294/336/274 291/335/271 387/437/233
f 457/506/395 474/515/412 479/518/417 469/507/407
f 469/507/407 479/518/417 489/522/427 470/510/408
f 470/495/408 489/537/427 488/534/426 460/491/398
f 460/491/398 488/534/426 476/533/414 455/488/393
f 495/560/433 513/578/451 523/581/461 507/561/445
f 507/561/445 523/581/461 516/585/454 508/564/446
f 508/549/446 516/573/454 515/570/453 498/545/436
f 498/545/436 515/570/453 512/569/450 493/542/431
f 441/1412/379 475/524/413 485/527/423 444/1413/382
f 444/1413/382 485/527/423 478/531/416 443/1414/381
f 443/1415/381 478/519/416 477/516/415 442/1416/380
f 442/1416/380 477/516/415 474/515/412 440/1417/378
f 456/497/394 435/1418/373 437/1419/375 464/498/402
f 464/498/402 437/1419/375 438/1420/376 465/501/403
f 465/513/403 438/1421/376 439/1422/377 471/509/409
f 471/509/409 439/1422/377 436/1423/374 457/506/395
f 446/1424/384 495/560/433 509/563/447 449/1425/387
f 449/1425/387 509/563/447 503/567/441 448/1426/386
f 448/1427/386 503/555/441 502/552/440 447/1428/385
f 447/1428/385 502/552/440 494/551/432 445/1429/383
f 450/1430/388 514/587/452 528/590/466 452/1431/390
f 452/1431/390 528/590/466 522/594/460 453/1432/391
f 453/1433/391 522/582/460 521/579/459 454/1434/392
f 454/1434/392 521/579/459 513/578/451 451/1435/389
f 200/1364/180 450/1430/388 452/1431/390 202/1365/182
f 202/1365/182 452/1431/390 453/1432/391 203/1366/183
f 203/1367/183 453/1436/391 454/1437/392 204/1368/184
f 204/1368/184 454/1437/392 451/1438/389 201/1369/181
f 445/1429/383 225/1346/205 228/1347/208 447/1428/385
f 447/1428/385 228/1347/208 227/1348/207 448/1427/386
f 448/1439/386 227/1349/207 226/1350/206 449/1440/387
f 449/1440/387 226/1350/206 224/1351/204 446/1441/384
f 195/1363/175 441/1412/379 444/1413/382 197/1362/177
f 197/1362/177 444/1413/382 443/1414/381 198/1361/178
f 198/1360/178 443/1442/381 442/1443/380 199/1359/179
f 199/1359/179 442/1443/380 440/1444/378 196/1358/176
f 435/1418/373 191/1334/171 194/1337/174 437/1419/375
f 437/1419/375 194/1337/174 193/1339/173 438/1420/376
f 438/1445/376 193/1340/173 192/1343/172 439/1446/377
f 439/1446/377 192/1343/172 190/1345/170 436/1447/374
f 344/1394/319 512/569/450 517/572/455 346/1395/321
f 346/1395/321 517/572/455 527/576/465 347/1396/322
f 347/1397/322 527/591/465 526/588/464 348/1398/323
f 348/1398/323 526/588/464 514/587/452 345/1399/320
f 329/1381/309 456/497/394 466/500/404 331/1379/311
f 331/1379/311 466/500/404 459/504/397 332/1376/312
f 332/1375/312 459/492/397 458/489/396 333/1373/313
f 333/1373/313 458/489/396 455/488/393 330/1370/310
f 532/1448/470 537/1406/475 540/1407/478 535/1449/473
f 535/1449/473 540/1407/478 539/1408/477 534/1450/472
f 534/1451/472 539/1409/477 538/1410/476 533/1452/471
f 533/1452/471 538/1410/476 536/1411/474 531/1453/469
f 542/1454/480 547/1455/485 550/1456/488 545/1457/483
f 545/1457/483 550/1456/488 549/1458/487 544/1459/482
f 544/1460/482 549/1461/487 548/1462/486 543/1463/481
f 543/1463/481 548/1462/486 546/1464/484 541/1465/479
f 541/1465/479 551/1466/489 553/1467/491 543/1463/481
f 543/1463/481 553/1467/491 554/1468/492 544/1460/482
f 544/1459/482 554/1469/492 555/1470/493 545/1457/483
f 545/1457/483 555/1470/493 552/1471/490 542/1454/480
f 531/1453/469 556/1472/494 558/1473/496 533/1452/471
f 533/1452/471 558/1473/496 559/1474/497 534/1451/472
f 534/1450/472 559/1475/497 560/1476/498 535/1449/473
f 535/1449/473 560/1476/498 557/1477/495 532/1448/470
f 205/235/185 230/267/210 240/270/220 208/236/188
f 208/236/188 240/270/220 233/274/213 209/239/189
f 209/250/189 233/264/213 232/261/212 216/246/196
f 216/246/196 232/261/212 229/260/209 206/243/186
f 547/1455/485 431/1388/369 434/1389/372 550/1456/488
f 550/1456/488 434/1389/372 433/1390/371 549/1458/487
f 549/1461/487 433/1391/371 432/1392/370 548/1462/486
f 548/1462/486 432/1392/370 430/1393/368 546/1464/484
f 562/1478/500 567/605/505 577/608/515 565/1479/503
f 565/1479/503 577/608/515 570/612/508 564/1480/502
f 564/1481/502 570/600/508 569/597/507 563/1482/501
f 563/1482/501 569/597/507 566/596/504 561/1483/499
f 586/1484/524 590/623/528 595/626/533 589/1485/527
f 589/1485/527 595/626/533 605/630/543 588/1486/526
f 588/1487/526 605/645/543 604/642/542 587/1488/525
f 587/1488/525 604/642/542 592/641/530 585/1489/523
f 610/1490/548 614/650/552 619/653/557 613/1491/551
f 613/1491/551 619/653/557 629/657/567 612/1492/550
f 612/1493/550 629/672/567 628/669/566 611/1494/549
f 611/1494/549 628/669/566 616/668/554 609/1495/547
f 634/1496/547 639/686/572 649/689/582 637/1497/549
f 637/1497/549 649/689/582 642/693/575 636/1498/550
f 636/1499/550 642/681/575 641/678/574 635/1500/551
f 635/1500/551 641/678/574 638/677/571 633/1501/548
f 639/686/572 592/641/530 606/644/544 647/687/580
f 647/687/580 606/644/544 600/648/538 648/690/581
f 648/702/581 600/636/538 599/633/537 654/698/587
f 654/698/587 599/633/537 591/632/529 640/695/573
f 615/659/553 568/614/506 582/617/520 623/660/561
f 623/660/561 582/617/520 576/621/514 624/663/562
f 624/675/562 576/609/514 575/606/513 630/671/568
f 630/671/568 575/606/513 567/605/505 616/668/554
f 609/1495/547 634/1496/547 637/1497/549 611/1494/549
f 611/1494/549 637/1497/549 636/1498/550 612/1493/550
f 612/1492/550 636/1499/550 635/1500/551 613/1491/551
f 613/1491/551 635/1500/551 633/1501/548 610/1490/548
f 561/1483/499 586/1484/524 589/1485/527 563/1482/501
f 563/1482/501 589/1485/527 588/1486/526 564/1481/502
f 564/1480/502 588/1487/526 587/1488/525 565/1479/503
f 565/1479/503 587/1488/525 585/1489/523 562/1478/500
f 493/542/431 591/632/529 601/635/539 496/543/434
f 496/543/434 601/635/539 594/639/532 497/546/435
f 497/558/435 594/627/532 593/624/531 504/554/442
f 504/554/442 593/624/531 590/623/528 494/551/432
f 556/1472/494 638/677/571 643/680/576 558/1473/496
f 558/1473/496 643/680/576 653/684/586 559/1474/497
f 559/1475/497 653/699/586 652/696/585 560/1476/498
f 560/1476/498 652/696/585 640/695/573 557/1477/495
f 568/614/506 476/533/414 490/536/428 580/615/518
f 580/615/518 490/536/428 484/540/422 581/618/519
f 581/603/519 484/528/422 483/525/421 571/599/509
f 571/599/509 483/525/421 475/524/413 566/596/504
f 551/1466/489 615/659/553 625/662/563 553/1467/491
f 553/1467/491 625/662/563 618/666/556 554/1468/492
f 554/1469/492 618/654/556 617/651/555 555/1470/493
f 555/1470/493 617/651/555 614/650/552 552/1471/490
f 695/758/628 657/704/590 662/707/595 698/759/631
f 698/759/631 662/707/595 672/711/605 699/762/632
f 699/774/632 672/726/605 671/723/604 706/770/639
f 706/770/639 671/723/604 659/722/592 696/767/629
f 658/713/591 676/731/609 681/734/614 666/714/599
f 666/714/599 681/734/614 691/738/624 667/717/600
f 667/729/600 691/753/624 690/750/623 673/725/606
f 673/725/606 690/750/623 678/749/611 659/722/592
f 677/740/610 714/785/647 719/788/652 685/741/618
f 685/741/618 719/788/652 729/792/662 686/744/619
f 686/756/619 729/807/662 728/804/661 692/752/625
f 692/752/625 728/804/661 716/803/649 678/749/611
f 715/794/648 697/776/630 711/779/644 723/795/656
f 723/795/656 711/779/644 705/783/638 724/798/657
f 724/810/657 705/771/638 704/768/637 730/806/663
f 730/806/663 704/768/637 696/767/629 716/803/649
f 771/863/290 695/758/628 700/761/633 774/864/293
f 774/864/293 700/761/633 710/765/643 775/867/294
f 775/879/294 710/780/643 709/777/642 782/875/301
f 782/875/301 709/777/642 697/776/630 772/872/694
f 714/785/647 790/887/700 795/890/705 717/786/650
f 717/786/650 795/890/705 805/894/715 718/789/651
f 718/801/651 805/909/715 804/906/714 725/797/658
f 725/797/658 804/906/714 792/905/702 715/794/648
f 791/896/701 773/881/695 787/884/699 799/897/709
f 799/897/709 787/884/699 781/886/698 800/900/710
f 800/912/710 781/876/698 780/873/697 806/908/716
f 806/908/716 780/873/697 772/872/694 792/905/702
f 733/812/666 771/863/290 776/866/295 736/813/255
f 736/813/255 776/866/295 786/870/305 737/816/256
f 737/816/256 786/870/305 785/882/304 744/824/263
f 744/824/263 785/882/304 773/881/695 734/821/667
f 790/887/700 752/836/675 757/839/680 793/888/703
f 793/888/703 757/839/680 767/843/690 794/891/704
f 794/903/704 767/858/690 766/855/689 801/899/711
f 801/899/711 766/855/689 754/854/677 791/896/701
f 753/845/676 735/827/668 749/830/674 761/846/684
f 761/846/684 749/830/674 743/834/671 762/849/685
f 762/861/685 743/825/671 742/822/670 768/857/691
f 768/857/691 742/822/670 734/821/667 754/854/677
f 657/704/590 733/812/666 738/815/669 660/705/593
f 660/705/593 738/815/669 748/819/673 661/708/594
f 661/720/594 748/831/673 747/828/672 668/716/601
f 668/716/601 747/828/672 735/827/668 658/713/591
f 752/836/675 677/740/610 687/743/620 755/837/678
f 755/837/678 687/743/620 680/747/613 756/840/679
f 756/852/679 680/735/613 679/732/612 763/848/686
f 763/848/686 679/732/612 676/731/609 753/845/676
f 847/968/628 809/914/590 814/917/595 850/969/631
f 850/969/631 814/917/595 824/921/605 851/972/632
f 851/984/632 824/936/605 823/933/604 858/980/639
f 858/980/639 823/933/604 811/932/592 848/977/629
f 810/923/591 828/941/609 833/944/614 818/924/599
f 818/924/599 833/944/614 843/948/624 819/927/600
f 819/939/600 843/963/624 842/960/623 825/935/606
f 825/935/606 842/960/623 830/959/611 811/932/592
f 829/950/610 866/995/647 871/998/652 837/951/618
f 837/951/618 871/998/652 881/1002/662 838/954/619
f 838/966/619 881/1017/662 880/1014/661 844/962/625
f 844/962/625 880/1014/661 868/1013/649 830/959/611
f 867/1004/648 849/986/630 863/989/644 875/1005/656
f 875/1005/656 863/989/644 857/993/638 876/1008/657
f 876/1020/657 857/981/638 856/978/637 882/1016/663
f 882/1016/663 856/978/637 848/977/629 868/1013/649
f 923/1073/290 847/968/628 852/971/633 926/1074/293
f 926/1074/293 852/971/633 862/975/643 927/1077/294
f 927/1089/294 862/990/643 861/987/642 934/1085/301
f 934/1085/301 861/987/642 849/986/630 924/1082/694
f 866/995/647 942/1097/700 947/1100/705 869/996/650
f 869/996/650 947/1100/705 957/1104/715 870/999/651
f 870/1011/651 957/1119/715 956/1116/714 877/1007/658
f 877/1007/658 956/1116/714 944/1115/702 867/1004/648
f 943/1106/701 925/1091/695 939/1094/699 951/1107/709
f 951/1107/709 939/1094/699 933/1096/698 952/1110/710
f 952/1122/710 933/1086/698 932/1083/697 958/1118/716
f 958/1118/716 932/1083/697 924/1082/694 944/1115/702
f 885/1022/666 923/1073/290 928/1076/295 888/1023/255
f 888/1023/255 928/1076/295 938/1080/305 889/1026/256
f 889/1026/256 938/1080/305 937/1092/304 896/1034/263
f 896/1034/263 937/1092/304 925/1091/695 886/1031/667
f 942/1097/700 904/1046/675 909/1049/680 945/1098/703
f 945/1098/703 909/1049/680 919/1053/690 946/1101/704
f 946/1113/704 919/1068/690 918/1065/689 953/1109/711
f 953/1109/711 918/1065/689 906/1064/677 943/1106/701
f 905/1055/676 887/1037/668 901/1040/674 913/1056/684
f 913/1056/684 901/1040/674 895/1044/671 914/1059/685
f 914/1071/685 895/1035/671 894/1032/670 920/1067/691
f 920/1067/691 894/1032/670 886/1031/667 906/1064/677
f 809/914/590 885/1022/666 890/1025/669 812/915/593
f 812/915/593 890/1025/669 900/1029/673 813/918/594
f 813/930/594 900/1041/673 899/1038/672 820/926/601
f 820/926/601 899/1038/672 887/1037/668 810/923/591
f 904/1046/675 829/950/610 839/953/620 907/1047/678
f 907/1047/678 839/953/620 832/957/613 908/1050/679
f 908/1062/679 832/945/613 831/942/612 915/1058/686
f 915/1058/686 831/942/612 828/941/609 905/1055/676
f 980/1151/702 961/1124/648 966/1127/658 983/1152/714
f 983/1152/714 966/1127/658 976/1131/651 984/1155/715
f 984/1167/715 976/1146/651 975/1143/650 991/1163/705
f 991/1163/705 975/1143/650 963/1142/647 981/1160/700
f 1058/1277/290 1038/1241/628 1048/1244/633 1070/1278/293
f 1070/1278/293 1048/1244/633 1041/1248/643 1071/1281/294
f 1071/1266/294 1041/1236/643 1040/1233/642 1061/1262/301
f 1061/1262/301 1040/1233/642 1037/1232/630 1056/1259/694
f 999/1178/609 1018/1205/676 1023/1208/686 1002/1179/612
f 1002/1179/612 1023/1208/686 1033/1212/679 1003/1182/613
f 1003/1194/613 1033/1227/679 1032/1224/678 1010/1190/620
f 1010/1190/620 1032/1224/678 1020/1223/675 1000/1187/610
f 962/1133/649 1001/1196/611 1015/1199/625 970/1134/661
f 970/1134/661 1015/1199/625 1009/1203/619 971/1137/662
f 971/1149/662 1009/1191/619 1008/1188/618 977/1145/652
f 977/1145/652 1008/1188/618 1000/1187/610 963/1142/647
f 1019/1214/677 982/1169/701 996/1172/711 1027/1215/689
f 1027/1215/689 996/1172/711 990/1176/704 1028/1218/690
f 1028/1230/690 990/1164/704 989/1161/703 1034/1226/680
f 1034/1226/680 989/1161/703 981/1160/700 1020/1223/675
f 1077/1301/590 1095/1319/666 1105/1322/669 1089/1302/593
f 1089/1302/593 1105/1322/669 1098/1326/673 1090/1305/594
f 1090/1290/594 1098/1314/673 1097/1311/672 1080/1286/601
f 1080/1286/601 1097/1311/672 1094/1310/668 1075/1283/591
f 1038/1241/628 1077/1301/590 1091/1304/595 1046/1242/631
f 1046/1242/631 1091/1304/595 1085/1308/605 1047/1245/632
f 1047/1257/632 1085/1296/605 1084/1293/604 1053/1253/639
f 1053/1253/639 1084/1293/604 1076/1292/592 1039/1250/629
f 1095/1319/666 1058/1277/290 1072/1280/295 1103/1320/255
f 1103/1320/255 1072/1280/295 1066/1272/305 1104/1323/256
f 1104/1323/256 1066/1272/305 1065/1269/304 1110/1331/263
f 1110/1331/263 1065/1269/304 1057/1268/695 1096/1328/667
f 961/1124/648 1037/1232/630 1042/1235/644 964/1125/656
f 964/1125/656 1042/1235/644 1052/1239/638 965/1128/657
f 965/1140/657 1052/1254/638 1051/1251/637 972/1136/663
f 972/1136/663 1051/1251/637 1039/1250/629 962/1133/649
f 1018/1205/676 1094/1310/668 1099/1313/674 1021/1206/684
f 1021/1206/684 1099/1313/674 1109/1317/671 1022/1209/685
f 1022/1221/685 1109/1332/671 1108/1329/670 1029/1217/691
f 1029/1217/691 1108/1329/670 1096/1328/667 1019/1214/677
f 1001/1196/611 1076/1292/592 1086/1295/606 1013/1197/623
f 1013/1197/623 1086/1295/606 1079/1299/600 1014/1200/624
f 1014/1185/624 1079/1287/600 1078/1284/599 1004/1181/614
f 1004/1181/614 1078/1284/599 1075/1283/591 999/1178/609
f 982/1169/701 1057/1268/695 1067/1271/699 994/1170/709
f 994/1170/709 1067/1271/699 1060/1275/698 995/1173/710
f 995/1158/710 1060/1263/698 1059/1260/697 985/1154/716
f 985/1154/716 1059/1260/697 1056/1259/694 980/1151/702
f 185/1335/165 191/1334/171 329/1381/309 335/1380/228
f 186/1344/166 231/276/211 196/1358/176 190/1345/170
f 186/1344/166 254/293/234 274/326/254 231/276/211
f 255/302/235 185/1335/165 335/1380/228 369/419/272
f 329/1381/309 191/1334/171 435/1418/373 456/497/394
f 190/1345/170 196/1358/176 440/1444/378 436/1447/374
f 441/1412/379 195/1363/175 225/1346/205 445/1429/383
f 195/1363/175 230/267/210 205/235/185 225/1346/205
f 224/1351/204 201/1369/181 451/1438/389 446/1441/384
f 207/251/187 249/1352/229 201/1369/181 224/1351/204
f 200/1364/180 248/1357/228 426/1382/165 345/1399/320
f 200/1364/180 345/1399/320 514/587/452 450/1430/388
f 207/251/187 311/371/291 293/353/273 249/1352/229
f 339/1405/314 206/243/186 180/234/162 536/1411/474
f 312/380/292 206/243/186 339/1405/314 407/473/350
f 229/260/209 182/233/163 180/234/162 206/243/186
f 229/260/209 273/320/253 351/404/326 431/1388/369
f 229/260/209 431/1388/369 547/1455/485 182/233/163
f 248/1357/228 292/344/272 389/455/235 426/1382/165
f 272/311/252 253/284/233 368/410/271 349/386/324
f 291/335/271 310/362/290 406/464/349 387/437/233
f 334/1371/229 330/1370/310 177/1502/159 430/1393/368
f 177/1502/159 330/1370/310 455/488/393 476/533/414
f 334/1371/229 430/1393/368 350/395/325 370/428/343
f 178/1503/160 340/1400/315 537/1406/475 532/1448/470
f 340/1400/315 178/1503/160 344/1394/319 425/1387/166
f 340/1400/315 425/1387/166 388/446/234 408/479/351
f 344/1394/319 178/1503/160 493/542/431 512/569/450
f 430/1393/368 177/1502/159 541/1465/479 546/1464/484
f 436/1423/374 440/1417/378 474/515/412 457/506/395
f 441/1412/379 445/1429/383 586/1484/524 561/1483/499
f 475/524/413 441/1412/379 561/1483/499 566/596/504
f 446/1424/384 451/1435/389 513/578/451 495/560/433
f 445/1429/383 494/551/432 590/623/528 586/1484/524
f 177/1502/159 476/533/414 551/1466/489 541/1465/479
f 551/1466/489 476/533/414 568/614/506 615/659/553
f 493/542/431 178/1503/160 532/1448/470 557/1477/495
f 493/542/431 557/1477/495 640/695/573 591/632/529
f 180/234/162 179/232/161 531/1453/469 536/1411/474
f 531/1453/469 179/232/161 184/231/164 556/1472/494
f 181/229/161 182/233/163 547/1455/485 542/1454/480
f 181/229/161 542/1454/480 552/1471/490 183/230/164
f 183/230/164 552/1471/490 614/650/552 610/1490/548
f 556/1472/494 184/231/164 633/1501/548 638/677/571
f 567/605/505 562/1478/500 609/1495/547 616/668/554
f 609/1495/547 562/1478/500 585/1489/523 634/1496/547
f 585/1489/523 592/641/530 639/686/572 634/1496/547
f 184/231/164 183/230/164 610/1490/548 633/1501/548
f 695/758/628 771/863/290 733/812/666 657/704/590
f 659/722/592 678/749/611 716/803/649 696/767/629
f 735/827/668 753/845/676 676/731/609 658/713/591
f 790/887/700 714/785/647 677/740/610 752/836/675
f 697/776/630 715/794/648 792/905/702 772/872/694
f 773/881/695 791/896/701 754/854/677 734/821/667
f 847/968/628 923/1073/290 885/1022/666 809/914/590
f 811/932/592 830/959/611 868/1013/649 848/977/629
f 887/1037/668 905/1055/676 828/941/609 810/923/591
f 942/1097/700 866/995/647 829/950/610 904/1046/675
f 849/986/630 867/1004/648 944/1115/702 924/1082/694
f 925/1091/695 943/1106/701 906/1064/677 886/1031/667
f 963/1142/647 1000/1187/610 1020/1223/675 981/1160/700
f 1001/1196/611 962/1133/649 1039/1250/629 1076/1292/592
f 961/1124/648 980/1151/702 1056/1259/694 1037/1232/630
f 982/1169/701 1019/1214/677 1096/1328/667 1057/1268/695
f 1018/1205/676 999/1178/609 1075/1283/591 1094/1310/668
f 1058/1277/290 1095/1319/666 1077/1301/590 1038/1241/628
o Cube.001
v 7.152554 -49.655533 31.009262
v 7.152554 -35.350426 31.009262
v -7.152554 -35.350426 31.009262
v -7.152554 -49.655533 31.009262
v -9.076277 -53.502979 29.085539
v -9.076277 -51.579254 31.009262
v -11.000000 -51.579254 29.085539
v -9.076278 -53.356544 29.821716
v -9.076278 -52.939533 30.445816
v -9.812454 -53.356544 29.085539
v -9.830904 -53.179817 29.840166
v -9.792615 -52.841709 30.347992
v -10.186939 -52.689919 30.196201
v -9.812454 -51.579258 30.862827
v -10.436555 -51.579258 30.445816
v -9.076278 -52.315434 30.862827
v -9.830904 -52.333885 30.686098
v -10.338730 -52.295593 30.347992
v -10.853566 -52.315434 29.085539
v -10.436555 -52.939533 29.085539
v -10.853566 -51.579258 29.821716
v -10.676837 -52.333885 29.840166
v -10.338730 -52.841709 29.801876
v -11.000000 -33.426704 29.085539
v -9.076277 -33.426704 31.009262
v -9.076277 -31.502979 29.085539
v -10.853566 -33.426701 29.821716
v -10.436555 -33.426701 30.445816
v -10.853566 -32.690525 29.085539
v -10.676837 -32.672073 29.840166
v -10.338730 -32.710365 30.347992
v -10.186939 -32.316040 30.196201
v -9.076278 -32.690525 30.862827
v -9.076278 -32.066425 30.445816
v -9.812454 -33.426701 30.862827
v -9.830904 -32.672073 30.686098
v -9.792615 -32.164249 30.347992
v -9.812454 -31.649414 29.085539
v -10.436555 -32.066425 29.085539
v -9.076278 -31.649414 29.821716
v -9.830904 -31.826141 29.840166
v -10.338730 -32.164249 29.801876
v 9.076277 -53.502979 29.085539
v 11.000000 -51.579254 29.085539
v 9.076277 -51.579254 31.009262
v 9.812454 -53.356544 29.085539
v 10.436555 -52.939533 29.085539
v 9.076278 -53.356544 29.821716
v 9.830904 -53.179817 29.840166
v 10.338730 -52.841709 29.801876
v 10.186939 -52.689919 30.196201
v 10.853566 -51.579258 29.821716
v 10.436555 -51.579258 30.445816
v 10.853566 -52.315434 29.085539
v 10.676837 -52.333885 29.840166
v 10.338730 -52.295593 30.347992
v 9.076278 -52.315434 30.862827
v 9.076278 -52.939533 30.445816
v 9.812454 -51.579258 30.862827
v 9.830904 -52.333885 30.686098
v 9.792615 -52.841709 30.347992
v 9.076277 -31.502979 29.085539
v 9.076277 -33.426704 31.009262
v 11.000000 -33.426704 29.085539
v 9.076278 -31.649414 29.821716
v 9.076278 -32.066425 30.445816
v 9.812454 -31.649414 29.085539
v 9.830904 -31.826141 29.840166
v 9.792615 -32.164249 30.347992
v 10.186939 -32.316040 30.196201
v 9.812454 -33.426701 30.862827
v 10.436555 -33.426701 30.445816
v 9.076278 -32.690525 30.862827
v 9.830904 -32.672073 30.686098
v 10.338730 -32.710365 30.347992
v 10.853566 -32.690525 29.085539
v 10.436555 -32.066425 29.085539
v 10.853566 -33.426701 29.821716
v 10.676837 -32.672073 29.840166
v 10.338730 -32.164249 29.801876
v -9.076277 -31.502979 25.148283
v -11.000000 -33.426704 25.148283
v -9.812454 -31.649414 25.148283
v -10.436555 -32.066425 25.148283
v -10.853565 -32.690525 25.148283
v 11.000000 -33.426704 25.148283
v 9.076277 -31.502979 25.148283
v 10.853565 -32.690525 25.148283
v 10.436555 -32.066425 25.148283
v 9.812454 -31.649414 25.148283
v 9.076277 -53.502979 25.148283
v 11.000000 -51.579254 25.148283
v 9.812454 -53.356544 25.148283
v 10.436555 -52.939533 25.148283
v 10.853565 -52.315434 25.148283
v -9.076277 -35.350426 23.224560
v -7.152554 -33.426704 23.224560
v -5.228830 -37.274147 25.148285
v -8.340100 -35.203991 23.224560
v -7.716000 -34.786980 23.224560
v -8.193664 -35.496861 23.960739
v -7.741143 -35.350426 23.934803
v -7.407361 -35.095619 23.916655
v -7.152553 -35.350426 24.330896
v -7.006118 -34.309315 23.960737
v -6.589108 -35.350426 24.584839
v -7.298988 -34.162880 23.224560
v -7.152554 -34.761833 23.934803
v -6.897745 -35.350426 24.503475
v -6.111440 -36.537971 25.001850
v -7.152551 -35.913872 24.584839
v -5.965007 -36.391541 25.001850
v -6.563962 -35.939018 24.789005
v -7.152552 -35.605232 24.503475
v 9.076277 -35.350426 23.224560
v 11.000000 -33.426704 27.072006
v 9.076277 -37.274147 25.148285
v 9.812454 -35.203991 24.107174
v 10.436555 -34.786980 25.148285
v 9.076277 -35.496861 23.960739
v 9.786520 -35.350426 24.559694
v 10.355192 -35.095619 25.148285
v 10.182611 -35.350426 25.148285
v 10.853565 -34.309315 26.335831
v 10.436555 -35.350426 25.711731
v 10.853565 -34.162880 26.189396
v 10.640721 -34.761833 25.736876
v 10.355192 -35.350426 25.403091
v 9.076277 -36.537971 25.001850
v 9.076277 -35.913872 24.584839
v 9.812454 -36.391537 25.294720
v 9.786520 -35.939018 25.148285
v 9.768372 -35.605232 24.893478
v -11.000000 -49.655533 29.085539
v -9.076277 -49.655533 31.009262
v -10.853565 -49.655533 29.821716
v -10.436555 -49.655533 30.445818
v -9.812454 -49.655533 30.862829
v -9.076277 -35.350426 31.009262
v -11.000000 -35.350426 29.085539
v -9.812454 -35.350426 30.862829
v -10.436555 -35.350426 30.445818
v -10.853565 -35.350426 29.821716
v 9.076277 -49.655533 31.009262
v 11.000000 -49.655533 29.085539
v 9.812454 -49.655533 30.862829
v 10.436555 -49.655533 30.445818
v 10.853565 -49.655533 29.821716
v 11.000000 -35.350426 29.085539
v 9.076277 -35.350426 31.009262
v 10.853565 -35.350426 29.821716
v 10.436555 -35.350426 30.445818
v 9.812454 -35.350426 30.862829
v 7.152554 -33.426704 31.009262
v 7.152554 -31.502979 29.085539
v 7.152554 -32.690525 30.862829
v 7.152554 -32.066425 30.445818
v 7.152554 -31.649414 29.821716
v -7.152554 -31.502979 29.085539
v -7.152554 -33.426704 31.009262
v -7.152554 -31.649414 29.821716
v -7.152554 -32.066425 30.445818
v -7.152554 -32.690525 30.862829
v -7.152554 -51.579254 31.009262
v -7.152554 -53.502979 29.085539
v -7.152554 -52.315434 30.862829
v -7.152554 -52.939533 30.445818
v -7.152554 -53.356544 29.821716
v 7.152554 -53.502979 29.085539
v 7.152554 -51.579254 31.009262
v 7.152554 -53.356544 29.821716
v 7.152554 -52.939533 30.445818
v 7.152554 -52.315434 30.862829
v 9.076277 -35.350426 23.224560
v 5.228830 -37.274147 25.148285
v 7.152554 -33.426704 23.224560
v 8.193664 -35.496861 23.960739
v 7.152551 -35.913872 24.584839
v 8.340100 -35.203991 23.224560
v 7.741143 -35.350426 23.934803
v 7.152552 -35.605232 24.503479
v 7.152553 -35.350426 24.330896
v 5.965007 -36.391541 25.001850
v 6.589108 -35.350426 24.584839
v 6.111440 -36.537971 25.001850
v 6.563962 -35.939018 24.789005
v 6.897745 -35.350426 24.503475
v 7.298988 -34.162880 23.224560
v 7.716000 -34.786980 23.224560
v 7.006118 -34.309315 23.960737
v 7.152554 -34.761837 23.934803
v 7.407361 -35.095619 23.916655
v -7.152554 -51.579254 23.224560
v -5.228830 -51.579254 25.148285
v -9.076277 -53.502979 27.072006
v -7.006118 -51.579254 23.960739
v -6.589108 -51.579254 24.584839
v -7.298988 -52.315434 24.107174
v -7.152554 -52.289497 24.559694
v -6.897745 -52.271351 24.893478
v -7.152553 -52.685593 25.148285
v -6.111443 -52.315434 25.294720
v -7.152554 -52.939533 25.711731
v -5.965007 -51.579254 25.001850
v -6.563962 -52.289497 25.148285
v -7.152554 -52.858170 25.403091
v -8.340100 -53.356544 26.189396
v -7.716000 -52.939533 25.148285
v -8.193666 -53.356544 26.335831
v -7.741145 -53.143700 25.736876
v -7.407361 -52.858170 25.148285
v -7.152554 -51.579254 23.224560
v -9.076277 -49.655533 23.224560
v -5.228830 -47.731812 25.148285
v -7.298988 -50.843079 23.224560
v -7.716000 -50.218979 23.224560
v -7.006118 -50.696644 23.960739
v -7.152554 -50.244122 23.934803
v -7.407361 -49.910339 23.916655
v -7.152553 -49.655533 24.330896
v -8.193664 -49.509098 23.960737
v -7.152552 -49.092087 24.584839
v -8.340100 -49.801968 23.224560
v -7.741144 -49.655533 23.934803
v -7.152552 -49.400726 24.503475
v -5.965007 -48.614418 25.001850
v -6.589108 -49.655529 24.584839
v -6.111441 -48.467987 25.001850
v -6.563962 -49.066940 24.789005
v -6.897745 -49.655533 24.503475
v 7.152554 -51.579254 23.224560
v 5.228830 -47.731812 25.148285
v 9.076277 -49.655533 23.224560
v 7.006118 -50.696644 23.960737
v 6.589108 -49.655533 24.584839
v 7.298988 -50.843079 23.224560
v 7.152554 -50.244125 23.934803
v 6.897745 -49.655533 24.503475
v 7.152553 -49.655533 24.330894
v 6.111441 -48.467987 25.001850
v 7.152552 -49.092087 24.584839
v 5.965007 -48.614418 25.001850
v 6.563962 -49.066940 24.789005
v 7.152552 -49.400726 24.503475
v 8.340100 -49.801968 23.224560
v 7.716000 -50.218979 23.224560
v 8.193664 -49.509098 23.960737
v 7.741143 -49.655533 23.934803
v 7.407361 -49.910339 23.916655
v -9.076277 -47.731812 25.148283
v -9.076277 -49.655533 23.224560
v -11.000000 -51.579254 27.072006
v -9.076277 -48.467987 25.001846
v -9.076277 -49.092087 24.584835
v -9.812454 -48.614422 25.294720
v -9.786520 -49.066940 25.148283
v -9.768372 -49.400726 24.893475
v -10.182611 -49.655533 25.148285
v -9.812454 -49.801968 24.107172
v -10.436555 -50.218979 25.148285
v -9.076277 -49.509098 23.960735
v -9.786520 -49.655533 24.559692
v -10.355192 -49.910339 25.148285
v -10.853565 -50.696648 26.335831
v -10.436555 -49.655533 25.711731
v -10.853565 -50.843079 26.189396
v -10.640721 -50.244125 25.736876
v -10.355192 -49.655533 25.403091
v 9.076277 -47.731812 25.148283
v 11.000000 -51.579254 27.072006
v 9.076277 -49.655533 23.224560
v 9.812454 -48.614422 25.294720
v 10.436555 -49.655533 25.711731
v 9.076277 -48.467987 25.001848
v 9.786520 -49.066940 25.148283
v 10.355192 -49.655533 25.403091
v 10.182611 -49.655533 25.148285
v 10.853565 -50.843079 26.189396
v 10.436555 -50.218979 25.148285
v 10.853565 -50.696648 26.335831
v 10.640721 -50.244125 25.736876
v 10.355192 -49.910339 25.148285
v 9.076277 -49.509098 23.960737
v 9.076277 -49.092087 24.584839
v 9.812454 -49.801968 24.107174
v 9.786520 -49.655533 24.559692
v 9.768372 -49.400726 24.893476
v -9.076277 -35.350426 23.224560
v -9.076277 -37.274147 25.148285
v -11.000000 -33.426704 27.072006
v -9.076277 -35.496861 23.960739
v -9.076277 -35.913872 24.584839
v -9.812454 -35.203991 24.107174
v -9.786520 -35.350426 24.559694
v -9.768372 -35.605232 24.893478
v -10.182611 -35.350426 25.148285
v -9.812454 -36.391537 25.294720
v -10.436555 -35.350426 25.711731
v -9.076277 -36.537971 25.001850
v -9.786520 -35.939018 25.148285
v -10.355192 -35.350426 25.403091
v -10.853565 -34.162880 26.189396
v -10.436555 -34.786980 25.148285
v -10.853565 -34.309315 26.335831
v -10.640721 -34.761833 25.736876
v -10.355192 -35.095619 25.148285
v -5.228830 -33.426704 25.148283
v -7.152554 -33.426704 23.224560
v -9.076277 -31.502979 27.072006
v -5.965007 -33.426704 25.001846
v -6.589108 -33.426704 24.584835
v -6.111443 -32.690525 25.294720
v -6.563963 -32.716461 25.148283
v -6.897746 -32.734608 24.893475
v -7.152554 -32.320366 25.148285
v -7.298988 -32.690525 24.107172
v -7.716000 -32.066425 25.148285
v -7.006118 -33.426704 23.960735
v -7.152554 -32.716461 24.559692
v -7.407361 -32.147789 25.148285
v -8.193666 -31.649414 26.335831
v -7.152555 -32.066425 25.711731
v -8.340100 -31.649414 26.189396
v -7.741145 -31.862259 25.736876
v -7.152554 -32.147789 25.403091
v 5.228830 -33.426704 25.148283
v 9.076277 -31.502979 27.072006
v 7.152554 -33.426704 23.224560
v 6.111443 -32.690525 25.294720
v 7.152555 -32.066425 25.711731
v 5.965007 -33.426704 25.001848
v 6.563963 -32.716461 25.148283
v 7.152554 -32.147789 25.403091
v 7.152554 -32.320366 25.148285
v 8.340100 -31.649414 26.189396
v 7.716000 -32.066425 25.148285
v 8.193666 -31.649414 26.335831
v 7.741145 -31.862259 25.736876
v 7.407361 -32.147789 25.148285
v 7.006118 -33.426704 23.960737
v 6.589108 -33.426704 24.584839
v 7.298988 -32.690525 24.107174
v 7.152554 -32.716461 24.559692
v 6.897746 -32.734608 24.893476
v 5.228830 -51.579254 25.148283
v 7.152554 -51.579254 23.224560
v 9.076277 -53.502979 27.072006
v 5.965007 -51.579254 25.001846
v 6.589108 -51.579254 24.584835
v 6.111443 -52.315434 25.294720
v 6.563963 -52.289497 25.148283
v 6.897746 -52.271351 24.893475
v 7.152554 -52.685593 25.148285
v 7.298988 -52.315434 24.107172
v 7.716000 -52.939533 25.148285
v 7.006118 -51.579254 23.960735
v 7.152554 -52.289497 24.559692
v 7.407361 -52.858170 25.148285
v 8.193666 -53.356544 26.335831
v 7.152555 -52.939533 25.711731
v 8.340100 -53.356544 26.189396
v 7.741145 -53.143700 25.736876
v 7.152554 -52.858170 25.403091
v -11.000000 -51.579254 25.148283
v -9.076277 -53.502979 25.148283
v -10.853565 -52.315434 25.148283
v -10.436555 -52.939533 25.148283
v -9.812454 -53.356544 25.148283
v 4.881602 -45.460857 29.085539
v 2.957879 -47.384583 29.085539
v 6.805325 -49.308304 31.009262
v 4.735167 -46.197037 29.085539
v 4.318156 -46.821136 29.085539
v 5.028036 -46.343472 29.821716
v 4.881601 -46.795990 29.795784
v 4.626794 -47.129772 29.777636
v 4.881602 -47.384583 30.191875
v 3.840491 -47.531013 29.821716
v 4.881603 -47.948025 30.445818
v 3.694056 -47.238148 29.085539
v 4.293012 -47.384583 29.795784
v 4.881603 -47.639389 30.364454
v 6.069147 -48.425694 30.862829
v 5.445046 -47.384583 30.445818
v 5.922715 -48.572128 30.862829
v 5.470193 -47.973171 30.649984
v 5.136409 -47.384583 30.364456
v 4.881602 -39.545101 29.085539
v 6.805325 -35.697655 31.009262
v 2.957879 -37.621376 29.085539
v 5.028036 -38.662487 29.821716
v 5.445046 -37.621376 30.445818
v 4.735167 -38.808922 29.085539
v 4.881601 -38.209969 29.795784
v 5.136409 -37.621376 30.364454
v 4.881602 -37.621376 30.191875
v 5.922715 -36.433830 30.862829
v 4.881603 -37.057934 30.445818
v 6.069147 -36.580265 30.862829
v 5.470193 -37.032787 30.649984
v 4.881602 -37.366570 30.364456
v 3.694056 -37.767811 29.085539
v 4.318156 -38.184822 29.085539
v 3.840491 -37.474945 29.821716
v 4.293011 -37.621376 29.795784
v 4.626794 -37.876186 29.777636
v -2.957879 -37.621376 29.085539
v -6.805325 -35.697655 31.009262
v -4.881602 -39.545101 29.085539
v -3.840491 -37.474945 29.821716
v -4.881603 -37.057934 30.445818
v -3.694056 -37.767811 29.085539
v -4.293012 -37.621376 29.795784
v -4.881603 -37.366570 30.364454
v -4.881602 -37.621376 30.191875
v -6.069147 -36.580265 30.862829
v -5.445046 -37.621376 30.445818
v -5.922715 -36.433830 30.862829
v -5.470193 -37.032787 30.649984
v -5.136409 -37.621376 30.364456
v -4.735167 -38.808922 29.085539
v -4.318156 -38.184822 29.085539
v -5.028036 -38.662487 29.821716
v -4.881601 -38.209969 29.795784
v -4.626794 -37.876186 29.777636
v -2.957879 -47.384583 29.085539
v -4.881602 -45.460857 29.085539
v -6.805325 -49.308304 31.009262
v -3.694056 -47.238148 29.085539
v -4.318156 -46.821136 29.085539
v -3.840491 -47.531013 29.821716
v -4.293011 -47.384583 29.795784
v -4.626794 -47.129772 29.777636
v -4.881602 -47.384583 30.191875
v -5.028036 -46.343472 29.821716
v -5.445046 -47.384583 30.445818
v -4.735167 -46.197037 29.085539
v -4.881601 -46.795990 29.795784
v -5.136409 -47.384583 30.364454
v -5.922715 -48.572128 30.862829
v -4.881603 -47.948025 30.445818
v -6.069147 -48.425694 30.862829
v -5.470193 -47.973171 30.649984
v -4.881602 -47.639389 30.364456
v -2.957879 -47.384583 27.072008
v -6.805325 -49.308304 25.148285
v -4.881602 -45.460857 27.072008
v -3.840491 -47.531013 26.335831
v -4.881603 -47.948025 25.711729
v -3.694056 -47.238148 27.072008
v -4.293012 -47.384583 26.361765
v -4.881602 -47.639389 25.793091
v -4.881602 -47.384583 25.965672
v -6.069147 -48.425694 25.294718
v -5.445046 -47.384583 25.711729
v -5.922715 -48.572128 25.294718
v -5.470192 -47.973171 25.507561
v -5.136409 -47.384583 25.793091
v -4.735167 -46.197037 27.072008
v -4.318156 -46.821136 27.072008
v -5.028036 -46.343472 26.335831
v -4.881601 -46.795990 26.361765
v -4.626794 -47.129772 26.379913
v 2.957879 -47.384583 27.072008
v 4.881602 -45.460857 27.072008
v 6.805325 -49.308304 25.148285
v 3.694056 -47.238148 27.072008
v 4.318156 -46.821136 27.072008
v 3.840491 -47.531013 26.335831
v 4.293011 -47.384583 26.361765
v 4.626794 -47.129772 26.379913
v 4.881602 -47.384583 25.965672
v 5.028036 -46.343472 26.335831
v 5.445046 -47.384583 25.711729
v 4.735167 -46.197037 27.072008
v 4.881601 -46.795990 26.361765
v 5.136409 -47.384583 25.793091
v 5.922715 -48.572128 25.294718
v 4.881603 -47.948025 25.711729
v 6.069147 -48.425694 25.294718
v 5.470193 -47.973171 25.507561
v 4.881602 -47.639389 25.793091
v 4.881602 -39.545101 27.072008
v 2.957879 -37.621376 27.072008
v 6.805325 -35.697655 25.148285
v 4.735167 -38.808922 27.072008
v 4.318156 -38.184822 27.072008
v 5.028036 -38.662487 26.335831
v 4.881601 -38.209969 26.361765
v 4.626794 -37.876186 26.379913
v 4.881602 -37.621376 25.965672
v 3.840491 -37.474945 26.335831
v 4.881603 -37.057934 25.711729
v 3.694056 -37.767811 27.072008
v 4.293012 -37.621376 26.361765
v 4.881603 -37.366570 25.793091
v 6.069147 -36.580265 25.294718
v 5.445046 -37.621376 25.711729
v 5.922715 -36.433830 25.294718
v 5.470193 -37.032787 25.507561
v 5.136409 -37.621376 25.793091
v -4.881602 -39.545101 27.072008
v -6.805325 -35.697655 25.148285
v -2.957879 -37.621376 27.072008
v -5.028036 -38.662487 26.335831
v -5.445046 -37.621376 25.711729
v -4.735167 -38.808922 27.072008
v -4.881601 -38.209969 26.361765
v -5.136409 -37.621376 25.793091
v -4.881602 -37.621376 25.965672
v -5.922715 -36.433830 25.294718
v -4.881603 -37.057934 25.711729
v -6.069147 -36.580265 25.294718
v -5.470193 -37.032787 25.507561
v -4.881602 -37.366570 25.793091
v -3.694056 -37.767811 27.072008
v -4.318156 -38.184822 27.072008
v -3.840491 -37.474945 26.335831
v -4.293011 -37.621376 26.361765
v -4.626794 -37.876186 26.379913
v -9.076277 -31.502979 22.754038
v -9.076277 -33.426704 20.830315
v -11.000000 -33.426704 22.754038
v -9.076278 -31.649414 22.017860
v -9.076278 -32.066425 21.393761
v -9.812454 -31.649414 22.754038
v -9.830904 -31.826141 21.999413
v -9.792615 -32.164249 21.491585
v -10.186939 -32.316040 21.643375
v -9.812454 -33.426701 20.976749
v -10.436555 -33.426701 21.393761
v -9.076278 -32.690525 20.976749
v -9.830904 -32.672073 21.153479
v -10.338730 -32.710365 21.491585
v -10.853566 -32.690525 22.754038
v -10.436555 -32.066425 22.754038
v -10.853566 -33.426701 22.017860
v -10.676837 -32.672073 21.999413
v -10.338730 -32.164249 22.037701
v 9.076277 -31.502979 22.754038
v 11.000000 -33.426704 22.754038
v 9.076277 -33.426704 20.830315
v 9.812454 -31.649414 22.754038
v 10.436555 -32.066425 22.754038
v 9.076278 -31.649414 22.017860
v 9.830904 -31.826141 21.999413
v 10.338730 -32.164249 22.037701
v 10.186939 -32.316040 21.643375
v 10.853566 -33.426701 22.017860
v 10.436555 -33.426701 21.393761
v 10.853566 -32.690525 22.754038
v 10.676837 -32.672073 21.999413
v 10.338730 -32.710365 21.491585
v 9.076278 -32.690525 20.976749
v 9.076278 -32.066425 21.393761
v 9.812454 -33.426701 20.976749
v 9.830904 -32.672073 21.153479
v 9.792615 -32.164249 21.491585
v 11.000000 -51.579254 22.754038
v 9.076277 -53.502979 22.754038
v 9.076277 -51.579254 20.830315
v 10.853566 -52.315434 22.754038
v 10.436555 -52.939533 22.754038
v 10.853566 -51.579258 22.017860
v 10.676837 -52.333885 21.999413
v 10.338730 -52.841709 22.037701
v 10.186939 -52.689919 21.643375
v 9.076278 -53.356544 22.017860
v 9.076278 -52.939533 21.393761
v 9.812454 -53.356544 22.754038
v 9.830904 -53.179817 21.999413
v 9.792615 -52.841709 21.491587
v 9.812454 -51.579258 20.976749
v 10.436555 -51.579258 21.393761
v 9.076278 -52.315434 20.976749
v 9.830904 -52.333885 21.153481
v 10.338730 -52.295593 21.491587
v -9.076277 -35.350426 22.754040
v -9.076277 -33.426704 20.830315
v -7.152554 -33.426704 22.754040
v -9.076277 -35.203991 22.017862
v -9.076277 -34.786980 21.393761
v -8.340099 -35.203991 22.754040
v -8.321651 -35.027260 21.999413
v -8.359939 -34.689156 21.491589
v -7.965615 -34.537365 21.643377
v -8.340099 -33.426704 20.976751
v -7.715999 -33.426704 21.393761
v -9.076277 -34.162880 20.976751
v -8.321651 -34.181328 21.153481
v -7.813824 -34.143040 21.491589
v -7.298988 -34.162880 22.754040
v -7.715999 -34.786980 22.754040
v -7.298988 -33.426704 22.017862
v -7.475718 -34.181328 21.999413
v -7.813824 -34.689156 22.037703
v 9.076277 -35.350426 22.754040
v 9.076277 -33.426704 20.830315
v 11.000000 -33.426704 22.754040
v 9.076278 -35.203991 22.017862
v 9.076278 -34.786980 21.393761
v 9.812454 -35.203991 22.754040
v 9.830904 -35.027260 21.999413
v 9.792615 -34.689156 21.491589
v 10.186939 -34.537365 21.643377
v 9.812454 -33.426704 20.976751
v 10.436555 -33.426704 21.393761
v 9.076278 -34.162880 20.976751
v 9.830904 -34.181328 21.153481
v 10.338730 -34.143040 21.491589
v 10.853566 -34.162880 22.754040
v 10.436555 -34.786980 22.754040
v 10.853566 -33.426704 22.017862
v 10.676837 -34.181328 21.999413
v 10.338730 -34.689156 22.037703
v 9.076277 -35.350426 22.754040
v 7.152554 -33.426704 22.754038
v 9.076277 -33.426704 20.830315
v 8.340099 -35.203991 22.754040
v 7.715999 -34.786980 22.754038
v 9.076277 -35.203991 22.017862
v 8.321651 -35.027260 21.999413
v 7.813824 -34.689156 22.037701
v 7.965615 -34.537365 21.643377
v 7.298988 -33.426704 22.017860
v 7.715999 -33.426704 21.393761
v 7.298988 -34.162880 22.754038
v 7.475718 -34.181328 21.999413
v 7.813824 -34.143040 21.491587
v 9.076277 -34.162880 20.976749
v 9.076277 -34.786980 21.393761
v 8.340099 -33.426704 20.976749
v 8.321651 -34.181328 21.153481
v 8.359939 -34.689156 21.491587
v -7.152554 -51.579254 22.754040
v -9.076277 -53.502979 22.754038
v -9.076277 -51.579254 20.830315
v -7.298988 -52.315434 22.754040
v -7.715999 -52.939533 22.754038
v -7.298988 -51.579258 22.017862
v -7.475718 -52.333885 21.999413
v -7.813824 -52.841709 22.037701
v -7.965615 -52.689919 21.643377
v -9.076277 -53.356544 22.017860
v -9.076277 -52.939533 21.393761
v -8.340099 -53.356544 22.754038
v -8.321651 -53.179817 21.999413
v -8.359939 -52.841709 21.491587
v -8.340099 -51.579258 20.976749
v -7.715999 -51.579258 21.393761
v -9.076277 -52.315434 20.976749
v -8.321651 -52.333885 21.153481
v -7.813824 -52.295593 21.491587
v -7.152554 -51.579254 22.754040
v -9.076277 -51.579254 20.830315
v -9.076277 -49.655533 22.754040
v -7.298988 -51.579254 22.017862
v -7.715999 -51.579254 21.393761
v -7.298988 -50.843079 22.754040
v -7.475718 -50.824631 21.999413
v -7.813824 -50.862919 21.491589
v -7.965615 -50.468594 21.643377
v -9.076277 -50.843079 20.976751
v -9.076277 -50.218979 21.393761
v -8.340099 -51.579254 20.976751
v -8.321651 -50.824631 21.153481
v -8.359939 -50.316803 21.491589
v -8.340099 -49.801968 22.754040
v -7.715999 -50.218979 22.754040
v -9.076277 -49.801968 22.017862
v -8.321651 -49.978699 21.999413
v -7.813824 -50.316803 22.037703
v 7.152554 -51.579254 22.754040
v 9.076277 -49.655533 22.754038
v 9.076277 -51.579254 20.830315
v 7.298988 -50.843079 22.754040
v 7.715999 -50.218979 22.754040
v 7.298988 -51.579254 22.017862
v 7.475718 -50.824631 21.999413
v 7.813824 -50.316803 22.037701
v 7.965615 -50.468594 21.643377
v 9.076277 -49.801968 22.017860
v 9.076277 -50.218979 21.393761
v 8.340099 -49.801968 22.754038
v 8.321651 -49.978699 21.999413
v 8.359939 -50.316803 21.491587
v 8.340099 -51.579254 20.976749
v 7.715999 -51.579254 21.393761
v 9.076277 -50.843079 20.976749
v 8.321651 -50.824631 21.153481
v 7.813824 -50.862919 21.491587
v -11.000000 -51.579254 22.754038
v -9.076277 -49.655533 22.754038
v -9.076277 -51.579254 20.830315
v -10.853566 -50.843079 22.754038
v -10.436555 -50.218979 22.754038
v -10.853566 -51.579254 22.017860
v -10.676837 -50.824631 21.999413
v -10.338730 -50.316803 22.037701
v -10.186939 -50.468594 21.643375
v -9.076278 -49.801968 22.017860
v -9.076278 -50.218979 21.393761
v -9.812454 -49.801968 22.754038
v -9.830904 -49.978699 21.999413
v -9.792615 -50.316803 21.491585
v -9.812454 -51.579254 20.976749
v -10.436555 -51.579254 21.393761
v -9.076278 -50.843079 20.976749
v -9.830904 -50.824631 21.153479
v -10.338730 -50.862919 21.491585
v 11.000000 -51.579254 22.754038
v 9.076277 -51.579254 20.830315
v 9.076277 -49.655533 22.754038
v 10.853566 -51.579254 22.017860
v 10.436555 -51.579254 21.393761
v 10.853566 -50.843079 22.754038
v 10.676837 -50.824631 21.999413
v 10.338730 -50.862919 21.491585
v 10.186939 -50.468594 21.643375
v 9.076278 -50.843079 20.976749
v 9.076278 -50.218979 21.393761
v 9.812454 -51.579254 20.976749
v 9.830904 -50.824631 21.153479
v 9.792615 -50.316803 21.491585
v 9.812454 -49.801968 22.754038
v 10.436555 -50.218979 22.754038
v 9.076278 -49.801968 22.017860
v 9.830904 -49.978699 21.999413
v 10.338730 -50.316803 22.037701
v -9.076277 -35.350426 22.754040
v -11.000000 -33.426704 22.754038
v -9.076277 -33.426704 20.830315
v -9.812454 -35.203991 22.754040
v -10.436555 -34.786980 22.754038
v -9.076278 -35.203991 22.017862
v -9.830904 -35.027260 21.999413
v -10.338730 -34.689156 22.037701
v -10.186939 -34.537365 21.643377
v -10.853566 -33.426704 22.017860
v -10.436555 -33.426704 21.393761
v -10.853566 -34.162880 22.754038
v -10.676837 -34.181328 21.999413
v -10.338730 -34.143040 21.491587
v -9.076278 -34.162880 20.976749
v -9.076278 -34.786980 21.393761
v -9.812454 -33.426704 20.976749
v -9.830904 -34.181328 21.153481
v -9.792615 -34.689156 21.491587
v -9.076277 -31.502979 22.754038
v -7.152554 -33.426704 22.754038
v -9.076277 -33.426704 20.830315
v -8.340099 -31.649414 22.754038
v -7.715999 -32.066425 22.754038
v -9.076277 -31.649414 22.017860
v -8.321651 -31.826141 21.999413
v -7.813824 -32.164249 22.037701
v -7.965615 -32.316040 21.643375
v -7.298988 -33.426701 22.017860
v -7.715999 -33.426701 21.393761
v -7.298988 -32.690525 22.754038
v -7.475718 -32.672073 21.999413
v -7.813824 -32.710365 21.491585
v -9.076277 -32.690525 20.976749
v -9.076277 -32.066425 21.393761
v -8.340099 -33.426701 20.976749
v -8.321651 -32.672073 21.153479
v -8.359939 -32.164249 21.491585
v 9.076277 -31.502979 22.754038
v 9.076277 -33.426704 20.830315
v 7.152554 -33.426704 22.754038
v 9.076277 -31.649414 22.017860
v 9.076277 -32.066425 21.393761
v 8.340099 -31.649414 22.754038
v 8.321651 -31.826141 21.999413
v 8.359939 -32.164249 21.491585
v 7.965615 -32.316040 21.643375
v 8.340099 -33.426701 20.976749
v 7.715999 -33.426701 21.393761
v 9.076277 -32.690525 20.976749
v 8.321651 -32.672073 21.153479
v 7.813824 -32.710365 21.491585
v 7.298988 -32.690525 22.754038
v 7.715999 -32.066425 22.754038
v 7.298988 -33.426701 22.017860
v 7.475718 -32.672073 21.999413
v 7.813824 -32.164249 22.037701
v 9.076277 -53.502979 22.754038
v 7.152554 -51.579254 22.754038
v 9.076277 -51.579254 20.830315
v 8.340099 -53.356544 22.754038
v 7.715999 -52.939533 22.754038
v 9.076277 -53.356544 22.017860
v 8.321651 -53.179817 21.999413
v 7.813824 -52.841709 22.037701
v 7.965615 -52.689919 21.643375
v 7.298988 -51.579258 22.017860
v 7.715999 -51.579258 21.393761
v 7.298988 -52.315434 22.754038
v 7.475718 -52.333885 21.999413
v 7.813824 -52.295593 21.491585
v 9.076277 -52.315434 20.976749
v 9.076277 -52.939533 21.393761
v 8.340099 -51.579258 20.976749
v 8.321651 -52.333885 21.153479
v 8.359939 -52.841709 21.491585
v -11.000000 -51.579254 22.754038
v -9.076277 -51.579254 20.830315
v -9.076277 -53.502979 22.754038
v -10.853566 -51.579258 22.017860
v -10.436555 -51.579258 21.393761
v -10.853566 -52.315434 22.754038
v -10.676837 -52.333885 21.999413
v -10.338730 -52.295593 21.491585
v -10.186939 -52.689919 21.643375
v -9.076278 -52.315434 20.976749
v -9.076278 -52.939533 21.393761
v -9.812454 -51.579258 20.976749
v -9.830904 -52.333885 21.153479
v -9.792615 -52.841709 21.491585
v -9.812454 -53.356544 22.754038
v -10.436555 -52.939533 22.754038
v -9.076278 -53.356544 22.017860
v -9.830904 -53.179817 21.999413
v -10.338730 -52.841709 22.037701
v -9.777586 -54.204292 1.923723
v -11.701309 -52.280567 1.923723
v -9.777586 -52.280567 0.000000
v -10.513763 -54.057858 1.923722
v -11.137864 -53.640846 1.923722
v -9.777586 -54.057858 1.187546
v -10.532212 -53.881126 1.169096
v -11.040038 -53.543022 1.207385
v -10.888248 -53.391228 0.813061
v -11.554874 -52.280567 1.187546
v -11.137864 -52.280567 0.563445
v -11.554874 -53.016747 1.923722
v -11.378145 -53.035194 1.169096
v -11.040038 -52.996906 0.661270
v -9.777586 -53.016747 0.146434
v -9.777586 -53.640846 0.563445
v -10.513763 -52.280567 0.146434
v -10.532212 -53.035194 0.323163
v -10.493924 -53.543022 0.661270
v -9.777586 -30.801674 1.923723
v -9.777586 -32.725395 0.000000
v -11.701309 -32.725395 1.923723
v -9.777586 -30.948107 1.187546
v -9.777586 -31.365118 0.563445
v -10.513763 -30.948107 1.923722
v -10.532212 -31.124836 1.169096
v -10.493924 -31.462944 0.661270
v -10.888248 -31.614735 0.813061
v -10.513763 -32.725395 0.146434
v -11.137864 -32.725395 0.563445
v -9.777586 -31.989220 0.146434
v -10.532212 -31.970768 0.323163
v -11.040038 -32.009056 0.661270
v -11.554874 -31.989220 1.923722
v -11.137864 -31.365118 1.923722
v -11.554874 -32.725395 1.187546
v -11.378145 -31.970768 1.169096
v -11.040038 -31.462944 1.207385
v 9.777586 -54.204292 1.923723
v 9.777586 -52.280567 0.000000
v 11.701309 -52.280567 1.923723
v 9.777586 -54.057858 1.187546
v 9.777586 -53.640846 0.563445
v 10.513763 -54.057858 1.923722
v 10.532212 -53.881126 1.169096
v 10.493924 -53.543022 0.661270
v 10.888248 -53.391228 0.813061
v 10.513763 -52.280567 0.146434
v 11.137864 -52.280567 0.563445
v 9.777586 -53.016747 0.146434
v 10.532212 -53.035194 0.323163
v 11.040038 -52.996906 0.661270
v 11.554874 -53.016747 1.923722
v 11.137864 -53.640846 1.923722
v 11.554874 -52.280567 1.187546
v 11.378145 -53.035194 1.169096
v 11.040038 -53.543022 1.207385
v 11.701309 -32.725395 1.923723
v 9.777586 -32.725395 0.000000
v 9.777586 -30.801674 1.923723
v 11.554874 -32.725395 1.187546
v 11.137864 -32.725395 0.563445
v 11.554874 -31.989220 1.923722
v 11.378145 -31.970768 1.169096
v 11.040038 -32.009056 0.661270
v 10.888248 -31.614735 0.813061
v 9.777586 -31.989220 0.146434
v 9.777586 -31.365118 0.563445
v 10.513763 -32.725395 0.146434
v 10.532212 -31.970768 0.323163
v 10.493924 -31.462944 0.661270
v 10.513763 -30.948107 1.923722
v 11.137864 -31.365118 1.923722
v 9.777586 -30.948107 1.187546
v 10.532212 -31.124836 1.169096
v 11.040038 -31.462944 1.207385
v -9.777586 -54.204292 21.875151
v -9.777586 -52.280567 23.798874
v -11.701309 -52.280567 21.875151
v -9.777586 -54.057858 22.611328
v -9.777586 -53.640846 23.235428
v -10.513763 -54.057858 21.875151
v -10.532212 -53.881126 22.629776
v -10.493924 -53.543022 23.137604
v -10.888248 -53.391228 22.985813
v -10.513763 -52.280567 23.652439
v -11.137864 -52.280567 23.235428
v -9.777586 -53.016747 23.652439
v -10.532212 -53.035194 23.475708
v -11.040038 -52.996906 23.137604
v -11.554874 -53.016747 21.875151
v -11.137864 -53.640846 21.875151
v -11.554874 -52.280567 22.611328
v -11.378145 -53.035194 22.629776
v -11.040038 -53.543022 22.591488
v -8.374968 -48.954227 21.875151
v -8.374968 -50.877949 23.798874
v -6.451244 -50.877949 21.875151
v -8.374968 -49.100662 22.611328
v -8.374968 -49.517670 23.235428
v -7.638790 -49.100662 21.875151
v -7.620341 -49.277390 22.629776
v -7.658629 -49.615498 23.137604
v -7.264305 -49.767288 22.985813
v -7.638790 -50.877949 23.652439
v -7.014690 -50.877949 23.235428
v -8.374968 -50.141773 23.652439
v -7.620341 -50.123322 23.475708
v -7.112515 -50.161613 23.137604
v -6.597679 -50.141773 21.875151
v -7.014690 -49.517670 21.875151
v -6.597679 -50.877949 22.611328
v -6.774408 -50.123322 22.629776
v -7.112515 -49.615498 22.591488
v -8.374968 -30.801674 21.875151
v -8.374968 -32.725395 23.798874
v -6.451244 -32.725395 21.875153
v -8.374968 -30.948107 22.611326
v -8.374968 -31.365118 23.235428
v -7.638790 -30.948107 21.875149
v -7.620341 -31.124836 22.629776
v -7.658629 -31.462944 23.137602
v -7.264305 -31.614735 22.985813
v -7.638790 -32.725395 23.652439
v -7.014690 -32.725395 23.235428
v -8.374968 -31.989220 23.652439
v -7.620341 -31.970768 23.475708
v -7.112515 -32.009056 23.137602
v -6.597679 -31.989220 21.875151
v -7.014690 -31.365118 21.875151
v -6.597679 -32.725395 22.611328
v -6.774408 -31.970768 22.629776
v -7.112515 -31.462944 22.591488
v -11.701309 -34.128014 1.923723
v -9.777586 -34.128014 0.000000
v -9.777586 -36.051739 1.923723
v -11.554874 -34.128014 1.187546
v -11.137864 -34.128014 0.563445
v -11.554874 -34.864193 1.923722
v -11.378145 -34.882641 1.169096
v -11.040038 -34.844353 0.661270
v -10.888248 -35.238678 0.813061
v -9.777586 -34.864193 0.146434
v -9.777586 -35.488293 0.563445
v -10.513763 -34.128014 0.146434
v -10.532212 -34.882641 0.323163
v -10.493924 -35.390469 0.661270
v -10.513763 -35.905304 1.923722
v -11.137864 -35.488293 1.923722
v -9.777586 -35.905304 1.187546
v -10.532212 -35.728573 1.169096
v -11.040038 -35.390469 1.207385
v -11.701309 -50.877949 1.923723
v -9.777586 -48.954227 1.923723
v -9.777586 -50.877949 0.000000
v -11.554874 -50.141773 1.923722
v -11.137864 -49.517670 1.923722
v -11.554874 -50.877949 1.187546
v -11.378145 -50.123322 1.169096
v -11.040038 -49.615498 1.207385
v -10.888248 -49.767288 0.813061
v -9.777586 -49.100662 1.187546
v -9.777586 -49.517670 0.563445
v -10.513763 -49.100662 1.923722
v -10.532212 -49.277390 1.169096
v -10.493924 -49.615498 0.661270
v -10.513763 -50.877949 0.146434
v -11.137864 -50.877949 0.563445
v -9.777586 -50.141773 0.146434
v -10.532212 -50.123322 0.323163
v -11.040038 -50.161613 0.661270
v 11.701309 -50.877949 1.923723
v 9.777586 -50.877949 0.000000
v 9.777586 -48.954227 1.923723
v 11.554874 -50.877949 1.187546
v 11.137864 -50.877949 0.563445
v 11.554874 -50.141773 1.923722
v 11.378145 -50.123322 1.169096
v 11.040038 -50.161613 0.661270
v 10.888248 -49.767288 0.813061
v 9.777586 -50.141773 0.146434
v 9.777586 -49.517670 0.563445
v 10.513763 -50.877949 0.146434
v 10.532212 -50.123322 0.323163
v 10.493924 -49.615498 0.661270
v 10.513763 -49.100662 1.923722
v 11.137864 -49.517670 1.923722
v 9.777586 -49.100662 1.187546
v 10.532212 -49.277390 1.169096
v 11.040038 -49.615498 1.207385
v 11.701309 -34.128014 1.923723
v 9.777586 -36.051739 1.923723
v 9.777586 -34.128014 0.000000
v 11.554874 -34.864193 1.923722
v 11.137864 -35.488293 1.923722
v 11.554874 -34.128014 1.187546
v 11.378145 -34.882641 1.169096
v 11.040038 -35.390469 1.207385
v 10.888248 -35.238678 0.813061
v 9.777586 -35.905304 1.187546
v 9.777586 -35.488293 0.563445
v 10.513763 -35.905304 1.923722
v 10.532212 -35.728573 1.169096
v 10.493924 -35.390469 0.661270
v 10.513763 -34.128014 0.146434
v 11.137864 -34.128014 0.563445
v 9.777586 -34.864193 0.146434
v 10.532212 -34.882641 0.323163
v 11.040038 -34.844353 0.661270
v 9.777586 -48.954227 21.875151
v 9.777586 -50.877949 23.798874
v 11.701309 -50.877949 21.875151
v 9.777586 -49.100662 22.611328
v 9.777586 -49.517670 23.235428
v 10.513763 -49.100662 21.875151
v 10.532212 -49.277390 22.629776
v 10.493924 -49.615498 23.137604
v 10.888248 -49.767288 22.985813
v 10.513763 -50.877949 23.652439
v 11.137864 -50.877949 23.235428
v 9.777586 -50.141773 23.652439
v 10.532212 -50.123322 23.475708
v 11.040038 -50.161613 23.137604
v 11.554874 -50.141773 21.875151
v 11.137864 -49.517670 21.875151
v 11.554874 -50.877949 22.611328
v 11.378145 -50.123322 22.629776
v 11.040038 -49.615498 22.591488
v -9.777586 -48.954227 21.875151
v -11.701309 -50.877949 21.875151
v -9.777586 -50.877949 23.798874
v -10.513763 -49.100662 21.875151
v -11.137864 -49.517670 21.875151
v -9.777586 -49.100662 22.611328
v -10.532212 -49.277390 22.629776
v -11.040038 -49.615498 22.591488
v -10.888248 -49.767288 22.985813
v -11.554874 -50.877949 22.611328
v -11.137864 -50.877949 23.235428
v -11.554874 -50.141773 21.875151
v -11.378145 -50.123322 22.629776
v -11.040038 -50.161613 23.137604
v -9.777586 -50.141773 23.652439
v -9.777586 -49.517670 23.235428
v -10.513763 -50.877949 23.652439
v -10.532212 -50.123322 23.475708
v -10.493924 -49.615498 23.137604
v -9.777586 -36.051739 21.875151
v -9.777586 -34.128014 23.798874
v -11.701309 -34.128014 21.875151
v -9.777586 -35.905304 22.611328
v -9.777586 -35.488293 23.235428
v -10.513763 -35.905304 21.875151
v -10.532212 -35.728573 22.629776
v -10.493924 -35.390469 23.137604
v -10.888248 -35.238678 22.985813
v -10.513763 -34.128014 23.652439
v -11.137864 -34.128014 23.235428
v -9.777586 -34.864193 23.652439
v -10.532212 -34.882641 23.475708
v -11.040038 -34.844353 23.137604
v -11.554874 -34.864193 21.875151
v -11.137864 -35.488293 21.875151
v -11.554874 -34.128014 22.611328
v -11.378145 -34.882641 22.629776
v -11.040038 -35.390469 22.591488
v -8.374968 -30.801674 1.923723
v -6.451244 -32.725395 1.923723
v -8.374968 -32.725395 0.000000
v -7.638790 -30.948107 1.923722
v -7.014690 -31.365118 1.923722
v -8.374968 -30.948107 1.187546
v -7.620341 -31.124836 1.169096
v -7.112515 -31.462944 1.207385
v -7.264305 -31.614735 0.813061
v -6.597679 -32.725395 1.187546
v -7.014690 -32.725395 0.563445
v -6.597679 -31.989220 1.923722
v -6.774408 -31.970768 1.169096
v -7.112515 -32.009056 0.661270
v -8.374968 -31.989220 0.146434
v -8.374968 -31.365118 0.563445
v -7.638790 -32.725395 0.146434
v -7.620341 -31.970768 0.323163
v -7.658629 -31.462944 0.661270
v 8.374968 -32.725395 0.000000
v 6.451244 -32.725395 1.923723
v 8.374968 -30.801674 1.923723
v 7.638790 -32.725395 0.146434
v 7.014690 -32.725395 0.563445
v 8.374968 -31.989220 0.146434
v 7.620341 -31.970768 0.323163
v 7.112515 -32.009056 0.661270
v 7.264305 -31.614735 0.813061
v 6.597679 -31.989220 1.923722
v 7.014690 -31.365118 1.923722
v 6.597679 -32.725395 1.187546
v 6.774408 -31.970768 1.169096
v 7.112515 -31.462944 1.207385
v 8.374968 -30.948107 1.187546
v 8.374968 -31.365118 0.563445
v 7.638790 -30.948107 1.923722
v 7.620341 -31.124836 1.169096
v 7.658629 -31.462944 0.661270
v -8.374968 -54.204292 1.923723
v -8.374968 -52.280567 0.000000
v -6.451244 -52.280567 1.923723
v -8.374968 -54.057858 1.187546
v -8.374968 -53.640846 0.563445
v -7.638790 -54.057858 1.923722
v -7.620341 -53.881126 1.169096
v -7.658629 -53.543022 0.661270
v -7.264305 -53.391228 0.813061
v -7.638790 -52.280567 0.146434
v -7.014690 -52.280567 0.563445
v -8.374968 -53.016747 0.146434
v -7.620341 -53.035194 0.323163
v -7.112515 -52.996906 0.661270
v -6.597679 -53.016747 1.923722
v -7.014690 -53.640846 1.923722
v -6.597679 -52.280567 1.187546
v -6.774408 -53.035194 1.169096
v -7.112515 -53.543022 1.207385
v 8.374968 -54.204292 1.923723
v 6.451244 -52.280567 1.923723
v 8.374968 -52.280567 0.000000
v 7.638790 -54.057858 1.923722
v 7.014690 -53.640846 1.923722
v 8.374968 -54.057858 1.187546
v 7.620341 -53.881126 1.169096
v 7.112515 -53.543022 1.207385
v 7.264305 -53.391228 0.813061
v 6.597679 -52.280567 1.187546
v 7.014690 -52.280567 0.563445
v 6.597679 -53.016747 1.923722
v 6.774408 -53.035194 1.169096
v 7.112515 -52.996906 0.661270
v 8.374968 -53.016747 0.146434
v 8.374968 -53.640846 0.563445
v 7.638790 -52.280567 0.146434
v 7.620341 -53.035194 0.323163
v 7.658629 -53.543022 0.661270
v 6.451244 -52.280567 21.875151
v 8.374968 -54.204292 21.875151
v 8.374968 -52.280567 23.798874
v 6.597679 -53.016747 21.875151
v 7.014690 -53.640846 21.875151
v 6.597679 -52.280567 22.611328
v 6.774408 -53.035194 22.629776
v 7.112515 -53.543022 22.591488
v 7.264305 -53.391228 22.985813
v 8.374968 -54.057858 22.611328
v 8.374968 -53.640846 23.235428
v 7.638790 -54.057858 21.875151
v 7.620341 -53.881126 22.629776
v 7.658629 -53.543022 23.137604
v 7.638790 -52.280567 23.652439
v 7.014690 -52.280567 23.235428
v 8.374968 -53.016747 23.652439
v 7.620341 -53.035194 23.475708
v 7.112515 -52.996906 23.137604
v 6.451244 -32.725395 21.875151
v 8.374968 -32.725395 23.798874
v 8.374968 -30.801674 21.875151
v 6.597679 -32.725395 22.611328
v 7.014690 -32.725395 23.235428
v 6.597679 -31.989220 21.875151
v 6.774408 -31.970768 22.629776
v 7.112515 -32.009056 23.137604
v 7.264305 -31.614735 22.985813
v 8.374968 -31.989220 23.652439
v 8.374968 -31.365118 23.235428
v 7.638790 -32.725395 23.652439
v 7.620341 -31.970768 23.475708
v 7.658629 -31.462944 23.137604
v 7.638790 -30.948107 21.875151
v 7.014690 -31.365118 21.875151
v 8.374968 -30.948107 22.611328
v 7.620341 -31.124836 22.629776
v 7.112515 -31.462944 22.591488
v -6.451244 -50.877949 1.923723
v -8.374968 -50.877949 0.000000
v -8.374968 -48.954227 1.923723
v -6.597679 -50.877949 1.187546
v -7.014690 -50.877949 0.563445
v -6.597679 -50.141773 1.923722
v -6.774408 -50.123322 1.169096
v -7.112515 -50.161613 0.661270
v -7.264305 -49.767288 0.813061
v -8.374968 -50.141773 0.146434
v -8.374968 -49.517670 0.563445
v -7.638790 -50.877949 0.146434
v -7.620341 -50.123322 0.323163
v -7.658629 -49.615498 0.661270
v -7.638790 -49.100662 1.923722
v -7.014690 -49.517670 1.923722
v -8.374968 -49.100662 1.187546
v -7.620341 -49.277390 1.169096
v -7.112515 -49.615498 1.207385
v -6.451244 -34.128014 1.923723
v -8.374968 -36.051739 1.923723
v -8.374968 -34.128014 0.000000
v -6.597679 -34.864193 1.923722
v -7.014690 -35.488293 1.923722
v -6.597679 -34.128014 1.187546
v -6.774408 -34.882641 1.169096
v -7.112515 -35.390469 1.207385
v -7.264305 -35.238678 0.813061
v -8.374968 -35.905304 1.187546
v -8.374968 -35.488293 0.563445
v -7.638790 -35.905304 1.923722
v -7.620341 -35.728573 1.169096
v -7.658629 -35.390469 0.661270
v -7.638790 -34.128014 0.146434
v -7.014690 -34.128014 0.563445
v -8.374968 -34.864193 0.146434
v -7.620341 -34.882641 0.323163
v -7.112515 -34.844353 0.661270
v 6.451244 -34.128014 1.923723
v 8.374968 -34.128014 0.000000
v 8.374968 -36.051739 1.923723
v 6.597679 -34.128014 1.187546
v 7.014690 -34.128014 0.563445
v 6.597679 -34.864193 1.923722
v 6.774408 -34.882641 1.169096
v 7.112515 -34.844353 0.661270
v 7.264305 -35.238678 0.813061
v 8.374968 -34.864193 0.146434
v 8.374968 -35.488293 0.563445
v 7.638790 -34.128014 0.146434
v 7.620341 -34.882641 0.323163
v 7.658629 -35.390469 0.661270
v 7.638790 -35.905304 1.923722
v 7.014690 -35.488293 1.923722
v 8.374968 -35.905304 1.187546
v 7.620341 -35.728573 1.169096
v 7.112515 -35.390469 1.207385
v 6.451244 -50.877949 1.923723
v 8.374968 -48.954227 1.923723
v 8.374968 -50.877949 0.000000
v 6.597679 -50.141773 1.923722
v 7.014690 -49.517670 1.923722
v 6.597679 -50.877949 1.187546
v 6.774408 -50.123322 1.169096
v 7.112515 -49.615498 1.207385
v 7.264305 -49.767288 0.813061
v 8.374968 -49.100662 1.187546
v 8.374968 -49.517670 0.563445
v 7.638790 -49.100662 1.923722
v 7.620341 -49.277390 1.169096
v 7.658629 -49.615498 0.661270
v 7.638790 -50.877949 0.146434
v 7.014690 -50.877949 0.563445
v 8.374968 -50.141773 0.146434
v 7.620341 -50.123322 0.323163
v 7.112515 -50.161613 0.661270
v 8.374968 -48.954227 21.875151
v 6.451244 -50.877949 21.875151
v 8.374968 -50.877949 23.798874
v 7.638790 -49.100662 21.875153
v 7.014690 -49.517670 21.875153
v 8.374968 -49.100662 22.611328
v 7.620341 -49.277390 22.629778
v 7.112515 -49.615498 22.591488
v 7.264305 -49.767288 22.985813
v 6.597679 -50.877949 22.611328
v 7.014690 -50.877949 23.235430
v 6.597679 -50.141773 21.875153
v 6.774408 -50.123322 22.629778
v 7.112515 -50.161613 23.137604
v 8.374968 -50.141773 23.652439
v 8.374968 -49.517670 23.235430
v 7.638790 -50.877949 23.652439
v 7.620341 -50.123322 23.475712
v 7.658629 -49.615498 23.137604
v -8.374968 -36.051739 21.875151
v -6.451244 -34.128014 21.875153
v -8.374968 -34.128014 23.798874
v -7.638790 -35.905304 21.875151
v -7.014690 -35.488293 21.875153
v -8.374968 -35.905304 22.611328
v -7.620341 -35.728573 22.629778
v -7.112515 -35.390469 22.591488
v -7.264305 -35.238678 22.985813
v -6.597679 -34.128014 22.611328
v -7.014690 -34.128014 23.235430
v -6.597679 -34.864193 21.875153
v -6.774408 -34.882641 22.629778
v -7.112515 -34.844353 23.137604
v -8.374968 -34.864193 23.652439
v -8.374968 -35.488293 23.235428
v -7.638790 -34.128014 23.652439
v -7.620341 -34.882641 23.475712
v -7.658629 -35.390469 23.137604
v 6.451244 -34.128014 21.875151
v 8.374968 -36.051739 21.875153
v 8.374968 -34.128014 23.798874
v 6.597679 -34.864193 21.875151
v 7.014690 -35.488293 21.875153
v 6.597679 -34.128014 22.611328
v 6.774408 -34.882641 22.629778
v 7.112515 -35.390469 22.591488
v 7.264305 -35.238678 22.985813
v 8.374968 -35.905304 22.611328
v 8.374968 -35.488293 23.235430
v 7.638790 -35.905304 21.875153
v 7.620341 -35.728573 22.629778
v 7.658629 -35.390469 23.137604
v 7.638790 -34.128014 23.652439
v 7.014690 -34.128014 23.235428
v 8.374968 -34.864193 23.652439
v 7.620341 -34.882641 23.475712
v 7.112515 -34.844353 23.137604
v 11.701309 -34.128014 21.875151
v 9.777586 -34.128014 23.798874
v 9.777586 -36.051739 21.875153
v 11.554874 -34.128014 22.611326
v 11.137864 -34.128014 23.235428
v 11.554874 -34.864193 21.875149
v 11.378145 -34.882641 22.629776
v 11.040038 -34.844353 23.137602
v 10.888248 -35.238678 22.985813
v 9.777586 -34.864193 23.652439
v 9.777586 -35.488293 23.235428
v 10.513763 -34.128014 23.652439
v 10.532212 -34.882641 23.475708
v 10.493924 -35.390469 23.137602
v 10.513763 -35.905304 21.875151
v 11.137864 -35.488293 21.875151
v 9.777586 -35.905304 22.611328
v 10.532212 -35.728573 22.629776
v 11.040038 -35.390469 22.591488
v -6.451244 -52.280567 21.875151
v -8.374968 -52.280567 23.798874
v -8.374968 -54.204292 21.875151
v -6.597679 -52.280567 22.611328
v -7.014690 -52.280567 23.235428
v -6.597679 -53.016747 21.875151
v -6.774408 -53.035194 22.629776
v -7.112515 -52.996906 23.137604
v -7.264305 -53.391228 22.985813
v -8.374968 -53.016747 23.652439
v -8.374968 -53.640846 23.235428
v -7.638790 -52.280567 23.652439
v -7.620341 -53.035194 23.475708
v -7.658629 -53.543022 23.137604
v -7.638790 -54.057858 21.875151
v -7.014690 -53.640846 21.875151
v -8.374968 -54.057858 22.611328
v -7.620341 -53.881126 22.629776
v -7.112515 -53.543022 22.591488
v -9.777586 -30.801674 21.875151
v -11.701309 -32.725395 21.875151
v -9.777586 -32.725395 23.798874
v -10.513763 -30.948107 21.875151
v -11.137864 -31.365118 21.875151
v -9.777586 -30.948107 22.611328
v -10.532212 -31.124836 22.629776
v -11.040038 -31.462944 22.591488
v -10.888248 -31.614735 22.985813
v -11.554874 -32.725395 22.611328
v -11.137864 -32.725395 23.235428
v -11.554874 -31.989220 21.875151
v -11.378145 -31.970768 22.629776
v -11.040038 -32.009056 23.137604
v -9.777586 -31.989220 23.652439
v -9.777586 -31.365118 23.235428
v -10.513763 -32.725395 23.652439
v -10.532212 -31.970768 23.475708
v -10.493924 -31.462944 23.137604
v 11.701309 -32.725395 21.875151
v 9.777586 -30.801674 21.875151
v 9.777586 -32.725395 23.798874
v 11.554874 -31.989220 21.875151
v 11.137864 -31.365118 21.875151
v 11.554874 -32.725395 22.611328
v 11.378145 -31.970768 22.629776
v 11.040038 -31.462944 22.591488
v 10.888248 -31.614735 22.985813
v 9.777586 -30.948107 22.611328
v 9.777586 -31.365118 23.235428
v 10.513763 -30.948107 21.875151
v 10.532212 -31.124836 22.629776
v 10.493924 -31.462944 23.137604
v 10.513763 -32.725395 23.652439
v 11.137864 -32.725395 23.235428
v 9.777586 -31.989220 23.652439
v 10.532212 -31.970768 23.475708
v 11.040038 -32.009056 23.137604
v 9.777586 -54.204292 21.875151
v 11.701309 -52.280567 21.875151
v 9.777586 -52.280567 23.798874
v 10.513763 -54.057858 21.875149
v 11.137864 -53.640846 21.875149
v 9.777586 -54.057858 22.611326
v 10.532212 -53.881126 22.629776
v 11.040038 -53.543022 22.591488
v 10.888248 -53.391228 22.985813
v 11.554874 -52.280567 22.611326
v 11.137864 -52.280567 23.235428
v 11.554874 -53.016747 21.875149
v 11.378145 -53.035194 22.629776
v 11.040038 -52.996906 23.137602
v 9.777586 -53.016747 23.652437
v 9.777586 -53.640846 23.235428
v 10.513763 -52.280567 23.652437
v 10.532212 -53.035194 23.475708
v 10.493924 -53.543022 23.137602
vn -0.0000 -0.0000 1.0000
vn -0.1004 -0.9899 0.1004
vn -0.1004 -0.1004 0.9899
vn -0.9899 -0.1004 0.1004
vn -0.0981 -0.9201 0.3792
vn -0.0919 -0.7041 0.7041
vn -0.3792 -0.9201 0.0981
vn -0.3673 -0.8545 0.3673
vn -0.3347 -0.6663 0.6663
vn -0.5774 -0.5774 0.5774
vn -0.3792 -0.0981 0.9201
vn -0.7041 -0.0919 0.7041
vn -0.0981 -0.3792 0.9201
vn -0.3673 -0.3673 0.8545
vn -0.6663 -0.3347 0.6663
vn -0.9201 -0.3792 0.0981
vn -0.7041 -0.7041 0.0919
vn -0.9201 -0.0981 0.3792
vn -0.8545 -0.3673 0.3673
vn -0.6663 -0.6663 0.3347
vn -0.9899 0.1004 0.1004
vn -0.1004 0.1004 0.9899
vn -0.1004 0.9899 0.1004
vn -0.9201 0.0981 0.3792
vn -0.7041 0.0919 0.7041
vn -0.9201 0.3792 0.0981
vn -0.8545 0.3673 0.3673
vn -0.6663 0.3347 0.6663
vn -0.5774 0.5773 0.5774
vn -0.0981 0.3792 0.9201
vn -0.0919 0.7041 0.7041
vn -0.3792 0.0981 0.9201
vn -0.3673 0.3673 0.8545
vn -0.3347 0.6663 0.6663
vn -0.3792 0.9201 0.0981
vn -0.7041 0.7041 0.0919
vn -0.0981 0.9201 0.3792
vn -0.3673 0.8545 0.3673
vn -0.6663 0.6663 0.3347
vn 0.1004 -0.9899 0.1004
vn 0.9899 -0.1004 0.1004
vn 0.1004 -0.1004 0.9899
vn 0.3792 -0.9201 0.0981
vn 0.7041 -0.7041 0.0919
vn 0.0981 -0.9201 0.3792
vn 0.3673 -0.8545 0.3673
vn 0.6663 -0.6663 0.3347
vn 0.5774 -0.5774 0.5774
vn 0.9201 -0.0981 0.3792
vn 0.7041 -0.0919 0.7041
vn 0.9201 -0.3792 0.0981
vn 0.8545 -0.3673 0.3673
vn 0.6663 -0.3347 0.6663
vn 0.0981 -0.3792 0.9201
vn 0.0919 -0.7041 0.7041
vn 0.3792 -0.0981 0.9201
vn 0.3673 -0.3673 0.8545
vn 0.3347 -0.6663 0.6663
vn 0.1004 0.9899 0.1004
vn 0.1004 0.1004 0.9899
vn 0.9899 0.1004 0.1004
vn 0.0981 0.9201 0.3792
vn 0.0919 0.7041 0.7041
vn 0.3792 0.9201 0.0981
vn 0.3673 0.8545 0.3673
vn 0.3347 0.6663 0.6663
vn 0.5774 0.5773 0.5774
vn 0.3792 0.0981 0.9201
vn 0.7041 0.0919 0.7041
vn 0.0981 0.3792 0.9201
vn 0.3673 0.3673 0.8545
vn 0.6663 0.3347 0.6663
vn 0.9201 0.3792 0.0981
vn 0.7041 0.7041 0.0919
vn 0.9201 0.0981 0.3792
vn 0.8545 0.3673 0.3673
vn 0.6663 0.6663 0.3347
vn -0.0980 0.9952 -0.0000
vn -0.9952 0.0980 -0.0000
vn -0.3827 0.9239 -0.0000
vn -0.7071 0.7071 -0.0000
vn -0.9239 0.3827 -0.0000
vn 0.9952 0.0980 -0.0000
vn 0.0980 0.9952 -0.0000
vn 0.9239 0.3827 -0.0000
vn 0.7071 0.7071 -0.0000
vn 0.3827 0.9239 -0.0000
vn 0.0980 -0.9952 -0.0000
vn 0.9952 -0.0980 -0.0000
vn 0.3827 -0.9239 -0.0000
vn 0.7071 -0.7071 -0.0000
vn 0.9239 -0.3827 -0.0000
vn 0.0749 -0.9894 -0.1246
vn 0.9920 -0.0069 -0.1261
vn 0.7061 -0.7061 0.0545
vn 0.3524 -0.9050 -0.2383
vn 0.6762 -0.6762 -0.2925
vn 0.1270 -0.8543 -0.5041
vn 0.3974 -0.6608 -0.6368
vn 0.5545 -0.5545 -0.6205
vn 0.4819 -0.4819 -0.7318
vn 0.8543 -0.1270 -0.5041
vn 0.4608 -0.1759 -0.8699
vn 0.9050 -0.3524 -0.2383
vn 0.6608 -0.3974 -0.6368
vn 0.4097 -0.3631 -0.8368
vn 0.0799 -0.2017 -0.9762
vn 0.1759 -0.4608 -0.8699
vn 0.2017 -0.0799 -0.9762
vn 0.2381 -0.2381 -0.9416
vn 0.3631 -0.4098 -0.8368
vn 0.1246 -0.9894 -0.0749
vn 0.9988 -0.0339 -0.0339
vn 0.1246 -0.0749 -0.9894
vn 0.5041 -0.8543 -0.1270
vn 0.8699 -0.4608 -0.1759
vn 0.2383 -0.9050 -0.3524
vn 0.6368 -0.6608 -0.3974
vn 0.8368 -0.4098 -0.3631
vn 0.7318 -0.4819 -0.4819
vn 0.9762 -0.0799 -0.2017
vn 0.8699 -0.1759 -0.4608
vn 0.9762 -0.2017 -0.0799
vn 0.9416 -0.2381 -0.2381
vn 0.8368 -0.3631 -0.4098
vn 0.2383 -0.3524 -0.9050
vn 0.2925 -0.6762 -0.6762
vn 0.5041 -0.1270 -0.8543
vn 0.6368 -0.3974 -0.6608
vn 0.6205 -0.5545 -0.5545
vn -0.9952 -0.0000 0.0980
vn -0.0980 -0.0000 0.9952
vn -0.9239 -0.0000 0.3827
vn -0.7071 -0.0000 0.7071
vn -0.3827 -0.0000 0.9239
vn 0.0980 -0.0000 0.9952
vn 0.9952 -0.0000 0.0980
vn 0.3827 -0.0000 0.9239
vn 0.7071 -0.0000 0.7071
vn 0.9239 -0.0000 0.3827
vn -0.0000 0.0980 0.9952
vn -0.0000 0.9952 0.0980
vn -0.0000 0.3827 0.9239
vn -0.0000 0.7071 0.7071
vn -0.0000 0.9239 0.3827
vn -0.0000 -0.0980 0.9952
vn -0.0000 -0.9952 0.0980
vn -0.0000 -0.3827 0.9239
vn -0.0000 -0.7071 0.7071
vn -0.0000 -0.9239 0.3827
vn -0.0749 -0.9894 -0.1246
vn -0.7061 -0.7061 0.0545
vn -0.9931 -0.0747 -0.0903
vn -0.1270 -0.8543 -0.5041
vn -0.1759 -0.4608 -0.8699
vn -0.3524 -0.9050 -0.2383
vn -0.3974 -0.6608 -0.6368
vn -0.3631 -0.4098 -0.8368
vn -0.4819 -0.4819 -0.7318
vn -0.2017 -0.0799 -0.9762
vn -0.4608 -0.1759 -0.8699
vn -0.0799 -0.2017 -0.9762
vn -0.2381 -0.2381 -0.9416
vn -0.4097 -0.3631 -0.8368
vn -0.9050 -0.3524 -0.2383
vn -0.6762 -0.6762 -0.2925
vn -0.8543 -0.1270 -0.5041
vn -0.6608 -0.3974 -0.6368
vn -0.5545 -0.5545 -0.6205
vn 0.9894 -0.1246 -0.0749
vn 0.0749 -0.1246 -0.9894
vn 0.0339 -0.9988 -0.0339
vn 0.9050 -0.2383 -0.3524
vn 0.6762 -0.2925 -0.6762
vn 0.8543 -0.5041 -0.1270
vn 0.6608 -0.6368 -0.3974
vn 0.5545 -0.6205 -0.5545
vn 0.4819 -0.7318 -0.4819
vn 0.1270 -0.5041 -0.8543
vn 0.1759 -0.8699 -0.4608
vn 0.3524 -0.2383 -0.9050
vn 0.3974 -0.6368 -0.6608
vn 0.3631 -0.8368 -0.4098
vn 0.2017 -0.9762 -0.0799
vn 0.4608 -0.8699 -0.1759
vn 0.0799 -0.9762 -0.2017
vn 0.2381 -0.9416 -0.2381
vn 0.4097 -0.8368 -0.3631
vn 0.9894 0.0749 -0.1246
vn 0.0749 0.9894 -0.1246
vn 0.7061 0.7061 0.0545
vn 0.9050 0.3524 -0.2383
vn 0.6762 0.6762 -0.2925
vn 0.8543 0.1270 -0.5041
vn 0.6608 0.3974 -0.6368
vn 0.5545 0.5545 -0.6205
vn 0.4819 0.4819 -0.7318
vn 0.1270 0.8543 -0.5041
vn 0.1759 0.4608 -0.8699
vn 0.3524 0.9050 -0.2383
vn 0.3974 0.6608 -0.6368
vn 0.3631 0.4097 -0.8368
vn 0.2017 0.0799 -0.9762
vn 0.4608 0.1759 -0.8699
vn 0.0799 0.2017 -0.9762
vn 0.2381 0.2381 -0.9416
vn 0.4098 0.3631 -0.8368
vn -0.9920 0.0069 -0.1261
vn -0.7061 0.7061 0.0545
vn -0.0747 0.9931 -0.0903
vn -0.8543 0.1270 -0.5041
vn -0.4608 0.1759 -0.8699
vn -0.9050 0.3524 -0.2383
vn -0.6608 0.3974 -0.6368
vn -0.4098 0.3631 -0.8368
vn -0.4819 0.4819 -0.7318
vn -0.0799 0.2017 -0.9762
vn -0.1759 0.4608 -0.8699
vn -0.2017 0.0799 -0.9762
vn -0.2381 0.2381 -0.9416
vn -0.3631 0.4098 -0.8368
vn -0.3524 0.9050 -0.2383
vn -0.6762 0.6762 -0.2925
vn -0.1270 0.8543 -0.5041
vn -0.3974 0.6608 -0.6368
vn -0.5545 0.5545 -0.6205
vn -0.1246 0.0749 -0.9894
vn -0.1246 0.9894 -0.0749
vn -0.9988 0.0339 -0.0339
vn -0.2383 0.3524 -0.9050
vn -0.2925 0.6762 -0.6762
vn -0.5041 0.1270 -0.8543
vn -0.6368 0.3974 -0.6608
vn -0.6205 0.5545 -0.5545
vn -0.7318 0.4819 -0.4819
vn -0.5041 0.8543 -0.1270
vn -0.8699 0.4608 -0.1759
vn -0.2383 0.9050 -0.3524
vn -0.6368 0.6608 -0.3974
vn -0.8368 0.4098 -0.3631
vn -0.9762 0.0799 -0.2017
vn -0.8699 0.1759 -0.4608
vn -0.9762 0.2017 -0.0799
vn -0.9416 0.2381 -0.2381
vn -0.8368 0.3631 -0.4098
vn 0.1246 0.0749 -0.9894
vn 0.9988 0.0339 -0.0339
vn 0.1254 0.9861 -0.1089
vn 0.5041 0.1270 -0.8543
vn 0.8699 0.1759 -0.4608
vn 0.2383 0.3524 -0.9050
vn 0.6368 0.3974 -0.6608
vn 0.8368 0.3631 -0.4098
vn 0.7318 0.4819 -0.4819
vn 0.9762 0.2017 -0.0799
vn 0.8699 0.4608 -0.1759
vn 0.9762 0.0799 -0.2017
vn 0.9416 0.2381 -0.2381
vn 0.8368 0.4098 -0.3631
vn 0.2383 0.9050 -0.3524
vn 0.2925 0.6762 -0.6762
vn 0.5041 0.8543 -0.1270
vn 0.6368 0.6608 -0.3974
vn 0.6205 0.5545 -0.5545
vn -0.1246 -0.9894 -0.0749
vn -0.1246 -0.0749 -0.9894
vn -0.9988 -0.0339 -0.0339
vn -0.2383 -0.9050 -0.3524
vn -0.2925 -0.6762 -0.6762
vn -0.5041 -0.8543 -0.1270
vn -0.6368 -0.6608 -0.3974
vn -0.6205 -0.5545 -0.5545
vn -0.7318 -0.4819 -0.4819
vn -0.5041 -0.1270 -0.8543
vn -0.8699 -0.1759 -0.4608
vn -0.2383 -0.3524 -0.9050
vn -0.6368 -0.3974 -0.6608
vn -0.8368 -0.3631 -0.4098
vn -0.9762 -0.2017 -0.0799
vn -0.8699 -0.4608 -0.1759
vn -0.9762 -0.0799 -0.2017
vn -0.9416 -0.2381 -0.2381
vn -0.8368 -0.4098 -0.3631
vn 0.0749 0.1246 -0.9894
vn 0.9785 0.1924 -0.0747
vn 0.0339 0.9988 -0.0339
vn 0.3524 0.2383 -0.9050
vn 0.6762 0.2925 -0.6762
vn 0.1270 0.5041 -0.8543
vn 0.3974 0.6368 -0.6608
vn 0.5545 0.6205 -0.5545
vn 0.4819 0.7318 -0.4819
vn 0.8543 0.5041 -0.1270
vn 0.4608 0.8699 -0.1759
vn 0.9050 0.2383 -0.3524
vn 0.6608 0.6368 -0.3974
vn 0.4097 0.8368 -0.3631
vn 0.0799 0.9762 -0.2017
vn 0.1759 0.8699 -0.4608
vn 0.2017 0.9762 -0.0799
vn 0.2381 0.9416 -0.2381
vn 0.3631 0.8368 -0.4098
vn -0.0749 0.1246 -0.9894
vn -0.0339 0.9988 -0.0339
vn -0.9861 0.1254 -0.1089
vn -0.1270 0.5041 -0.8543
vn -0.1759 0.8699 -0.4608
vn -0.3524 0.2383 -0.9050
vn -0.3974 0.6368 -0.6608
vn -0.3631 0.8368 -0.4098
vn -0.4819 0.7318 -0.4819
vn -0.2017 0.9762 -0.0799
vn -0.4608 0.8699 -0.1759
vn -0.0799 0.9762 -0.2017
vn -0.2381 0.9416 -0.2381
vn -0.4097 0.8368 -0.3631
vn -0.9050 0.2383 -0.3524
vn -0.6762 0.2925 -0.6762
vn -0.8543 0.5041 -0.1270
vn -0.6608 0.6368 -0.3974
vn -0.5545 0.6205 -0.5545
vn -0.0749 -0.1246 -0.9894
vn -0.9785 -0.1924 -0.0747
vn -0.0339 -0.9988 -0.0339
vn -0.3524 -0.2383 -0.9050
vn -0.6762 -0.2925 -0.6762
vn -0.1270 -0.5041 -0.8543
vn -0.3974 -0.6368 -0.6608
vn -0.5545 -0.6205 -0.5545
vn -0.4819 -0.7318 -0.4819
vn -0.8543 -0.5041 -0.1270
vn -0.4608 -0.8699 -0.1759
vn -0.9050 -0.2383 -0.3524
vn -0.6608 -0.6368 -0.3974
vn -0.4097 -0.8368 -0.3631
vn -0.0799 -0.9762 -0.2017
vn -0.1759 -0.8699 -0.4608
vn -0.2017 -0.9762 -0.0799
vn -0.2381 -0.9416 -0.2381
vn -0.3631 -0.8368 -0.4098
vn -0.9952 -0.0980 -0.0000
vn -0.0980 -0.9952 -0.0000
vn -0.9239 -0.3827 -0.0000
vn -0.7071 -0.7071 -0.0000
vn -0.3827 -0.9239 -0.0000
vn -0.9894 0.0749 0.1246
vn -0.0749 0.9894 0.1246
vn -0.0257 0.0257 0.9993
vn -0.9050 0.3524 0.2383
vn -0.6762 0.6762 0.2925
vn -0.8543 0.1270 0.5041
vn -0.6608 0.3974 0.6368
vn -0.5545 0.5545 0.6205
vn -0.4819 0.4819 0.7318
vn -0.1270 0.8543 0.5041
vn -0.1759 0.4608 0.8699
vn -0.3524 0.9050 0.2383
vn -0.3974 0.6608 0.6368
vn -0.3631 0.4097 0.8368
vn -0.2017 0.0799 0.9762
vn -0.4608 0.1759 0.8699
vn -0.0799 0.2017 0.9762
vn -0.2381 0.2381 0.9416
vn -0.4098 0.3631 0.8368
vn -0.9894 -0.0749 0.1246
vn -0.0257 -0.0257 0.9993
vn -0.0749 -0.9894 0.1246
vn -0.8543 -0.1270 0.5041
vn -0.4608 -0.1759 0.8699
vn -0.9050 -0.3524 0.2383
vn -0.6608 -0.3974 0.6368
vn -0.4098 -0.3631 0.8368
vn -0.4819 -0.4819 0.7318
vn -0.0799 -0.2017 0.9762
vn -0.1759 -0.4608 0.8699
vn -0.2017 -0.0799 0.9762
vn -0.2381 -0.2381 0.9416
vn -0.3631 -0.4098 0.8368
vn -0.3524 -0.9050 0.2383
vn -0.6762 -0.6762 0.2925
vn -0.1270 -0.8543 0.5041
vn -0.3974 -0.6608 0.6368
vn -0.5545 -0.5545 0.6205
vn 0.0749 -0.9894 0.1246
vn 0.0257 -0.0257 0.9993
vn 0.9894 -0.0749 0.1246
vn 0.1270 -0.8543 0.5041
vn 0.1759 -0.4608 0.8699
vn 0.3524 -0.9050 0.2383
vn 0.3974 -0.6608 0.6368
vn 0.3631 -0.4097 0.8368
vn 0.4819 -0.4819 0.7318
vn 0.2017 -0.0799 0.9762
vn 0.4608 -0.1759 0.8699
vn 0.0799 -0.2017 0.9762
vn 0.2381 -0.2381 0.9416
vn 0.4098 -0.3631 0.8368
vn 0.9050 -0.3524 0.2383
vn 0.6762 -0.6762 0.2925
vn 0.8543 -0.1270 0.5041
vn 0.6608 -0.3974 0.6368
vn 0.5545 -0.5545 0.6205
vn 0.0749 0.9894 0.1246
vn 0.9894 0.0749 0.1246
vn 0.0257 0.0257 0.9993
vn 0.3524 0.9050 0.2383
vn 0.6762 0.6762 0.2925
vn 0.1270 0.8543 0.5041
vn 0.3974 0.6608 0.6368
vn 0.5545 0.5545 0.6205
vn 0.4819 0.4819 0.7318
vn 0.8543 0.1270 0.5041
vn 0.4608 0.1759 0.8699
vn 0.9050 0.3524 0.2383
vn 0.6608 0.3974 0.6368
vn 0.4098 0.3631 0.8368
vn 0.0799 0.2017 0.9762
vn 0.1759 0.4608 0.8699
vn 0.2017 0.0799 0.9762
vn 0.2381 0.2381 0.9416
vn 0.3631 0.4098 0.8368
vn 0.7060 0.7060 0.0553
vn 0.3631 0.4098 -0.8368
vn -0.0749 0.9894 -0.1246
vn -0.9894 0.0749 -0.1246
vn -0.7060 0.7060 0.0553
vn -0.9894 -0.0749 -0.1246
vn -0.7060 -0.7060 0.0553
vn -0.4098 -0.3631 -0.8368
vn 0.9894 -0.0749 -0.1246
vn 0.7060 -0.7060 0.0553
vn 0.4098 -0.3631 -0.8368
vn -0.1003 0.9908 -0.0908
vn -0.0779 0.1266 -0.9889
vn -0.9868 0.1007 -0.1268
vn -0.0981 0.9278 -0.3599
vn -0.0926 0.6966 -0.7115
vn -0.3792 0.9201 -0.0981
vn -0.3673 0.8545 -0.3673
vn -0.3347 0.6663 -0.6663
vn -0.5774 0.5774 -0.5774
vn -0.3475 0.0984 -0.9325
vn -0.7115 0.0926 -0.6966
vn -0.0974 0.3839 -0.9182
vn -0.3673 0.3673 -0.8545
vn -0.6663 0.3347 -0.6663
vn -0.9201 0.3792 -0.0981
vn -0.7041 0.7041 -0.0919
vn -0.9182 0.0974 -0.3839
vn -0.8545 0.3673 -0.3673
vn -0.6663 0.6663 -0.3347
vn 0.1003 0.9908 -0.0908
vn 0.9839 -0.0046 -0.1788
vn 0.0779 0.0299 -0.9965
vn 0.3792 0.9201 -0.0981
vn 0.7041 0.7041 -0.0919
vn 0.0981 0.9278 -0.3599
vn 0.3673 0.8545 -0.3673
vn 0.6663 0.6663 -0.3347
vn 0.5774 0.5774 -0.5774
vn 0.9019 -0.1750 -0.3950
vn 0.6674 -0.1977 -0.7179
vn 0.9201 0.3792 -0.0981
vn 0.8545 0.3673 -0.3673
vn 0.6663 0.3347 -0.6663
vn 0.0974 0.3839 -0.9182
vn 0.0926 0.6966 -0.7115
vn 0.3276 -0.1230 -0.9368
vn 0.3673 0.3673 -0.8545
vn 0.3347 0.6663 -0.6663
vn 0.9868 -0.1007 -0.1268
vn 0.1003 -0.9908 -0.0908
vn 0.0929 -0.0263 -0.9953
vn 0.9201 -0.3792 -0.0981
vn 0.7041 -0.7041 -0.0919
vn 0.9182 -0.0974 -0.3839
vn 0.8545 -0.3673 -0.3673
vn 0.6663 -0.6663 -0.3347
vn 0.5774 -0.5773 -0.5774
vn 0.0981 -0.9278 -0.3599
vn 0.0922 -0.7111 -0.6970
vn 0.3792 -0.9201 -0.0981
vn 0.3673 -0.8545 -0.3673
vn 0.3347 -0.6663 -0.6663
vn 0.3504 -0.1987 -0.9153
vn 0.7062 -0.1703 -0.6873
vn 0.0951 -0.4165 -0.9041
vn 0.3673 -0.3673 -0.8545
vn 0.6663 -0.3347 -0.6663
vn 0.2225 -0.2264 -0.9483
vn 0.9971 0.0079 -0.0760
vn 0.1806 -0.7209 -0.6690
vn 0.5774 -0.5774 -0.5774
vn 0.3370 -0.4069 -0.8490
vn 0.7058 -0.3388 -0.6221
vn 0.3409 -0.3827 -0.8587
vn 0.9145 -0.1898 -0.3574
vn 0.2091 -0.2235 -0.9520
vn 0.9901 -0.1197 -0.0738
vn 0.1899 -0.6985 -0.6899
vn 0.5773 -0.5774 -0.5774
vn 0.3394 -0.3486 -0.8737
vn 0.6713 -0.4137 -0.6150
vn 0.3474 -0.3504 -0.8698
vn 0.8942 -0.2830 -0.3469
vn -0.1003 -0.9908 -0.0908
vn -0.9868 -0.1007 -0.1268
vn 0.0398 -0.1268 -0.9911
vn -0.3792 -0.9201 -0.0981
vn -0.7041 -0.7041 -0.0919
vn -0.0981 -0.9278 -0.3599
vn -0.3673 -0.8545 -0.3673
vn -0.6663 -0.6663 -0.3347
vn -0.5774 -0.5774 -0.5774
vn -0.9182 -0.0974 -0.3839
vn -0.7115 -0.0926 -0.6966
vn -0.9201 -0.3792 -0.0981
vn -0.8545 -0.3673 -0.3673
vn -0.6663 -0.3347 -0.6663
vn 0.1498 -0.3658 -0.9186
vn 0.0465 -0.6668 -0.7438
vn -0.3599 -0.0981 -0.9278
vn -0.3673 -0.3673 -0.8545
vn -0.3347 -0.6663 -0.6663
vn 0.0913 -0.0818 -0.9925
vn 0.0926 -0.6966 -0.7115
vn 0.3506 0.0205 -0.9363
vn 0.6972 0.0028 -0.7168
vn 0.0974 -0.3839 -0.9182
vn 0.9868 0.1007 -0.1268
vn 0.3011 0.1430 -0.9428
vn 0.0997 0.9931 -0.0611
vn 0.9182 0.0974 -0.3839
vn 0.7258 0.1587 -0.6693
vn 0.4923 0.3702 -0.7878
vn 0.3382 0.7236 -0.6017
vn 0.3596 0.2297 -0.9044
vn 0.1493 0.9437 -0.2952
vn -0.9971 -0.0079 -0.0760
vn -0.1037 0.2667 -0.9582
vn -0.9145 0.1898 -0.3574
vn -0.0953 0.6568 -0.7481
vn -0.3632 0.1733 -0.9155
vn -0.7051 0.2678 -0.6566
vn -0.0973 0.3627 -0.9268
vn -0.1008 0.9891 -0.1075
vn 0.1292 0.0989 -0.9867
vn 0.0296 0.9277 -0.3723
vn 0.1983 0.7044 -0.6815
vn 0.2919 0.3771 -0.8790
vn 0.0861 0.2522 -0.9638
vn 0.7165 0.0154 -0.6974
vn 0.5773 0.5774 -0.5774
vn 0.0973 0.3627 -0.9268
vn 0.0913 0.7025 -0.7058
vn 0.3364 0.0159 -0.9416
vn 0.0550 -0.1142 -0.9919
vn 0.1444 -0.3869 -0.9107
vn 0.0353 -0.7009 -0.7124
vn -0.3475 -0.0984 -0.9325
vn 0.9809 0.0734 -0.1801
vn 0.0901 0.0155 -0.9958
vn 0.5774 0.5773 -0.5774
vn 0.9131 -0.0447 -0.4052
vn 0.6786 -0.1999 -0.7068
vn 0.3366 -0.1713 -0.9259
vn -0.0912 0.1267 -0.9877
vn -0.5774 0.5773 -0.5774
vn -0.3599 0.0981 -0.9278
vn -0.9809 -0.0734 -0.1801
vn -0.1052 -0.0426 -0.9935
vn -0.5774 -0.5773 -0.5774
vn -0.9131 0.0447 -0.4052
vn -0.6926 0.0749 -0.7175
vn -0.1003 -0.4018 -0.9102
vn -0.0922 -0.7111 -0.6970
vn -0.3495 -0.0492 -0.9357
vn -0.0779 -0.1266 -0.9889
vn -0.5773 -0.5774 -0.5774
vn -0.0974 -0.3839 -0.9182
vn -0.0926 -0.6966 -0.7115
vn -0.1004 -0.9899 -0.1004
vn -0.9899 -0.1004 -0.1004
vn -0.1004 -0.1004 -0.9899
vn -0.0981 -0.9201 -0.3792
vn -0.9201 -0.0981 -0.3792
vn -0.7041 -0.0919 -0.7041
vn -0.0981 -0.3792 -0.9201
vn -0.0919 -0.7041 -0.7041
vn -0.3792 -0.0981 -0.9201
vn -0.1004 0.9899 -0.1004
vn -0.1004 0.1004 -0.9899
vn -0.9899 0.1004 -0.1004
vn -0.0981 0.9201 -0.3792
vn -0.0919 0.7041 -0.7041
vn -0.3792 0.0981 -0.9201
vn -0.7041 0.0919 -0.7041
vn -0.0981 0.3792 -0.9201
vn -0.9201 0.0981 -0.3792
vn 0.1004 -0.9899 -0.1004
vn 0.1004 -0.1004 -0.9899
vn 0.9899 -0.1004 -0.1004
vn 0.0981 -0.9201 -0.3792
vn 0.0919 -0.7041 -0.7041
vn 0.3792 -0.0981 -0.9201
vn 0.7041 -0.0919 -0.7041
vn 0.0981 -0.3792 -0.9201
vn 0.9201 -0.0981 -0.3792
vn 0.9899 0.1004 -0.1004
vn 0.1004 0.1004 -0.9899
vn 0.1004 0.9899 -0.1004
vn 0.9201 0.0981 -0.3792
vn 0.7041 0.0919 -0.7041
vn 0.0981 0.3792 -0.9201
vn 0.0919 0.7041 -0.7041
vn 0.3792 0.0981 -0.9201
vn 0.0981 0.9201 -0.3792
vn -0.5773 -0.5774 0.5774
vn 0.5774 0.5774 0.5773
vn -0.5774 0.5774 -0.5773
vn 0.5774 0.5774 -0.5773
vn -0.5774 0.5774 0.5773
vn -0.5774 -0.5774 0.5773
vn -0.5773 0.5774 -0.5774
vn -0.5773 0.5774 0.5774
vn 0.5773 -0.5774 0.5774
vn -0.5774 -0.5773 0.5774
vn 0.5774 -0.5773 0.5774
vn -0.5774 0.5774 0.5774
vn 0.5773 0.5774 0.5774
vt 0.322017 0.756674
vt 0.321582 0.756674
vt 0.321572 0.756229
vt 0.322017 0.756240
vt 0.320881 0.756674
vt 0.320881 0.756251
vt 0.321594 0.755538
vt 0.322017 0.755539
vt 0.320881 0.756018
vt 0.124584 0.748885
vt 0.124584 0.749320
vt 0.124138 0.749331
vt 0.124149 0.748885
vt 0.124584 0.750021
vt 0.124161 0.750021
vt 0.123448 0.749308
vt 0.123448 0.748885
vt 0.123928 0.750021
vt 0.310490 0.767392
vt 0.310490 0.767827
vt 0.310044 0.767838
vt 0.310055 0.767392
vt 0.310490 0.768528
vt 0.310067 0.768528
vt 0.309354 0.767815
vt 0.309354 0.767392
vt 0.309834 0.768528
vt 0.310490 0.756674
vt 0.310055 0.756674
vt 0.310044 0.756229
vt 0.310490 0.756240
vt 0.309354 0.756674
vt 0.309354 0.756251
vt 0.310067 0.755538
vt 0.310490 0.755538
vt 0.309354 0.756019
vt 0.135302 0.748885
vt 0.135736 0.748885
vt 0.135747 0.749331
vt 0.135302 0.749320
vt 0.136438 0.748885
vt 0.136437 0.749308
vt 0.135725 0.750021
vt 0.135302 0.750021
vt 0.136437 0.749541
vt 0.333544 0.767392
vt 0.333544 0.767826
vt 0.333099 0.767838
vt 0.333110 0.767392
vt 0.333544 0.768528
vt 0.333121 0.768528
vt 0.332409 0.767815
vt 0.332409 0.767392
vt 0.332889 0.768528
vt 0.322017 0.767392
vt 0.322017 0.767826
vt 0.321571 0.767838
vt 0.321582 0.767392
vt 0.322017 0.768528
vt 0.321594 0.768528
vt 0.320881 0.767815
vt 0.320881 0.767392
vt 0.321361 0.768528
vt 0.347503 0.738167
vt 0.347069 0.738168
vt 0.347058 0.737722
vt 0.347503 0.737733
vt 0.346367 0.738167
vt 0.346368 0.737744
vt 0.347080 0.737032
vt 0.347503 0.737032
vt 0.346367 0.737512
vt 0.124584 0.738167
vt 0.124149 0.738168
vt 0.124138 0.737722
vt 0.124584 0.737733
vt 0.123448 0.738167
vt 0.123448 0.737744
vt 0.124161 0.737032
vt 0.124584 0.737032
vt 0.123448 0.737512
vt 0.333544 0.756674
vt 0.333110 0.756674
vt 0.333099 0.756229
vt 0.333544 0.756240
vt 0.332409 0.756674
vt 0.332409 0.756251
vt 0.333121 0.755538
vt 0.333544 0.755539
vt 0.332409 0.756018
vt 0.135302 0.738167
vt 0.135302 0.737733
vt 0.135747 0.737722
vt 0.135736 0.738167
vt 0.135302 0.737032
vt 0.135725 0.737032
vt 0.136437 0.737745
vt 0.136437 0.738167
vt 0.135957 0.737032
vt 0.347503 0.748885
vt 0.347503 0.749320
vt 0.347058 0.749331
vt 0.347069 0.748885
vt 0.347503 0.750021
vt 0.347080 0.750021
vt 0.346367 0.749308
vt 0.346367 0.748885
vt 0.346848 0.750021
vt 0.889132 0.729105
vt 0.888697 0.729105
vt 0.888343 0.728686
vt 0.888610 0.728670
vt 0.887996 0.729105
vt 0.887996 0.728696
vt 0.887996 0.727969
vt 0.887996 0.727969
vt 0.887996 0.728452
vt 0.395035 0.820310
vt 0.395556 0.819876
vt 0.395823 0.819891
vt 0.395470 0.820310
vt 0.396171 0.819175
vt 0.396171 0.819175
vt 0.396171 0.819902
vt 0.396171 0.820310
vt 0.337443 0.740439
vt 0.337877 0.739918
vt 0.338231 0.739651
vt 0.337964 0.740004
vt 0.338578 0.739303
vt 0.338578 0.739303
vt 0.338578 0.739303
vt 0.338578 0.739303
vt 0.395035 0.876779
vt 0.394600 0.876257
vt 0.394616 0.875990
vt 0.395035 0.876344
vt 0.393899 0.875643
vt 0.393899 0.875643
vt 0.394626 0.875643
vt 0.395035 0.875643
vt 0.393899 0.875643
vt 0.348692 0.748885
vt 0.349127 0.748364
vt 0.349480 0.748097
vt 0.349213 0.748450
vt 0.349828 0.747749
vt 0.349828 0.747749
vt 0.337443 0.748885
vt 0.337877 0.748885
vt 0.338231 0.749304
vt 0.337964 0.749320
vt 0.338578 0.748885
vt 0.338578 0.749294
vt 0.338578 0.750021
vt 0.338578 0.750021
vt 0.338578 0.749538
vt 0.395035 0.876779
vt 0.395556 0.876344
vt 0.395823 0.876359
vt 0.395470 0.876779
vt 0.396171 0.875643
vt 0.396171 0.875643
vt 0.396171 0.876370
vt 0.396171 0.876779
vt 0.337443 0.746613
vt 0.337964 0.747048
vt 0.338231 0.747402
vt 0.337877 0.747135
vt 0.338578 0.747749
vt 0.338578 0.747749
vt 0.338578 0.747749
vt 0.338578 0.747749
vt 0.395035 0.828377
vt 0.394600 0.828377
vt 0.394247 0.827958
vt 0.394514 0.827943
vt 0.393899 0.828377
vt 0.393899 0.827969
vt 0.393899 0.827241
vt 0.393899 0.827242
vt 0.393899 0.827724
vt 0.395035 0.884846
vt 0.395035 0.884411
vt 0.395455 0.884057
vt 0.395470 0.884324
vt 0.395035 0.883710
vt 0.395444 0.883710
vt 0.396171 0.883710
vt 0.396171 0.883710
vt 0.395688 0.883710
vt 0.328996 0.740439
vt 0.328562 0.739918
vt 0.328577 0.739651
vt 0.328996 0.740004
vt 0.327861 0.739303
vt 0.327861 0.739303
vt 0.328588 0.739303
vt 0.328996 0.739303
vt 0.323206 0.756674
vt 0.323727 0.757109
vt 0.323994 0.757462
vt 0.323641 0.757195
vt 0.324342 0.757810
vt 0.324342 0.757810
vt 0.395035 0.884845
vt 0.394600 0.884846
vt 0.394247 0.884426
vt 0.394514 0.884411
vt 0.393899 0.884846
vt 0.393899 0.884437
vt 0.393899 0.883710
vt 0.393899 0.883710
vt 0.393899 0.884192
vt 0.395035 0.796110
vt 0.395556 0.795675
vt 0.395823 0.795690
vt 0.395470 0.796110
vt 0.396171 0.794974
vt 0.396171 0.794974
vt 0.396171 0.795701
vt 0.396171 0.796110
vt 0.396171 0.794974
vt 0.331268 0.740439
vt 0.330747 0.740004
vt 0.330480 0.739651
vt 0.330834 0.739918
vt 0.330132 0.739303
vt 0.330132 0.739303
vt 0.330132 0.739303
vt 0.395035 0.804177
vt 0.395556 0.803742
vt 0.395823 0.803757
vt 0.395470 0.804177
vt 0.396171 0.803041
vt 0.396171 0.803041
vt 0.396171 0.803768
vt 0.396171 0.804177
vt 0.396171 0.803041
vt 0.331268 0.746613
vt 0.330833 0.747135
vt 0.330480 0.747402
vt 0.330747 0.747048
vt 0.330132 0.747749
vt 0.330132 0.747749
vt 0.395035 0.812243
vt 0.394600 0.812243
vt 0.394247 0.811824
vt 0.394514 0.811809
vt 0.393899 0.812244
vt 0.393899 0.811835
vt 0.393899 0.811108
vt 0.393899 0.811590
vt 0.331268 0.738167
vt 0.330833 0.738167
vt 0.330480 0.737748
vt 0.330747 0.737733
vt 0.330132 0.738167
vt 0.330132 0.737759
vt 0.330132 0.737032
vt 0.330132 0.737032
vt 0.330132 0.737514
vt 0.395035 0.796110
vt 0.394600 0.795589
vt 0.394616 0.795321
vt 0.395035 0.795675
vt 0.393899 0.794974
vt 0.393899 0.794974
vt 0.394626 0.794974
vt 0.395035 0.794974
vt 0.393899 0.794974
vt 0.311679 0.767392
vt 0.312113 0.766871
vt 0.312467 0.766604
vt 0.312200 0.766957
vt 0.312814 0.766256
vt 0.312814 0.766256
vt 0.312814 0.766256
vt 0.331268 0.748885
vt 0.330747 0.749320
vt 0.330480 0.749304
vt 0.330833 0.748885
vt 0.330132 0.750021
vt 0.330132 0.749294
vt 0.330132 0.748885
vt 0.348692 0.738167
vt 0.349213 0.738602
vt 0.349480 0.738956
vt 0.349127 0.738689
vt 0.349828 0.739303
vt 0.349828 0.739303
vt 0.349828 0.739303
vt 0.395035 0.812244
vt 0.395035 0.811809
vt 0.395454 0.811455
vt 0.395470 0.811722
vt 0.395035 0.811108
vt 0.395444 0.811108
vt 0.396171 0.811108
vt 0.396171 0.811108
vt 0.395688 0.811108
vt 0.889131 0.729105
vt 0.889132 0.728670
vt 0.889551 0.728317
vt 0.889566 0.728584
vt 0.889132 0.727969
vt 0.889540 0.727969
vt 0.890267 0.727969
vt 0.889785 0.727969
vt 0.337443 0.738167
vt 0.337964 0.737733
vt 0.338231 0.737748
vt 0.337877 0.738167
vt 0.338578 0.737032
vt 0.338578 0.737759
vt 0.338578 0.738167
vt 0.311679 0.756674
vt 0.312200 0.757109
vt 0.312467 0.757462
vt 0.312113 0.757195
vt 0.312814 0.757810
vt 0.312814 0.757810
vt 0.339714 0.740439
vt 0.339714 0.740004
vt 0.340134 0.739651
vt 0.340149 0.739918
vt 0.339714 0.739303
vt 0.340123 0.739303
vt 0.340850 0.739303
vt 0.340367 0.739303
vt 0.395035 0.820310
vt 0.394600 0.819789
vt 0.394616 0.819522
vt 0.395035 0.819876
vt 0.393899 0.819175
vt 0.393899 0.819175
vt 0.394626 0.819175
vt 0.395035 0.819175
vt 0.334733 0.767392
vt 0.335168 0.766871
vt 0.335522 0.766604
vt 0.335254 0.766957
vt 0.335869 0.766256
vt 0.335869 0.766256
vt 0.335869 0.766256
vt 0.339714 0.746614
vt 0.340149 0.747135
vt 0.340134 0.747402
vt 0.339714 0.747048
vt 0.340850 0.747749
vt 0.340123 0.747749
vt 0.339714 0.747749
vt 0.334733 0.756674
vt 0.335254 0.757109
vt 0.335521 0.757462
vt 0.335168 0.757195
vt 0.335869 0.757810
vt 0.335869 0.757810
vt 0.395035 0.828377
vt 0.395035 0.827943
vt 0.395454 0.827589
vt 0.395470 0.827856
vt 0.395035 0.827242
vt 0.395444 0.827242
vt 0.396171 0.827242
vt 0.396171 0.827242
vt 0.395688 0.827242
vt 0.328997 0.746614
vt 0.328997 0.747048
vt 0.328577 0.747402
vt 0.328562 0.747135
vt 0.328997 0.747749
vt 0.328588 0.747749
vt 0.327861 0.747749
vt 0.327861 0.747749
vt 0.328343 0.747749
vt 0.395035 0.804177
vt 0.394600 0.803655
vt 0.394616 0.803388
vt 0.395035 0.803742
vt 0.393899 0.803041
vt 0.393899 0.803041
vt 0.394626 0.803041
vt 0.395035 0.803041
vt 0.323206 0.767392
vt 0.323640 0.766871
vt 0.323994 0.766604
vt 0.323727 0.766957
vt 0.324342 0.766256
vt 0.324342 0.766256
vt 0.324342 0.766256
vt 0.386744 0.787645
vt 0.386744 0.788080
vt 0.386325 0.788433
vt 0.386310 0.788166
vt 0.386744 0.788781
vt 0.386336 0.788781
vt 0.385609 0.788781
vt 0.385609 0.788781
vt 0.386091 0.788781
vt 0.377766 0.784152
vt 0.377332 0.783631
vt 0.377347 0.783364
vt 0.377766 0.783717
vt 0.376631 0.783016
vt 0.376631 0.783016
vt 0.377358 0.783016
vt 0.377766 0.783016
vt 0.376631 0.783016
vt 0.125925 0.739508
vt 0.126446 0.739943
vt 0.126713 0.740297
vt 0.126359 0.740029
vt 0.127061 0.740644
vt 0.127061 0.740644
vt 0.127061 0.740644
vt 0.386744 0.784152
vt 0.386310 0.783631
vt 0.386325 0.783364
vt 0.386744 0.783717
vt 0.385609 0.783016
vt 0.385609 0.783016
vt 0.386336 0.783016
vt 0.386744 0.783016
vt 0.385609 0.783016
vt 0.133961 0.739508
vt 0.133526 0.740029
vt 0.133173 0.740297
vt 0.133440 0.739943
vt 0.132825 0.740644
vt 0.132825 0.740644
vt 0.132825 0.740644
vt 0.368789 0.787645
vt 0.368789 0.788080
vt 0.368369 0.788433
vt 0.368354 0.788166
vt 0.368789 0.788781
vt 0.368380 0.788781
vt 0.367653 0.788781
vt 0.367653 0.788781
vt 0.368135 0.788781
vt 0.368789 0.784152
vt 0.368354 0.783631
vt 0.368369 0.783364
vt 0.368789 0.783717
vt 0.367653 0.783016
vt 0.367653 0.783016
vt 0.368380 0.783016
vt 0.368789 0.783016
vt 0.367653 0.783016
vt 0.133961 0.747544
vt 0.133440 0.747110
vt 0.133173 0.746756
vt 0.133526 0.747023
vt 0.132825 0.746409
vt 0.132825 0.746409
vt 0.132825 0.746408
vt 0.359811 0.787645
vt 0.359811 0.788080
vt 0.359391 0.788433
vt 0.359376 0.788166
vt 0.359811 0.788781
vt 0.359402 0.788781
vt 0.358675 0.788781
vt 0.359157 0.788781
vt 0.377766 0.787645
vt 0.377767 0.788080
vt 0.377347 0.788433
vt 0.377332 0.788166
vt 0.377766 0.788781
vt 0.377358 0.788781
vt 0.376631 0.788781
vt 0.376631 0.788781
vt 0.377113 0.788781
vt 0.359811 0.784152
vt 0.359376 0.783631
vt 0.359391 0.783364
vt 0.359811 0.783717
vt 0.358675 0.783016
vt 0.358675 0.783016
vt 0.359402 0.783016
vt 0.359811 0.783016
vt 0.125925 0.747544
vt 0.126359 0.747023
vt 0.126713 0.746756
vt 0.126446 0.747110
vt 0.127061 0.746409
vt 0.127061 0.746409
vt 0.378955 0.787645
vt 0.379390 0.788166
vt 0.379375 0.788433
vt 0.378955 0.788080
vt 0.380091 0.788781
vt 0.380091 0.788781
vt 0.379364 0.788781
vt 0.378955 0.788781
vt 0.380091 0.788781
vt 0.330337 0.739508
vt 0.330858 0.739943
vt 0.331126 0.740296
vt 0.330772 0.740029
vt 0.331473 0.740644
vt 0.331473 0.740644
vt 0.331473 0.740644
vt 0.360999 0.784152
vt 0.360999 0.783717
vt 0.361419 0.783364
vt 0.361434 0.783631
vt 0.360999 0.783016
vt 0.361408 0.783016
vt 0.362135 0.783016
vt 0.361653 0.783016
vt 0.378955 0.784152
vt 0.378955 0.783717
vt 0.379375 0.783364
vt 0.379390 0.783631
vt 0.378955 0.783016
vt 0.379364 0.783016
vt 0.380091 0.783016
vt 0.379609 0.783016
vt 0.387933 0.787645
vt 0.388368 0.788166
vt 0.388353 0.788433
vt 0.387933 0.788080
vt 0.389069 0.788781
vt 0.388342 0.788781
vt 0.387933 0.788781
vt 0.330337 0.747544
vt 0.330772 0.747023
vt 0.331126 0.746756
vt 0.330858 0.747110
vt 0.331473 0.746408
vt 0.331473 0.746408
vt 0.331473 0.746408
vt 0.387933 0.784152
vt 0.387933 0.783717
vt 0.388353 0.783364
vt 0.388368 0.783631
vt 0.387933 0.783016
vt 0.388342 0.783016
vt 0.389069 0.783016
vt 0.389069 0.783016
vt 0.388586 0.783016
vt 0.369977 0.787645
vt 0.370412 0.788166
vt 0.370397 0.788433
vt 0.369977 0.788080
vt 0.371113 0.788781
vt 0.371113 0.788781
vt 0.370386 0.788781
vt 0.369977 0.788781
vt 0.371113 0.788781
vt 0.338373 0.747544
vt 0.337852 0.747110
vt 0.337585 0.746756
vt 0.337939 0.747023
vt 0.337238 0.746408
vt 0.337238 0.746408
vt 0.337238 0.746408
vt 0.360999 0.787645
vt 0.361434 0.788166
vt 0.361419 0.788433
vt 0.360999 0.788080
vt 0.362135 0.788781
vt 0.361408 0.788781
vt 0.360999 0.788781
vt 0.362135 0.788781
vt 0.338373 0.739508
vt 0.337939 0.740029
vt 0.337585 0.740297
vt 0.337852 0.739943
vt 0.337238 0.740644
vt 0.337238 0.740644
vt 0.369977 0.784152
vt 0.369977 0.783717
vt 0.370397 0.783364
vt 0.370412 0.783631
vt 0.369977 0.783016
vt 0.370386 0.783016
vt 0.371113 0.783016
vt 0.371113 0.783016
vt 0.370631 0.783016
vt 0.337283 0.767392
vt 0.337717 0.767392
vt 0.337728 0.767837
vt 0.337283 0.767827
vt 0.338418 0.767392
vt 0.338418 0.767815
vt 0.337706 0.768528
vt 0.337283 0.768528
vt 0.338418 0.768048
vt 0.133562 0.899312
vt 0.133562 0.898878
vt 0.134007 0.898867
vt 0.133997 0.899312
vt 0.133562 0.898177
vt 0.133985 0.898177
vt 0.134698 0.898890
vt 0.134698 0.899312
vt 0.134218 0.898177
vt 0.314228 0.756674
vt 0.314228 0.756240
vt 0.314674 0.756229
vt 0.314663 0.756674
vt 0.314228 0.755538
vt 0.314651 0.755538
vt 0.315364 0.756251
vt 0.315364 0.756674
vt 0.314884 0.755538
vt 0.337283 0.756674
vt 0.337283 0.756240
vt 0.337728 0.756229
vt 0.337717 0.756674
vt 0.337283 0.755538
vt 0.337706 0.755538
vt 0.338418 0.756251
vt 0.338418 0.756674
vt 0.337938 0.755538
vt 0.351242 0.748885
vt 0.351676 0.748885
vt 0.351687 0.749331
vt 0.351242 0.749320
vt 0.352377 0.748885
vt 0.352377 0.749308
vt 0.351664 0.750021
vt 0.351242 0.750021
vt 0.352377 0.749541
vt 0.905538 0.720488
vt 0.905538 0.720922
vt 0.905092 0.720933
vt 0.905103 0.720488
vt 0.905538 0.721623
vt 0.905115 0.721623
vt 0.904402 0.720911
vt 0.904402 0.720488
vt 0.904882 0.721623
vt 0.351242 0.738167
vt 0.351242 0.737733
vt 0.351687 0.737722
vt 0.351676 0.738167
vt 0.351242 0.737032
vt 0.351665 0.737032
vt 0.352377 0.737745
vt 0.352377 0.738167
vt 0.351897 0.737032
vt 0.325755 0.767392
vt 0.326190 0.767392
vt 0.326201 0.767837
vt 0.325755 0.767827
vt 0.326891 0.767392
vt 0.326891 0.767815
vt 0.326178 0.768528
vt 0.325755 0.768528
vt 0.326891 0.768048
vt 0.395035 0.900979
vt 0.395035 0.901414
vt 0.394590 0.901425
vt 0.394601 0.900979
vt 0.395035 0.902115
vt 0.394612 0.902115
vt 0.393899 0.901402
vt 0.393899 0.900979
vt 0.394379 0.902115
vt 0.889132 0.729383
vt 0.889132 0.729817
vt 0.888686 0.729828
vt 0.888697 0.729383
vt 0.889131 0.730518
vt 0.888709 0.730518
vt 0.887996 0.729806
vt 0.887996 0.729383
vt 0.888476 0.730518
vt 0.133562 0.899312
vt 0.133562 0.899747
vt 0.133116 0.899758
vt 0.133127 0.899312
vt 0.133562 0.900448
vt 0.133139 0.900448
vt 0.132426 0.899735
vt 0.132426 0.899312
vt 0.132906 0.900448
vt 0.395035 0.820588
vt 0.395470 0.820588
vt 0.395481 0.821034
vt 0.395035 0.821023
vt 0.396171 0.820588
vt 0.396171 0.821011
vt 0.395458 0.821724
vt 0.395035 0.821724
vt 0.396171 0.821244
vt 0.395035 0.877056
vt 0.395035 0.877491
vt 0.394590 0.877502
vt 0.394600 0.877056
vt 0.395035 0.878192
vt 0.394612 0.878192
vt 0.393899 0.877479
vt 0.393899 0.877056
vt 0.394379 0.878192
vt 0.905538 0.720488
vt 0.905103 0.720488
vt 0.905092 0.720042
vt 0.905538 0.720053
vt 0.904402 0.720488
vt 0.904402 0.720065
vt 0.905115 0.719352
vt 0.905538 0.719352
vt 0.904402 0.719832
vt 0.351242 0.748885
vt 0.351241 0.748450
vt 0.351687 0.748440
vt 0.351676 0.748885
vt 0.351242 0.747749
vt 0.351664 0.747749
vt 0.352377 0.748462
vt 0.352377 0.748885
vt 0.351897 0.747749
vt 0.395035 0.877056
vt 0.395470 0.877057
vt 0.395481 0.877502
vt 0.396171 0.877056
vt 0.396171 0.877479
vt 0.395458 0.878192
vt 0.396171 0.877712
vt 0.395035 0.828655
vt 0.395035 0.829090
vt 0.394590 0.829101
vt 0.394600 0.828655
vt 0.395035 0.829791
vt 0.394612 0.829791
vt 0.393899 0.829078
vt 0.393899 0.828655
vt 0.394379 0.829791
vt 0.905538 0.720488
vt 0.905538 0.720053
vt 0.905983 0.720042
vt 0.905973 0.720488
vt 0.905961 0.719352
vt 0.906674 0.720065
vt 0.906674 0.720488
vt 0.906194 0.719352
vt 0.395035 0.885123
vt 0.395470 0.885123
vt 0.395481 0.885569
vt 0.395035 0.885558
vt 0.396171 0.885123
vt 0.396171 0.885546
vt 0.395458 0.886259
vt 0.395035 0.886259
vt 0.396171 0.885779
vt 0.325755 0.756674
vt 0.326190 0.756674
vt 0.326201 0.757120
vt 0.325755 0.757109
vt 0.326891 0.756674
vt 0.326891 0.757097
vt 0.326178 0.757810
vt 0.325755 0.757810
vt 0.326891 0.757330
vt 0.904710 0.729105
vt 0.904275 0.729105
vt 0.904264 0.728659
vt 0.904710 0.728670
vt 0.903574 0.729105
vt 0.903574 0.728682
vt 0.904287 0.727969
vt 0.904710 0.727969
vt 0.903574 0.728449
vt 0.395035 0.885123
vt 0.395035 0.885558
vt 0.394590 0.885569
vt 0.394601 0.885123
vt 0.395035 0.886259
vt 0.394612 0.886259
vt 0.393899 0.885546
vt 0.393899 0.885123
vt 0.394379 0.886259
vt 0.904710 0.729105
vt 0.904710 0.729540
vt 0.904264 0.729550
vt 0.904275 0.729105
vt 0.904710 0.730241
vt 0.904287 0.730241
vt 0.903574 0.729528
vt 0.903574 0.729105
vt 0.904054 0.730241
vt 0.395035 0.796388
vt 0.395470 0.796387
vt 0.395481 0.796833
vt 0.395035 0.796822
vt 0.396171 0.796388
vt 0.396171 0.796810
vt 0.395458 0.797523
vt 0.395035 0.797523
vt 0.396171 0.797043
vt 0.395035 0.804454
vt 0.395470 0.804454
vt 0.395481 0.804900
vt 0.395035 0.804889
vt 0.396171 0.804454
vt 0.396171 0.804877
vt 0.395458 0.805590
vt 0.395035 0.805590
vt 0.396171 0.805110
vt 0.395035 0.812521
vt 0.395035 0.812956
vt 0.394590 0.812967
vt 0.394600 0.812521
vt 0.395035 0.813657
vt 0.394612 0.813657
vt 0.393899 0.812944
vt 0.393899 0.812521
vt 0.394379 0.813657
vt 0.395035 0.900980
vt 0.395035 0.900545
vt 0.395481 0.900534
vt 0.395470 0.900979
vt 0.395035 0.899844
vt 0.395458 0.899844
vt 0.396171 0.900557
vt 0.396171 0.900979
vt 0.395691 0.899844
vt 0.314228 0.767392
vt 0.314228 0.766957
vt 0.314674 0.766946
vt 0.314663 0.767392
vt 0.314228 0.766256
vt 0.314651 0.766256
vt 0.315364 0.766969
vt 0.315364 0.767392
vt 0.314884 0.766256
vt 0.395035 0.796388
vt 0.395035 0.796822
vt 0.394590 0.796833
vt 0.394601 0.796387
vt 0.395035 0.797523
vt 0.394612 0.797523
vt 0.393899 0.796811
vt 0.393899 0.796388
vt 0.394379 0.797523
vt 0.905144 0.729105
vt 0.905155 0.729550
vt 0.904710 0.729539
vt 0.905846 0.729105
vt 0.905846 0.729528
vt 0.905133 0.730241
vt 0.904710 0.730241
vt 0.905846 0.729761
vt 0.351676 0.738167
vt 0.351687 0.738613
vt 0.351242 0.738602
vt 0.352377 0.738167
vt 0.352377 0.738590
vt 0.351665 0.739303
vt 0.351242 0.739303
vt 0.352377 0.738823
vt 0.395035 0.900979
vt 0.395470 0.900980
vt 0.395481 0.901425
vt 0.395035 0.901414
vt 0.396171 0.900979
vt 0.396171 0.901402
vt 0.395458 0.902115
vt 0.395035 0.902115
vt 0.396171 0.901635
vt 0.395035 0.812521
vt 0.395470 0.812521
vt 0.395481 0.812967
vt 0.395035 0.812956
vt 0.396171 0.812521
vt 0.396171 0.812944
vt 0.395458 0.813657
vt 0.396171 0.813177
vt 0.889132 0.729383
vt 0.889566 0.729383
vt 0.889577 0.729828
vt 0.889132 0.729817
vt 0.890267 0.729383
vt 0.890267 0.729806
vt 0.889555 0.730519
vt 0.890267 0.730038
vt 0.314228 0.756674
vt 0.314663 0.756674
vt 0.314674 0.757120
vt 0.314228 0.757109
vt 0.315364 0.757097
vt 0.314651 0.757810
vt 0.314228 0.757810
vt 0.315364 0.757330
vt 0.133562 0.899312
vt 0.133127 0.899312
vt 0.133116 0.898867
vt 0.133562 0.898878
vt 0.132426 0.898889
vt 0.133139 0.898177
vt 0.132426 0.898657
vt 0.337283 0.767392
vt 0.337283 0.766957
vt 0.337728 0.766946
vt 0.337717 0.767392
vt 0.337283 0.766256
vt 0.337706 0.766256
vt 0.338418 0.766969
vt 0.338418 0.767392
vt 0.337938 0.766256
vt 0.395035 0.820588
vt 0.394590 0.821034
vt 0.394600 0.820588
vt 0.395035 0.821724
vt 0.394612 0.821724
vt 0.393899 0.821011
vt 0.393899 0.820588
vt 0.394379 0.821724
vt 0.133562 0.899312
vt 0.133997 0.899312
vt 0.134007 0.899758
vt 0.133562 0.899747
vt 0.134698 0.899735
vt 0.133985 0.900448
vt 0.134698 0.899968
vt 0.337283 0.756674
vt 0.337717 0.756674
vt 0.337728 0.757120
vt 0.337283 0.757109
vt 0.338418 0.757097
vt 0.337706 0.757810
vt 0.337283 0.757810
vt 0.338418 0.757330
vt 0.905984 0.720933
vt 0.905538 0.720922
vt 0.906674 0.720488
vt 0.906674 0.720911
vt 0.905961 0.721623
vt 0.905538 0.721623
vt 0.906674 0.721143
vt 0.395035 0.828655
vt 0.395470 0.828655
vt 0.395481 0.829101
vt 0.395035 0.829090
vt 0.396171 0.828655
vt 0.396171 0.829078
vt 0.395458 0.829791
vt 0.395035 0.829791
vt 0.396171 0.829311
vt 0.325755 0.767392
vt 0.325755 0.766957
vt 0.326201 0.766946
vt 0.326190 0.767392
vt 0.325755 0.766256
vt 0.326178 0.766256
vt 0.326891 0.766969
vt 0.326891 0.767392
vt 0.326411 0.766256
vt 0.395035 0.804454
vt 0.395035 0.804889
vt 0.394590 0.804900
vt 0.394601 0.804454
vt 0.394612 0.805590
vt 0.393899 0.804877
vt 0.393899 0.804455
vt 0.394379 0.805590
vt 0.395035 0.900979
vt 0.394590 0.900534
vt 0.395035 0.900545
vt 0.393899 0.900979
vt 0.393899 0.900556
vt 0.394612 0.899844
vt 0.393899 0.900324
vt 0.314228 0.767392
vt 0.314663 0.767392
vt 0.314674 0.767837
vt 0.314228 0.767826
vt 0.315364 0.767392
vt 0.315364 0.767815
vt 0.314651 0.768528
vt 0.314228 0.768528
vt 0.315364 0.768048
vt 0.904710 0.729105
vt 0.904710 0.728670
vt 0.905155 0.728659
vt 0.905144 0.729105
vt 0.904710 0.727969
vt 0.905133 0.727969
vt 0.905846 0.728682
vt 0.905846 0.729105
vt 0.905366 0.727969
vt 0.325755 0.756674
vt 0.325755 0.756240
vt 0.326201 0.756229
vt 0.326190 0.756674
vt 0.325755 0.755538
vt 0.326178 0.755538
vt 0.326891 0.756251
vt 0.326411 0.755538
vt 0.403838 0.829263
vt 0.404273 0.829263
vt 0.404284 0.829652
vt 0.403838 0.829643
vt 0.404974 0.829263
vt 0.404974 0.829633
vt 0.404261 0.830257
vt 0.403838 0.830257
vt 0.404974 0.829836
vt 0.344959 0.785350
vt 0.344959 0.785730
vt 0.344513 0.785740
vt 0.344524 0.785350
vt 0.344959 0.786344
vt 0.344536 0.786344
vt 0.343823 0.785720
vt 0.343823 0.785350
vt 0.344303 0.786344
vt 0.134390 0.890695
vt 0.134390 0.890261
vt 0.134836 0.890250
vt 0.134825 0.890695
vt 0.134390 0.889559
vt 0.134813 0.889560
vt 0.135526 0.890272
vt 0.135526 0.890695
vt 0.135046 0.889560
vt 0.403010 0.811446
vt 0.403010 0.811827
vt 0.402564 0.811836
vt 0.402575 0.811446
vt 0.403010 0.812441
vt 0.402587 0.812441
vt 0.401874 0.811817
vt 0.401874 0.811446
vt 0.402354 0.812441
vt 0.134390 0.882078
vt 0.134390 0.881643
vt 0.134836 0.881633
vt 0.134825 0.882078
vt 0.134390 0.880942
vt 0.134813 0.880942
vt 0.135526 0.881655
vt 0.135526 0.882078
vt 0.135046 0.880942
vt 0.403838 0.793630
vt 0.404273 0.793630
vt 0.404284 0.794020
vt 0.403838 0.794011
vt 0.404974 0.793630
vt 0.404974 0.794000
vt 0.404261 0.794624
vt 0.403838 0.794624
vt 0.404974 0.794204
vt 0.133201 0.820982
vt 0.133201 0.821363
vt 0.132756 0.821372
vt 0.132767 0.820982
vt 0.133201 0.821976
vt 0.132778 0.821976
vt 0.132065 0.821352
vt 0.132065 0.820982
vt 0.132545 0.821976
vt 0.403010 0.884652
vt 0.403010 0.885087
vt 0.402564 0.885098
vt 0.402575 0.884652
vt 0.403010 0.885788
vt 0.402587 0.885788
vt 0.401874 0.885075
vt 0.401874 0.884652
vt 0.402354 0.885788
vt 0.134029 0.803166
vt 0.134464 0.803166
vt 0.134475 0.803556
vt 0.134029 0.803546
vt 0.135165 0.803166
vt 0.135165 0.803536
vt 0.134452 0.804160
vt 0.134029 0.804160
vt 0.135165 0.803740
vt 0.124584 0.803166
vt 0.124584 0.803546
vt 0.124138 0.803556
vt 0.124149 0.803166
vt 0.124584 0.804160
vt 0.124161 0.804160
vt 0.123448 0.803536
vt 0.123448 0.803166
vt 0.123928 0.804160
vt 0.403010 0.893269
vt 0.403010 0.893704
vt 0.402564 0.893715
vt 0.402575 0.893270
vt 0.403010 0.894405
vt 0.402587 0.894405
vt 0.401874 0.893692
vt 0.401874 0.893270
vt 0.402354 0.894405
vt 0.125412 0.820982
vt 0.125847 0.820982
vt 0.125858 0.821372
vt 0.125412 0.821363
vt 0.126548 0.820982
vt 0.126548 0.821352
vt 0.125835 0.821976
vt 0.125412 0.821976
vt 0.126548 0.821556
vt 0.403838 0.818952
vt 0.403838 0.818572
vt 0.404283 0.818562
vt 0.404273 0.818952
vt 0.403838 0.817958
vt 0.404261 0.817958
vt 0.404974 0.818582
vt 0.404974 0.818952
vt 0.404494 0.817958
vt 0.888771 0.685683
vt 0.888771 0.686118
vt 0.888325 0.686129
vt 0.888336 0.685684
vt 0.888771 0.686819
vt 0.888348 0.686819
vt 0.887635 0.686106
vt 0.887635 0.685683
vt 0.888115 0.686819
vt 0.344959 0.775039
vt 0.344524 0.775039
vt 0.344513 0.774649
vt 0.344959 0.774659
vt 0.343823 0.775039
vt 0.343823 0.774669
vt 0.344536 0.774045
vt 0.344959 0.774045
vt 0.343823 0.774465
vt 0.328552 0.775039
vt 0.328552 0.774659
vt 0.328998 0.774649
vt 0.328987 0.775039
vt 0.328552 0.774045
vt 0.328975 0.774045
vt 0.329688 0.774669
vt 0.329688 0.775039
vt 0.329208 0.774045
vt 0.889599 0.684855
vt 0.889599 0.684421
vt 0.890045 0.684410
vt 0.890034 0.684855
vt 0.889599 0.683719
vt 0.890022 0.683719
vt 0.890735 0.684432
vt 0.890735 0.684855
vt 0.890255 0.683719
vt 0.336341 0.775039
vt 0.335907 0.775039
vt 0.335896 0.774649
vt 0.336341 0.774659
vt 0.335206 0.775039
vt 0.335206 0.774669
vt 0.335918 0.774045
vt 0.336341 0.774045
vt 0.335206 0.774465
vt 0.403838 0.801136
vt 0.403838 0.800756
vt 0.404284 0.800746
vt 0.404273 0.801136
vt 0.403838 0.800142
vt 0.404261 0.800142
vt 0.404974 0.800766
vt 0.404974 0.801136
vt 0.404494 0.800142
vt 0.125412 0.894188
vt 0.125847 0.894188
vt 0.125858 0.894633
vt 0.125412 0.894623
vt 0.126548 0.894188
vt 0.126548 0.894611
vt 0.125835 0.895324
vt 0.125412 0.895324
vt 0.126548 0.894844
vt 0.319107 0.775039
vt 0.318672 0.775039
vt 0.318661 0.774649
vt 0.319107 0.774659
vt 0.317971 0.775039
vt 0.317971 0.774669
vt 0.318684 0.774045
vt 0.319107 0.774045
vt 0.317971 0.774465
vt 0.403010 0.793630
vt 0.403010 0.794011
vt 0.402564 0.794020
vt 0.402575 0.793630
vt 0.403010 0.794624
vt 0.402587 0.794624
vt 0.401874 0.794000
vt 0.401874 0.793630
vt 0.402354 0.794624
vt 0.133562 0.882078
vt 0.133127 0.882078
vt 0.133116 0.881633
vt 0.133562 0.881643
vt 0.132426 0.882078
vt 0.132426 0.881655
vt 0.133139 0.880942
vt 0.133562 0.880942
vt 0.132426 0.881422
vt 0.311318 0.785350
vt 0.311752 0.785350
vt 0.311763 0.785740
vt 0.311318 0.785730
vt 0.312454 0.785350
vt 0.312454 0.785720
vt 0.311741 0.786344
vt 0.311318 0.786344
vt 0.312454 0.785924
vt 0.345787 0.785350
vt 0.346222 0.785350
vt 0.346232 0.785740
vt 0.345787 0.785730
vt 0.346923 0.785350
vt 0.346923 0.785720
vt 0.346210 0.786344
vt 0.345787 0.786344
vt 0.346923 0.785924
vt 0.327724 0.785350
vt 0.327724 0.785730
vt 0.327279 0.785740
vt 0.327289 0.785350
vt 0.327724 0.786344
vt 0.327301 0.786344
vt 0.326588 0.785720
vt 0.326588 0.785350
vt 0.327068 0.786344
vt 0.134390 0.891523
vt 0.134825 0.891524
vt 0.134836 0.891969
vt 0.134390 0.891958
vt 0.135526 0.891523
vt 0.135526 0.891946
vt 0.134813 0.892659
vt 0.134390 0.892659
vt 0.135526 0.892179
vt 0.133201 0.803166
vt 0.133201 0.803546
vt 0.132756 0.803556
vt 0.132767 0.803166
vt 0.133201 0.804160
vt 0.132778 0.804160
vt 0.132065 0.803536
vt 0.132065 0.803166
vt 0.132545 0.804160
vt 0.403838 0.884652
vt 0.404273 0.884652
vt 0.404284 0.885098
vt 0.403838 0.885087
vt 0.404974 0.884652
vt 0.404974 0.885075
vt 0.404261 0.885788
vt 0.403838 0.885788
vt 0.404974 0.885308
vt 0.395221 0.775814
vt 0.395655 0.775814
vt 0.395666 0.776204
vt 0.395221 0.776195
vt 0.396357 0.775814
vt 0.396357 0.776184
vt 0.395644 0.776808
vt 0.395221 0.776808
vt 0.396357 0.776388
vt 0.125412 0.803166
vt 0.125847 0.803166
vt 0.125858 0.803556
vt 0.125412 0.803546
vt 0.126548 0.803166
vt 0.126548 0.803536
vt 0.125835 0.804160
vt 0.125412 0.804160
vt 0.126548 0.803740
vt 0.133201 0.785350
vt 0.133201 0.785730
vt 0.132756 0.785740
vt 0.132767 0.785350
vt 0.133201 0.786344
vt 0.132778 0.786344
vt 0.132065 0.785720
vt 0.132065 0.785350
vt 0.132545 0.786344
vt 0.403010 0.892441
vt 0.402575 0.892441
vt 0.402564 0.891996
vt 0.403010 0.892007
vt 0.401874 0.892441
vt 0.401874 0.892018
vt 0.402587 0.891306
vt 0.403010 0.891306
vt 0.401874 0.891786
vt 0.395221 0.765504
vt 0.395221 0.765123
vt 0.395666 0.765114
vt 0.395655 0.765504
vt 0.395221 0.764509
vt 0.395644 0.764509
vt 0.396357 0.765133
vt 0.396357 0.765504
vt 0.395877 0.764509
vt 0.898216 0.677066
vt 0.898651 0.677066
vt 0.898662 0.677512
vt 0.898216 0.677501
vt 0.899352 0.677066
vt 0.899352 0.677489
vt 0.898639 0.678202
vt 0.898216 0.678202
vt 0.899352 0.677722
vt 0.133201 0.792856
vt 0.132767 0.792856
vt 0.132756 0.792466
vt 0.133201 0.792475
vt 0.132065 0.792856
vt 0.132065 0.792485
vt 0.132778 0.791861
vt 0.133201 0.791861
vt 0.132065 0.792282
vt 0.327724 0.775039
vt 0.327289 0.775039
vt 0.327279 0.774649
vt 0.327724 0.774659
vt 0.326588 0.775039
vt 0.326588 0.774669
vt 0.327301 0.774045
vt 0.327724 0.774045
vt 0.326588 0.774465
vt 0.345787 0.775039
vt 0.345787 0.774659
vt 0.346232 0.774649
vt 0.346221 0.775039
vt 0.345787 0.774045
vt 0.346210 0.774045
vt 0.346923 0.774669
vt 0.346923 0.775039
vt 0.346443 0.774045
vt 0.889599 0.685683
vt 0.890034 0.685683
vt 0.890045 0.686129
vt 0.889599 0.686118
vt 0.890735 0.685683
vt 0.890735 0.686107
vt 0.890022 0.686819
vt 0.889599 0.686819
vt 0.890735 0.686339
vt 0.311318 0.775039
vt 0.311318 0.774659
vt 0.311763 0.774649
vt 0.311752 0.775039
vt 0.311318 0.774045
vt 0.311741 0.774045
vt 0.312454 0.774669
vt 0.312454 0.775039
vt 0.311974 0.774045
vt 0.124584 0.893360
vt 0.124149 0.893360
vt 0.124138 0.892914
vt 0.124584 0.892925
vt 0.123448 0.893360
vt 0.123448 0.892937
vt 0.124161 0.892224
vt 0.124584 0.892224
vt 0.123448 0.892704
vt 0.403010 0.783320
vt 0.402575 0.783320
vt 0.402564 0.782930
vt 0.403010 0.782939
vt 0.401874 0.783320
vt 0.401874 0.782950
vt 0.402587 0.782326
vt 0.403010 0.782326
vt 0.401874 0.782746
vt 0.403838 0.811446
vt 0.404273 0.811446
vt 0.404284 0.811836
vt 0.403838 0.811827
vt 0.404974 0.811446
vt 0.404974 0.811817
vt 0.404261 0.812440
vt 0.403838 0.812441
vt 0.404974 0.812020
vt 0.319107 0.785350
vt 0.319107 0.785730
vt 0.318661 0.785740
vt 0.318672 0.785350
vt 0.319107 0.786344
vt 0.318684 0.786344
vt 0.317971 0.785720
vt 0.317971 0.785350
vt 0.318451 0.786344
vt 0.134390 0.882906
vt 0.134825 0.882906
vt 0.134836 0.883352
vt 0.134390 0.883341
vt 0.135526 0.882906
vt 0.135526 0.883329
vt 0.134813 0.884042
vt 0.134390 0.884042
vt 0.135526 0.883562
vt 0.403838 0.893270
vt 0.404273 0.893269
vt 0.404284 0.893715
vt 0.403838 0.893704
vt 0.404974 0.893269
vt 0.404974 0.893692
vt 0.404261 0.894405
vt 0.403838 0.894405
vt 0.404974 0.893925
vt 0.125412 0.785350
vt 0.125847 0.785350
vt 0.125858 0.785740
vt 0.125412 0.785730
vt 0.126548 0.785350
vt 0.126548 0.785720
vt 0.125835 0.786344
vt 0.125412 0.786344
vt 0.126548 0.785924
vt 0.124584 0.820982
vt 0.124584 0.821363
vt 0.124138 0.821372
vt 0.124149 0.820982
vt 0.124584 0.821976
vt 0.124161 0.821976
vt 0.123448 0.821352
vt 0.123448 0.820982
vt 0.123928 0.821976
vt 0.403010 0.829263
vt 0.403010 0.829643
vt 0.402564 0.829653
vt 0.402575 0.829263
vt 0.403010 0.830257
vt 0.402587 0.830257
vt 0.401874 0.829633
vt 0.401874 0.829263
vt 0.402354 0.830257
vt 0.133562 0.890695
vt 0.133127 0.890695
vt 0.133116 0.890250
vt 0.133562 0.890261
vt 0.132426 0.890695
vt 0.132426 0.890272
vt 0.133139 0.889560
vt 0.133562 0.889560
vt 0.132426 0.890040
vt 0.337170 0.785350
vt 0.337604 0.785350
vt 0.337615 0.785740
vt 0.337169 0.785730
vt 0.338305 0.785350
vt 0.338305 0.785720
vt 0.337592 0.786344
vt 0.337170 0.786344
vt 0.338305 0.785924
vt 0.134029 0.820982
vt 0.134464 0.820982
vt 0.134475 0.821372
vt 0.134029 0.821363
vt 0.135165 0.820982
vt 0.135165 0.821352
vt 0.134452 0.821976
vt 0.134029 0.821976
vt 0.135165 0.821556
vt 0.403010 0.775814
vt 0.403010 0.776194
vt 0.402564 0.776204
vt 0.402575 0.775814
vt 0.403010 0.776808
vt 0.402587 0.776808
vt 0.401874 0.776184
vt 0.401874 0.775814
vt 0.402354 0.776808
vt 0.403010 0.883824
vt 0.402575 0.883824
vt 0.402564 0.883379
vt 0.403010 0.883390
vt 0.401874 0.883824
vt 0.401874 0.883401
vt 0.402587 0.882688
vt 0.403010 0.882688
vt 0.401874 0.883168
vt 0.403010 0.765504
vt 0.402575 0.765504
vt 0.402564 0.765114
vt 0.403010 0.765123
vt 0.401874 0.765504
vt 0.401874 0.765133
vt 0.402587 0.764509
vt 0.403010 0.764510
vt 0.401874 0.764930
vt 0.134029 0.810672
vt 0.134029 0.810291
vt 0.134475 0.810282
vt 0.134464 0.810672
vt 0.134029 0.809678
vt 0.134452 0.809678
vt 0.135165 0.810302
vt 0.135165 0.810672
vt 0.134685 0.809678
vt 0.897388 0.676238
vt 0.896953 0.676238
vt 0.896942 0.675793
vt 0.897388 0.675803
vt 0.896252 0.676238
vt 0.896252 0.675815
vt 0.896965 0.675102
vt 0.897388 0.675102
vt 0.896252 0.675582
vt 0.125412 0.775039
vt 0.125412 0.774659
vt 0.125858 0.774649
vt 0.125847 0.775039
vt 0.125412 0.774045
vt 0.125835 0.774045
vt 0.126548 0.774669
vt 0.126548 0.775039
vt 0.126068 0.774045
vt 0.889599 0.677066
vt 0.890034 0.677066
vt 0.890044 0.677512
vt 0.889599 0.677501
vt 0.890735 0.677066
vt 0.890735 0.677489
vt 0.890022 0.678202
vt 0.889599 0.678202
vt 0.890735 0.677722
vt 0.124584 0.810672
vt 0.124149 0.810672
vt 0.124138 0.810282
vt 0.124584 0.810291
vt 0.123448 0.810672
vt 0.123448 0.810302
vt 0.124161 0.809678
vt 0.124584 0.809678
vt 0.123448 0.810098
vt 0.336341 0.785350
vt 0.336341 0.785730
vt 0.335896 0.785740
vt 0.335907 0.785350
vt 0.336341 0.786344
vt 0.335918 0.786344
vt 0.335206 0.785720
vt 0.335206 0.785350
vt 0.335686 0.786344
vt 0.133562 0.891523
vt 0.133562 0.891958
vt 0.133116 0.891969
vt 0.133127 0.891523
vt 0.133562 0.892659
vt 0.133139 0.892659
vt 0.132426 0.891946
vt 0.132426 0.891523
vt 0.132906 0.892659
vt 0.328552 0.785350
vt 0.328987 0.785350
vt 0.328998 0.785740
vt 0.328552 0.785730
vt 0.329688 0.785350
vt 0.329688 0.785720
vt 0.328975 0.786344
vt 0.328552 0.786344
vt 0.329688 0.785924
vt 0.319935 0.785350
vt 0.320370 0.785350
vt 0.320381 0.785740
vt 0.319935 0.785730
vt 0.321071 0.785350
vt 0.321071 0.785720
vt 0.320358 0.786344
vt 0.319935 0.786344
vt 0.321071 0.785924
vt 0.310490 0.785350
vt 0.310490 0.785730
vt 0.310044 0.785740
vt 0.310055 0.785350
vt 0.310490 0.786344
vt 0.310067 0.786344
vt 0.309354 0.785720
vt 0.309354 0.785350
vt 0.309834 0.786344
vt 0.133562 0.882906
vt 0.133562 0.883341
vt 0.133116 0.883352
vt 0.133127 0.882906
vt 0.133562 0.884042
vt 0.133139 0.884042
vt 0.132426 0.883329
vt 0.132426 0.882906
vt 0.132906 0.884042
vt 0.124584 0.785350
vt 0.124584 0.785730
vt 0.124138 0.785740
vt 0.124149 0.785350
vt 0.124584 0.786344
vt 0.124161 0.786344
vt 0.123448 0.785720
vt 0.123448 0.785350
vt 0.123928 0.786344
vt 0.403838 0.892441
vt 0.403838 0.892007
vt 0.404284 0.891996
vt 0.404273 0.892441
vt 0.403838 0.891306
vt 0.404261 0.891306
vt 0.404974 0.892018
vt 0.404974 0.892441
vt 0.404494 0.891306
vt 0.134029 0.785350
vt 0.134464 0.785350
vt 0.134475 0.785740
vt 0.134029 0.785730
vt 0.135165 0.785350
vt 0.135165 0.785720
vt 0.134452 0.786344
vt 0.134029 0.786344
vt 0.135165 0.785924
vt 0.403838 0.775814
vt 0.404273 0.775814
vt 0.404284 0.776204
vt 0.403838 0.776195
vt 0.404974 0.775814
vt 0.404974 0.776184
vt 0.404261 0.776808
vt 0.403838 0.776808
vt 0.404974 0.776388
vt 0.394393 0.775814
vt 0.394393 0.776194
vt 0.393947 0.776204
vt 0.393958 0.775814
vt 0.394393 0.776808
vt 0.393970 0.776808
vt 0.393257 0.776184
vt 0.393257 0.775814
vt 0.393737 0.776808
vt 0.403838 0.883824
vt 0.403838 0.883389
vt 0.404284 0.883379
vt 0.404273 0.883824
vt 0.403838 0.882688
vt 0.404261 0.882688
vt 0.404974 0.883401
vt 0.404974 0.883824
vt 0.404494 0.882688
vt 0.394393 0.765504
vt 0.393958 0.765504
vt 0.393947 0.765114
vt 0.394393 0.765123
vt 0.393257 0.765504
vt 0.393257 0.765134
vt 0.393970 0.764509
vt 0.394393 0.764510
vt 0.393257 0.764930
vt 0.403838 0.765504
vt 0.403838 0.765123
vt 0.404284 0.765114
vt 0.404273 0.765504
vt 0.403838 0.764509
vt 0.404261 0.764509
vt 0.404974 0.765134
vt 0.404974 0.765504
vt 0.404494 0.764509
vt 0.897388 0.677066
vt 0.897388 0.677501
vt 0.896942 0.677512
vt 0.896953 0.677066
vt 0.897388 0.678202
vt 0.896965 0.678202
vt 0.896252 0.677489
vt 0.896252 0.677066
vt 0.896732 0.678202
vt 0.310490 0.775039
vt 0.310055 0.775039
vt 0.310044 0.774649
vt 0.310490 0.774659
vt 0.309354 0.775039
vt 0.309354 0.774669
vt 0.310067 0.774045
vt 0.310490 0.774045
vt 0.309354 0.774465
vt 0.319935 0.775039
vt 0.319935 0.774659
vt 0.320381 0.774650
vt 0.320370 0.775039
vt 0.319935 0.774045
vt 0.320358 0.774045
vt 0.321071 0.774669
vt 0.321071 0.775039
vt 0.320591 0.774045
vt 0.125412 0.893360
vt 0.125412 0.892925
vt 0.125858 0.892914
vt 0.125847 0.893360
vt 0.125412 0.892224
vt 0.125835 0.892224
vt 0.126548 0.892937
vt 0.126548 0.893360
vt 0.126068 0.892224
vt 0.124584 0.775039
vt 0.124149 0.775039
vt 0.124138 0.774649
vt 0.124584 0.774659
vt 0.123448 0.775039
vt 0.123448 0.774669
vt 0.124161 0.774045
vt 0.124584 0.774045
vt 0.123448 0.774465
vt 0.134029 0.775039
vt 0.134029 0.774659
vt 0.134475 0.774649
vt 0.134464 0.775039
vt 0.134029 0.774045
vt 0.134452 0.774045
vt 0.135165 0.774669
vt 0.135165 0.775039
vt 0.134685 0.774045
vt 0.888771 0.677066
vt 0.888771 0.677501
vt 0.888325 0.677512
vt 0.888336 0.677066
vt 0.888771 0.678202
vt 0.888348 0.678202
vt 0.887635 0.677489
vt 0.887635 0.677066
vt 0.888115 0.678202
vt 0.125412 0.792856
vt 0.125412 0.792475
vt 0.125858 0.792466
vt 0.125847 0.792856
vt 0.125412 0.791861
vt 0.125835 0.791861
vt 0.126548 0.792485
vt 0.126548 0.792856
vt 0.126068 0.791861
vt 0.888771 0.676238
vt 0.888336 0.676238
vt 0.888325 0.675793
vt 0.888771 0.675803
vt 0.887635 0.676238
vt 0.887635 0.675815
vt 0.888348 0.675102
vt 0.888771 0.675102
vt 0.887635 0.675582
vt 0.133201 0.775039
vt 0.132767 0.775039
vt 0.132756 0.774649
vt 0.133201 0.774659
vt 0.132065 0.775039
vt 0.132065 0.774669
vt 0.132778 0.774045
vt 0.133201 0.774045
vt 0.132065 0.774465
vt 0.337170 0.775039
vt 0.337170 0.774659
vt 0.337615 0.774649
vt 0.337604 0.775039
vt 0.337170 0.774045
vt 0.337592 0.774045
vt 0.338305 0.774669
vt 0.338305 0.775039
vt 0.337825 0.774045
vt 0.888771 0.684855
vt 0.888336 0.684855
vt 0.888325 0.684410
vt 0.888771 0.684421
vt 0.887635 0.684855
vt 0.887635 0.684432
vt 0.888348 0.683720
vt 0.888771 0.683720
vt 0.887635 0.684200
vt 0.403010 0.818952
vt 0.402575 0.818952
vt 0.402564 0.818562
vt 0.403010 0.818572
vt 0.401874 0.818952
vt 0.401874 0.818582
vt 0.402587 0.817958
vt 0.403010 0.817958
vt 0.401874 0.818378
vt 0.403010 0.801136
vt 0.402575 0.801136
vt 0.402564 0.800746
vt 0.403010 0.800756
vt 0.401874 0.801136
vt 0.401874 0.800766
vt 0.402587 0.800142
vt 0.403010 0.800142
vt 0.401874 0.800562
vt 0.403838 0.783320
vt 0.403838 0.782939
vt 0.404283 0.782930
vt 0.404273 0.783320
vt 0.403838 0.782326
vt 0.404261 0.782326
vt 0.404974 0.782950
vt 0.404974 0.783320
vt 0.404494 0.782326
vt 0.124584 0.894188
vt 0.124584 0.894623
vt 0.124138 0.894634
vt 0.124149 0.894188
vt 0.124584 0.895324
vt 0.124161 0.895324
vt 0.123448 0.894611
vt 0.123448 0.894188
vt 0.123928 0.895324
vt 0.124584 0.792856
vt 0.124149 0.792856
vt 0.124138 0.792466
vt 0.124584 0.792475
vt 0.123448 0.792856
vt 0.123448 0.792485
vt 0.124161 0.791861
vt 0.124584 0.791861
vt 0.123448 0.792282
vt 0.125412 0.810672
vt 0.125412 0.810291
vt 0.125858 0.810282
vt 0.125847 0.810672
vt 0.125412 0.809678
vt 0.125835 0.809678
vt 0.126548 0.810302
vt 0.126548 0.810672
vt 0.126068 0.809678
vt 0.889599 0.676238
vt 0.889599 0.675803
vt 0.890044 0.675793
vt 0.890034 0.676238
vt 0.889599 0.675102
vt 0.890022 0.675102
vt 0.890735 0.675815
vt 0.890735 0.676238
vt 0.890255 0.675102
vt 0.133201 0.810672
vt 0.132767 0.810672
vt 0.132756 0.810282
vt 0.133201 0.810291
vt 0.132065 0.810672
vt 0.132065 0.810302
vt 0.132778 0.809678
vt 0.133201 0.809678
vt 0.132065 0.810098
vt 0.134029 0.792856
vt 0.134029 0.792475
vt 0.134475 0.792465
vt 0.134464 0.792856
vt 0.134029 0.791861
vt 0.134452 0.791861
vt 0.135165 0.792485
vt 0.135165 0.792855
vt 0.134685 0.791861
vt 0.898216 0.676238
vt 0.898216 0.675803
vt 0.898662 0.675793
vt 0.898651 0.676238
vt 0.898216 0.675102
vt 0.898639 0.675102
vt 0.899352 0.675815
vt 0.899352 0.676238
vt 0.898872 0.675102
vt 0.324342 0.756674
vt 0.324342 0.756240
vt 0.324342 0.755538
vt 0.312814 0.768528
vt 0.312814 0.767826
vt 0.312814 0.767392
vt 0.335869 0.767392
vt 0.335869 0.767827
vt 0.335869 0.768528
vt 0.312814 0.755539
vt 0.312814 0.756240
vt 0.312814 0.756674
vt 0.349828 0.748885
vt 0.349828 0.749320
vt 0.349828 0.750021
vt 0.335869 0.755538
vt 0.335869 0.756240
vt 0.335869 0.756674
vt 0.324342 0.767392
vt 0.324342 0.767827
vt 0.324342 0.768528
vt 0.349828 0.737032
vt 0.349828 0.737733
vt 0.349828 0.738167
vt 0.347503 0.739303
vt 0.347503 0.747749
vt 0.347069 0.747749
vt 0.347069 0.739303
vt 0.346367 0.747749
vt 0.346367 0.739303
vt 0.125720 0.737032
vt 0.134166 0.737032
vt 0.134166 0.737733
vt 0.125720 0.737733
vt 0.134166 0.738167
vt 0.125720 0.738167
vt 0.125720 0.748885
vt 0.134166 0.748885
vt 0.134166 0.749320
vt 0.125720 0.749320
vt 0.134166 0.750021
vt 0.125720 0.750021
vt 0.309354 0.766256
vt 0.309354 0.757810
vt 0.310055 0.757810
vt 0.310055 0.766256
vt 0.310490 0.757810
vt 0.310490 0.766256
vt 0.333544 0.757810
vt 0.333544 0.766256
vt 0.333110 0.766256
vt 0.333110 0.757810
vt 0.332409 0.766256
vt 0.332409 0.757810
vt 0.136437 0.739303
vt 0.136437 0.747749
vt 0.135736 0.747749
vt 0.135736 0.739303
vt 0.135302 0.747749
vt 0.135302 0.739303
vt 0.322017 0.757810
vt 0.322017 0.766256
vt 0.321582 0.766256
vt 0.321582 0.757810
vt 0.320881 0.766256
vt 0.320881 0.757810
vt 0.123448 0.747749
vt 0.123448 0.739303
vt 0.124149 0.739303
vt 0.124149 0.747749
vt 0.124584 0.739303
vt 0.124584 0.747749
vt 0.125720 0.747749
vt 0.134166 0.747749
vt 0.125720 0.739303
vt 0.134166 0.739303
s 1
f 1117/1504/723 1120/1505/726 1123/1506/729 1122/1507/728
f 1120/1505/726 1121/1508/727 1124/1509/730 1123/1506/729
f 1122/1507/728 1123/1506/729 1135/1510/741 1132/1511/738
f 1123/1506/729 1124/1509/730 1125/1512/731 1135/1510/741
f 1118/1513/724 1126/1514/732 1129/1515/735 1128/1516/734
f 1126/1514/732 1127/1517/733 1130/1518/736 1129/1515/735
f 1128/1516/734 1129/1515/735 1124/1519/730 1121/1520/727
f 1129/1515/735 1130/1518/736 1125/1521/731 1124/1519/730
f 1119/1522/725 1131/1523/737 1134/1524/740 1133/1525/739
f 1131/1523/737 1132/1526/738 1135/1527/741 1134/1524/740
f 1133/1525/739 1134/1524/740 1130/1528/736 1127/1529/733
f 1134/1524/740 1135/1527/741 1125/1530/731 1130/1528/736
f 1136/1531/742 1139/1532/745 1142/1533/748 1141/1534/747
f 1139/1532/745 1140/1535/746 1143/1536/749 1142/1533/748
f 1141/1534/747 1142/1533/748 1154/1537/760 1151/1538/757
f 1142/1533/748 1143/1536/749 1144/1539/750 1154/1537/760
f 1137/1540/743 1145/1541/751 1148/1542/754 1147/1543/753
f 1145/1541/751 1146/1544/752 1149/1545/755 1148/1542/754
f 1147/1543/753 1148/1542/754 1143/1546/749 1140/1547/746
f 1148/1542/754 1149/1545/755 1144/1548/750 1143/1546/749
f 1138/1549/744 1150/1550/756 1153/1551/759 1152/1552/758
f 1150/1550/756 1151/1553/757 1154/1554/760 1153/1551/759
f 1152/1552/758 1153/1551/759 1149/1555/755 1146/1556/752
f 1153/1551/759 1154/1554/760 1144/1557/750 1149/1555/755
f 1155/1558/761 1158/1559/764 1161/1560/767 1160/1561/766
f 1158/1559/764 1159/1562/765 1162/1563/768 1161/1560/767
f 1160/1561/766 1161/1560/767 1173/1564/779 1170/1565/776
f 1161/1560/767 1162/1563/768 1163/1566/769 1173/1564/779
f 1156/1567/762 1164/1568/770 1167/1569/773 1166/1570/772
f 1164/1568/770 1165/1571/771 1168/1572/774 1167/1569/773
f 1166/1570/772 1167/1569/773 1162/1573/768 1159/1574/765
f 1167/1569/773 1168/1572/774 1163/1575/769 1162/1573/768
f 1157/1576/763 1169/1577/775 1172/1578/778 1171/1579/777
f 1169/1577/775 1170/1580/776 1173/1581/779 1172/1578/778
f 1171/1579/777 1172/1578/778 1168/1582/774 1165/1583/771
f 1172/1578/778 1173/1581/779 1163/1584/769 1168/1582/774
f 1174/1585/780 1177/1586/783 1180/1587/786 1179/1588/785
f 1177/1586/783 1178/1589/784 1181/1590/787 1180/1587/786
f 1179/1588/785 1180/1587/786 1192/1591/798 1189/1592/795
f 1180/1587/786 1181/1590/787 1182/1593/788 1192/1591/798
f 1175/1594/781 1183/1595/789 1186/1596/792 1185/1597/791
f 1183/1595/789 1184/1598/790 1187/1599/793 1186/1596/792
f 1185/1597/791 1186/1596/792 1181/1600/787 1178/1601/784
f 1186/1596/792 1187/1599/793 1182/1602/788 1181/1600/787
f 1176/1603/782 1188/1604/794 1191/1605/797 1190/1606/796
f 1188/1604/794 1189/1607/795 1192/1608/798 1191/1605/797
f 1190/1606/796 1191/1605/797 1187/1609/793 1184/1610/790
f 1191/1605/797 1192/1608/798 1182/1611/788 1187/1609/793
f 1208/1612/814 1211/1613/817 1214/1614/820 1213/1615/819
f 1211/1613/817 1212/1616/818 1215/1617/821 1214/1614/820
f 1213/1615/819 1214/1614/820 1226/1618/832 1223/1619/829
f 1214/1614/820 1215/1617/821 1216/1620/822 1226/1618/832
f 1209/1621/815 1217/1622/823 1220/1623/826 1219/1624/825
f 1217/1622/823 1218/1625/824 1221/1626/827 1220/1623/826
f 1219/1624/825 1220/1623/826 1215/1627/821 1212/1628/818
f 1220/1623/826 1221/1626/827 1216/1626/822 1215/1627/821
f 1210/1629/816 1222/1630/828 1225/1631/831 1224/1632/830
f 1222/1630/828 1223/1633/829 1226/1634/832 1225/1631/831
f 1224/1632/830 1225/1631/831 1221/1635/827 1218/1636/824
f 1225/1631/831 1226/1634/832 1216/1636/822 1221/1635/827
f 1227/1637/833 1230/1638/836 1233/1639/839 1232/1640/838
f 1230/1638/836 1231/1641/837 1234/1642/840 1233/1639/839
f 1232/1640/838 1233/1639/839 1245/1643/851 1242/1644/848
f 1233/1639/839 1234/1642/840 1235/1645/841 1245/1643/851
f 1228/1646/834 1236/1647/842 1239/1648/845 1238/1649/844
f 1236/1647/842 1237/1650/843 1240/1650/846 1239/1648/845
f 1238/1649/844 1239/1648/845 1234/1650/840 1231/1651/837
f 1239/1648/845 1240/1650/846 1235/1650/841 1234/1650/840
f 1229/1652/835 1241/1653/847 1244/1654/850 1243/1655/849
f 1241/1653/847 1242/1656/848 1245/1657/851 1244/1654/850
f 1243/1655/849 1244/1654/850 1240/1658/846 1237/1659/843
f 1244/1654/850 1245/1657/851 1235/1660/841 1240/1658/846
f 1286/1661/872 1289/1662/875 1292/1663/878 1291/1664/877
f 1289/1662/875 1290/1665/876 1293/1666/879 1292/1663/878
f 1291/1664/877 1292/1663/878 1304/1667/890 1301/1668/887
f 1292/1663/878 1293/1666/879 1294/1665/880 1304/1667/890
f 1287/1669/873 1295/1670/881 1298/1671/884 1297/1672/883
f 1295/1670/881 1296/1673/882 1299/1674/885 1298/1671/884
f 1297/1672/883 1298/1671/884 1293/1675/879 1290/1676/876
f 1298/1671/884 1299/1674/885 1294/1676/880 1293/1675/879
f 1288/1677/874 1300/1678/886 1303/1679/889 1302/1680/888
f 1300/1678/886 1301/1681/887 1304/1682/890 1303/1679/889
f 1302/1680/888 1303/1679/889 1299/1683/885 1296/1684/882
f 1303/1679/889 1304/1682/890 1294/1685/880 1299/1683/885
f 1305/1686/891 1308/1687/894 1311/1688/897 1310/1689/896
f 1308/1687/894 1309/1690/895 1312/1691/898 1311/1688/897
f 1310/1689/896 1311/1688/897 1323/1692/909 1320/1693/906
f 1311/1688/897 1312/1691/898 1313/1694/899 1323/1692/909
f 1306/1695/892 1314/1696/900 1317/1697/903 1316/1698/902
f 1314/1696/900 1315/1699/901 1318/1700/904 1317/1697/903
f 1316/1698/902 1317/1697/903 1312/1701/898 1309/1702/895
f 1317/1697/903 1318/1700/904 1313/1699/899 1312/1701/898
f 1307/1703/893 1319/1704/905 1322/1705/908 1321/1706/907
f 1319/1704/905 1320/1707/906 1323/1708/909 1322/1705/908
f 1321/1706/907 1322/1705/908 1318/1708/904 1315/1708/901
f 1322/1705/908 1323/1708/909 1313/1707/899 1318/1708/904
f 1324/1709/910 1327/1710/913 1330/1711/916 1329/1712/915
f 1327/1710/913 1328/1713/914 1331/1714/917 1330/1711/916
f 1329/1712/915 1330/1711/916 1342/1715/928 1339/1716/925
f 1330/1711/916 1331/1714/917 1332/1717/918 1342/1715/928
f 1325/1718/911 1333/1719/919 1336/1720/922 1335/1721/921
f 1333/1719/919 1334/1722/920 1337/1723/923 1336/1720/922
f 1335/1721/921 1336/1720/922 1331/1724/917 1328/1725/914
f 1336/1720/922 1337/1723/923 1332/1726/918 1331/1724/917
f 1326/1727/912 1338/1728/924 1341/1729/927 1340/1730/926
f 1338/1728/924 1339/1731/925 1342/1732/928 1341/1729/927
f 1340/1730/926 1341/1729/927 1337/1732/923 1334/1732/920
f 1341/1729/927 1342/1732/928 1332/1733/918 1337/1732/923
f 1343/1734/929 1346/1735/932 1349/1736/935 1348/1737/934
f 1346/1735/932 1347/1738/933 1350/1739/936 1349/1736/935
f 1348/1737/934 1349/1736/935 1361/1740/947 1358/1741/944
f 1349/1736/935 1350/1739/936 1351/1742/937 1361/1740/947
f 1344/1743/930 1352/1744/938 1355/1745/941 1354/1746/940
f 1352/1744/938 1353/1747/939 1356/1748/942 1355/1745/941
f 1354/1746/940 1355/1745/941 1350/1747/936 1347/1747/933
f 1355/1745/941 1356/1748/942 1351/1747/937 1350/1747/936
f 1345/1749/931 1357/1750/943 1360/1751/946 1359/1752/945
f 1357/1750/943 1358/1753/944 1361/1754/947 1360/1751/946
f 1359/1752/945 1360/1751/946 1356/1755/942 1353/1755/939
f 1360/1751/946 1361/1754/947 1351/1756/937 1356/1755/942
f 1362/1757/948 1365/1758/951 1368/1759/954 1367/1760/953
f 1365/1758/951 1366/1761/952 1369/1762/955 1368/1759/954
f 1367/1760/953 1368/1759/954 1380/1763/966 1377/1764/963
f 1368/1759/954 1369/1762/955 1370/1765/956 1380/1763/966
f 1363/1766/949 1371/1767/957 1374/1768/960 1373/1769/959
f 1371/1767/957 1372/1770/958 1375/1771/961 1374/1768/960
f 1373/1769/959 1374/1768/960 1369/1772/955 1366/1773/952
f 1374/1768/960 1375/1771/961 1370/1774/956 1369/1772/955
f 1364/1775/950 1376/1776/962 1379/1777/965 1378/1778/964
f 1376/1776/962 1377/1779/963 1380/1780/966 1379/1777/965
f 1378/1778/964 1379/1777/965 1375/1781/961 1372/1781/958
f 1379/1777/965 1380/1780/966 1370/1779/956 1375/1781/961
f 1381/1782/967 1384/1783/970 1387/1784/973 1386/1785/972
f 1384/1783/970 1385/1786/971 1388/1786/974 1387/1784/973
f 1386/1785/972 1387/1784/973 1399/1787/985 1396/1788/982
f 1387/1784/973 1388/1786/974 1389/1786/975 1399/1787/985
f 1382/1789/968 1390/1790/976 1393/1791/979 1392/1792/978
f 1390/1790/976 1391/1793/977 1394/1794/980 1393/1791/979
f 1392/1792/978 1393/1791/979 1388/1794/974 1385/1795/971
f 1393/1791/979 1394/1794/980 1389/1794/975 1388/1794/974
f 1383/1796/969 1395/1797/981 1398/1798/984 1397/1799/983
f 1395/1797/981 1396/1800/982 1399/1801/985 1398/1798/984
f 1397/1799/983 1398/1798/984 1394/1802/980 1391/1803/977
f 1398/1798/984 1399/1801/985 1389/1804/975 1394/1802/980
f 1400/1805/986 1403/1806/989 1406/1807/992 1405/1808/991
f 1403/1806/989 1404/1809/990 1407/1810/993 1406/1807/992
f 1405/1808/991 1406/1807/992 1418/1811/1004 1415/1811/1001
f 1406/1807/992 1407/1810/993 1408/1812/994 1418/1811/1004
f 1401/1813/987 1409/1814/995 1412/1815/998 1411/1816/997
f 1409/1814/995 1410/1817/996 1413/1817/999 1412/1815/998
f 1411/1816/997 1412/1815/998 1407/1818/993 1404/1819/990
f 1412/1815/998 1413/1817/999 1408/1817/994 1407/1818/993
f 1402/1820/988 1414/1821/1000 1417/1822/1003 1416/1823/1002
f 1414/1821/1000 1415/1824/1001 1418/1824/1004 1417/1822/1003
f 1416/1823/1002 1417/1822/1003 1413/1824/999 1410/1825/996
f 1417/1822/1003 1418/1824/1004 1408/1824/994 1413/1824/999
f 1419/1826/1005 1422/1827/1008 1425/1828/1011 1424/1829/1010
f 1422/1827/1008 1423/1830/1009 1426/1831/1012 1425/1828/1011
f 1424/1829/1010 1425/1828/1011 1437/1832/1023 1434/1832/1020
f 1425/1828/1011 1426/1831/1012 1427/1833/1013 1437/1832/1023
f 1420/1834/1006 1428/1835/1014 1431/1836/1017 1430/1837/1016
f 1428/1835/1014 1429/1838/1015 1432/1839/1018 1431/1836/1017
f 1430/1837/1016 1431/1836/1017 1426/1840/1012 1423/1841/1009
f 1431/1836/1017 1432/1839/1018 1427/1839/1013 1426/1840/1012
f 1421/1842/1007 1433/1843/1019 1436/1844/1022 1435/1845/1021
f 1433/1843/1019 1434/1846/1020 1437/1847/1023 1436/1844/1022
f 1435/1845/1021 1436/1844/1022 1432/1848/1018 1429/1848/1015
f 1436/1844/1022 1437/1847/1023 1427/1848/1013 1432/1848/1018
f 1438/1849/1024 1441/1850/1027 1444/1851/1030 1443/1852/1029
f 1441/1850/1027 1442/1853/1028 1445/1853/1031 1444/1851/1030
f 1443/1852/1029 1444/1851/1030 1456/1854/1042 1453/1855/1039
f 1444/1851/1030 1445/1853/1031 1446/1853/1032 1456/1854/1042
f 1439/1856/1025 1447/1857/1033 1450/1858/1036 1449/1859/1035
f 1447/1857/1033 1448/1860/1034 1451/1860/1037 1450/1858/1036
f 1449/1859/1035 1450/1858/1036 1445/1860/1031 1442/1861/1028
f 1450/1858/1036 1451/1860/1037 1446/1860/1032 1445/1860/1031
f 1440/1862/1026 1452/1863/1038 1455/1864/1041 1454/1865/1040
f 1452/1863/1038 1453/1866/1039 1456/1867/1042 1455/1864/1041
f 1454/1865/1040 1455/1864/1041 1451/1868/1037 1448/1869/1034
f 1455/1864/1041 1456/1867/1042 1446/1870/1032 1451/1868/1037
f 1457/1871/1043 1460/1872/1046 1463/1873/1049 1462/1874/1048
f 1460/1872/1046 1461/1875/1047 1464/1876/1050 1463/1873/1049
f 1462/1874/1048 1463/1873/1049 1475/1877/1061 1472/1878/1058
f 1463/1873/1049 1464/1876/1050 1465/1879/1051 1475/1877/1061
f 1458/1880/1044 1466/1881/1052 1469/1882/1055 1468/1883/1054
f 1466/1881/1052 1467/1884/1053 1470/1885/1056 1469/1882/1055
f 1468/1883/1054 1469/1882/1055 1464/1886/1050 1461/1887/1047
f 1469/1882/1055 1470/1885/1056 1465/1884/1051 1464/1886/1050
f 1459/1888/1045 1471/1889/1057 1474/1890/1060 1473/1891/1059
f 1471/1889/1057 1472/1892/1058 1475/1893/1061 1474/1890/1060
f 1473/1891/1059 1474/1890/1060 1470/1894/1056 1467/1894/1053
f 1474/1890/1060 1475/1893/1061 1465/1894/1051 1470/1894/1056
f 1481/1895/1067 1484/1896/1070 1487/1897/1073 1486/1898/1072
f 1484/1896/1070 1485/1899/1071 1488/1900/1074 1487/1897/1073
f 1486/1898/1072 1487/1897/1073 1499/1901/1085 1496/1902/1082
f 1487/1897/1073 1488/1900/1074 1489/1903/1075 1499/1901/1085
f 1482/1904/1068 1490/1905/1076 1493/1906/1079 1492/1907/1078
f 1490/1905/1076 1491/1908/1077 1494/1909/1080 1493/1906/1079
f 1492/1907/1078 1493/1906/1079 1488/1910/1074 1485/1911/1071
f 1493/1906/1079 1494/1909/1080 1489/1912/1075 1488/1910/1074
f 1483/1913/1069 1495/1914/1081 1498/1915/1084 1497/1916/1083
f 1495/1914/1081 1496/1917/1082 1499/1917/1085 1498/1915/1084
f 1497/1916/1083 1498/1915/1084 1494/1918/1080 1491/1919/1077
f 1498/1915/1084 1499/1917/1085 1489/1917/1075 1494/1918/1080
f 1500/1920/1086 1503/1921/1089 1506/1922/1092 1505/1923/1091
f 1503/1921/1089 1504/1924/1090 1507/1925/1093 1506/1922/1092
f 1505/1923/1091 1506/1922/1092 1518/1926/1104 1515/1927/1101
f 1506/1922/1092 1507/1925/1093 1508/1928/1094 1518/1926/1104
f 1501/1929/1087 1509/1930/1095 1512/1931/1098 1511/1932/1097
f 1509/1930/1095 1510/1933/1096 1513/1934/1099 1512/1931/1098
f 1511/1932/1097 1512/1931/1098 1507/1935/1093 1504/1933/1090
f 1512/1931/1098 1513/1934/1099 1508/1933/1094 1507/1935/1093
f 1502/1936/1088 1514/1937/1100 1517/1938/1103 1516/1939/1102
f 1514/1937/1100 1515/1940/1101 1518/1941/1104 1517/1938/1103
f 1516/1939/1102 1517/1938/1103 1513/1942/1099 1510/1943/1096
f 1517/1938/1103 1518/1941/1104 1508/1944/1094 1513/1942/1099
f 1519/1945/1105 1522/1946/1108 1525/1947/1111 1524/1948/1110
f 1522/1946/1108 1523/1949/1109 1526/1950/1112 1525/1947/1111
f 1524/1948/1110 1525/1947/1111 1537/1951/1123 1534/1952/1120
f 1525/1947/1111 1526/1950/1112 1527/1953/1113 1537/1951/1123
f 1520/1954/1106 1528/1955/1114 1531/1956/1117 1530/1957/1116
f 1528/1955/1114 1529/1958/1115 1532/1958/1118 1531/1956/1117
f 1530/1957/1116 1531/1956/1117 1526/1959/1112 1523/1960/1109
f 1531/1956/1117 1532/1958/1118 1527/1958/1113 1526/1959/1112
f 1521/1961/1107 1533/1962/1119 1536/1963/1122 1535/1964/1121
f 1533/1962/1119 1534/1965/1120 1537/1966/1123 1536/1963/1122
f 1535/1964/1121 1536/1963/1122 1532/1967/1118 1529/1967/1115
f 1536/1963/1122 1537/1966/1123 1527/1968/1113 1532/1967/1118
f 1538/1969/1124 1541/1970/1127 1544/1971/1130 1543/1972/1129
f 1541/1970/1127 1542/1973/1128 1545/1974/1131 1544/1971/1130
f 1543/1972/1129 1544/1971/1130 1556/1975/1142 1553/1976/1139
f 1544/1971/1130 1545/1974/1131 1546/1977/1132 1556/1975/1142
f 1539/1978/1125 1547/1979/1133 1550/1980/1136 1549/1981/1135
f 1547/1979/1133 1548/1982/1134 1551/1983/1137 1550/1980/1136
f 1549/1981/1135 1550/1980/1136 1545/1984/1131 1542/1985/1128
f 1550/1980/1136 1551/1983/1137 1546/1982/1132 1545/1984/1131
f 1540/1986/1126 1552/1987/1138 1555/1988/1141 1554/1989/1140
f 1552/1987/1138 1553/1990/1139 1556/1991/1142 1555/1988/1141
f 1554/1989/1140 1555/1988/1141 1551/1990/1137 1548/1990/1134
f 1555/1988/1141 1556/1991/1142 1546/1990/1132 1551/1990/1137
f 1557/1992/911 1560/1993/919 1563/1994/922 1562/1995/921
f 1560/1993/919 1561/1996/920 1564/1997/1144 1563/1994/922
f 1562/1995/921 1563/1994/922 1575/1998/917 1572/1999/914
f 1563/1994/922 1564/1997/1144 1565/2000/918 1575/1998/917
f 1558/2001/1143 1566/2002/924 1569/2003/927 1568/2004/926
f 1566/2002/924 1567/2005/925 1570/2006/928 1569/2003/927
f 1568/2004/926 1569/2003/927 1564/2005/1144 1561/2007/920
f 1569/2003/927 1570/2006/928 1565/2005/918 1564/2005/1144
f 1559/2008/910 1571/2009/913 1574/2010/916 1573/2011/915
f 1571/2009/913 1572/2012/914 1575/2013/917 1574/2010/916
f 1573/2011/915 1574/2010/916 1570/2014/928 1567/2014/925
f 1574/2010/916 1575/2013/917 1565/2015/918 1570/2014/928
f 1576/2016/1145 1579/2017/943 1582/2018/946 1581/2019/945
f 1579/2017/943 1580/2020/944 1583/2021/947 1582/2018/946
f 1581/2019/945 1582/2018/946 1594/2022/942 1591/2022/939
f 1582/2018/946 1583/2021/947 1584/2023/937 1594/2022/942
f 1577/2024/1146 1585/2025/932 1588/2026/935 1587/2027/934
f 1585/2025/932 1586/2028/933 1589/2028/936 1588/2026/935
f 1587/2027/934 1588/2026/935 1583/2029/947 1580/2030/944
f 1588/2026/935 1589/2028/936 1584/2028/937 1583/2029/947
f 1578/2031/1147 1590/2032/938 1593/2033/941 1592/2034/940
f 1590/2032/938 1591/2035/939 1594/2036/942 1593/2033/941
f 1592/2034/940 1593/2033/941 1589/2036/936 1586/2037/933
f 1593/2033/941 1594/2036/942 1584/2037/937 1589/2036/936
f 1595/2038/1148 1598/2039/886 1601/2040/889 1600/2041/888
f 1598/2039/886 1599/2042/887 1602/2043/890 1601/2040/889
f 1600/2041/888 1601/2040/889 1613/2044/1150 1610/2045/882
f 1601/2040/889 1602/2043/890 1603/2046/880 1613/2044/1150
f 1596/2047/872 1604/2048/875 1607/2049/878 1606/2050/877
f 1604/2048/875 1605/2051/876 1608/2052/879 1607/2049/878
f 1606/2050/877 1607/2049/878 1602/2053/890 1599/2054/887
f 1607/2049/878 1608/2052/879 1603/2055/880 1602/2053/890
f 1597/2056/1149 1609/2057/881 1612/2058/884 1611/2059/883
f 1609/2057/881 1610/2060/882 1613/2060/1150 1612/2058/884
f 1611/2059/883 1612/2058/884 1608/2061/879 1605/2062/876
f 1612/2058/884 1613/2060/1150 1603/2060/880 1608/2061/879
f 1614/2063/1151 1617/2064/823 1620/2065/826 1619/2066/825
f 1617/2064/823 1618/2067/824 1621/2067/1153 1620/2065/826
f 1619/2066/825 1620/2065/826 1632/2068/821 1629/2069/818
f 1620/2065/826 1621/2067/1153 1622/2070/822 1632/2068/821
f 1615/2071/1152 1623/2072/828 1626/2073/831 1625/2074/830
f 1623/2072/828 1624/2075/829 1627/2076/832 1626/2073/831
f 1625/2074/830 1626/2073/831 1621/2075/1153 1618/2075/824
f 1626/2073/831 1627/2076/832 1622/2075/822 1621/2075/1153
f 1616/2077/814 1628/2078/817 1631/2079/820 1630/2080/819
f 1628/2078/817 1629/2081/818 1632/2082/821 1631/2079/820
f 1630/2080/819 1631/2079/820 1627/2083/832 1624/2084/829
f 1631/2079/820 1632/2082/821 1622/2085/822 1627/2083/832
f 1633/2086/1154 1636/2087/1157 1639/2088/1160 1638/2089/1159
f 1636/2087/1157 1637/2090/1158 1640/2091/1161 1639/2088/1160
f 1638/2089/1159 1639/2088/1160 1651/2092/1172 1648/2093/1169
f 1639/2088/1160 1640/2091/1161 1641/2094/1162 1651/2092/1172
f 1634/2095/1155 1642/2096/1163 1645/2097/1166 1644/2098/1165
f 1642/2096/1163 1643/2099/1164 1646/2100/1167 1645/2097/1166
f 1644/2098/1165 1645/2097/1166 1640/2101/1161 1637/2102/1158
f 1645/2097/1166 1646/2100/1167 1641/2103/1162 1640/2101/1161
f 1635/2104/1156 1647/2105/1168 1650/2106/1171 1649/2107/1170
f 1647/2105/1168 1648/2108/1169 1651/2109/1172 1650/2106/1171
f 1649/2107/1170 1650/2106/1171 1646/2110/1167 1643/2111/1164
f 1650/2106/1171 1651/2109/1172 1641/2112/1162 1646/2110/1167
f 1652/2113/1173 1655/2114/1176 1658/2115/1179 1657/2116/1178
f 1655/2114/1176 1656/2117/1177 1659/2118/1180 1658/2115/1179
f 1657/2116/1178 1658/2115/1179 1670/2119/1191 1667/2120/1188
f 1658/2115/1179 1659/2118/1180 1660/2121/1181 1670/2119/1191
f 1653/2122/1174 1661/2123/1182 1664/2124/1185 1663/2125/1184
f 1661/2123/1182 1662/2126/1183 1665/2127/1186 1664/2124/1185
f 1663/2125/1184 1664/2124/1185 1659/2128/1180 1656/2129/1177
f 1664/2124/1185 1665/2127/1186 1660/2130/1181 1659/2128/1180
f 1654/2131/1175 1666/2132/1187 1669/2133/1190 1668/2134/1189
f 1666/2132/1187 1667/2135/1188 1670/2136/1191 1669/2133/1190
f 1668/2134/1189 1669/2133/1190 1665/2137/1186 1662/2138/1183
f 1669/2133/1190 1670/2136/1191 1660/2139/1181 1665/2137/1186
f 1671/2140/1192 1674/2141/1195 1677/2142/1198 1676/2143/1197
f 1674/2141/1195 1675/2144/1196 1678/2145/1199 1677/2142/1198
f 1676/2143/1197 1677/2142/1198 1689/2146/1210 1686/2147/1207
f 1677/2142/1198 1678/2145/1199 1679/2148/1200 1689/2146/1210
f 1672/2149/1193 1680/2150/1201 1683/2151/1204 1682/2152/1203
f 1680/2150/1201 1681/2153/1202 1684/2154/1205 1683/2151/1204
f 1682/2152/1203 1683/2151/1204 1678/2155/1199 1675/2156/1196
f 1683/2151/1204 1684/2154/1205 1679/2157/1200 1678/2155/1199
f 1673/2158/1194 1685/2159/1206 1688/2160/1209 1687/2161/1208
f 1685/2159/1206 1686/2162/1207 1689/2163/1210 1688/2160/1209
f 1687/2161/1208 1688/2160/1209 1684/2164/1205 1681/2165/1202
f 1688/2160/1209 1689/2163/1210 1679/2166/1200 1684/2164/1205
f 1690/2167/1193 1693/2168/1201 1696/2169/1204 1695/2170/1203
f 1693/2168/1201 1694/2171/1213 1697/2172/1205 1696/2169/1204
f 1695/2170/1203 1696/2169/1204 1708/2173/1199 1705/2174/1196
f 1696/2169/1204 1697/2172/1205 1698/2175/1214 1708/2173/1199
f 1691/2176/1211 1699/2177/1215 1702/2178/1209 1701/2179/1217
f 1699/2177/1215 1700/2180/1216 1703/2181/1210 1702/2178/1209
f 1701/2179/1217 1702/2178/1209 1697/2182/1205 1694/2183/1213
f 1702/2178/1209 1703/2181/1210 1698/2184/1214 1697/2182/1205
f 1692/2185/1212 1704/2186/1195 1707/2187/1198 1706/2188/1218
f 1704/2186/1195 1705/2189/1196 1708/2190/1199 1707/2187/1198
f 1706/2188/1218 1707/2187/1198 1703/2191/1210 1700/2192/1216
f 1707/2187/1198 1708/2190/1199 1698/2193/1214 1703/2191/1210
f 1709/2194/1193 1712/2195/1201 1715/2196/1204 1714/2197/1203
f 1712/2195/1201 1713/2198/1221 1716/2199/1205 1715/2196/1204
f 1714/2197/1203 1715/2196/1204 1727/2200/1199 1724/2201/1196
f 1715/2196/1204 1716/2199/1205 1717/2202/1222 1727/2200/1199
f 1710/2203/1219 1718/2204/1223 1721/2205/1209 1720/2206/1225
f 1718/2204/1223 1719/2207/1224 1722/2208/1210 1721/2205/1209
f 1720/2206/1225 1721/2205/1209 1716/2209/1205 1713/2210/1221
f 1721/2205/1209 1722/2208/1210 1717/2211/1222 1716/2209/1205
f 1711/2212/1220 1723/2213/1195 1726/2214/1198 1725/2215/1226
f 1723/2213/1195 1724/2216/1196 1727/2217/1199 1726/2214/1198
f 1725/2215/1226 1726/2214/1198 1722/2218/1210 1719/2219/1224
f 1726/2214/1198 1727/2217/1199 1717/2220/1222 1722/2218/1210
f 1728/2221/1227 1731/2222/1230 1734/2223/1233 1733/2195/1232
f 1731/2222/1230 1732/2224/1231 1735/2225/1234 1734/2223/1233
f 1733/2195/1232 1734/2223/1233 1746/2226/1245 1743/2198/1242
f 1734/2223/1233 1735/2225/1234 1736/2227/1235 1746/2226/1245
f 1729/2228/1228 1737/2229/1236 1740/2230/1239 1739/2231/1238
f 1737/2229/1236 1738/2232/1237 1741/2233/1240 1740/2230/1239
f 1739/2231/1238 1740/2230/1239 1735/2234/1234 1732/2235/1231
f 1740/2230/1239 1741/2233/1240 1736/2236/1235 1735/2234/1234
f 1730/2237/1229 1742/2238/1241 1745/2239/1244 1744/2240/1243
f 1742/2238/1241 1743/2210/1242 1746/2241/1245 1745/2239/1244
f 1744/2240/1243 1745/2239/1244 1741/2242/1240 1738/2243/1237
f 1745/2239/1244 1746/2241/1245 1736/2244/1235 1741/2242/1240
f 1747/2245/1192 1750/2246/1195 1753/2247/1198 1752/2248/1197
f 1750/2246/1195 1751/2249/1196 1754/2250/1199 1753/2247/1198
f 1752/2248/1197 1753/2247/1198 1765/2251/1210 1762/2252/1249
f 1753/2247/1198 1754/2250/1199 1755/2253/1214 1765/2251/1210
f 1748/2254/1193 1756/2255/1201 1759/2256/1204 1758/2257/1203
f 1756/2255/1201 1757/2258/1247 1760/2259/1205 1759/2256/1204
f 1758/2257/1203 1759/2256/1204 1754/2260/1199 1751/2261/1196
f 1759/2256/1204 1760/2259/1205 1755/2262/1214 1754/2260/1199
f 1749/2263/1246 1761/2264/1248 1764/2265/1209 1763/2266/1250
f 1761/2264/1248 1762/2267/1249 1765/2268/1210 1764/2265/1209
f 1763/2266/1250 1764/2265/1209 1760/2269/1205 1757/2270/1247
f 1764/2265/1209 1765/2268/1210 1755/2271/1214 1760/2269/1205
f 1766/2272/1251 1769/2273/1254 1772/2274/1185 1771/2275/1184
f 1769/2273/1254 1770/2276/1255 1773/2277/1186 1772/2274/1185
f 1771/2275/1184 1772/2274/1185 1784/2278/1180 1781/2279/1177
f 1772/2274/1185 1773/2277/1186 1774/2280/1181 1784/2278/1180
f 1767/2281/1252 1775/2282/1256 1778/2283/1190 1777/2284/1258
f 1775/2282/1256 1776/2285/1257 1779/2286/1191 1778/2283/1190
f 1777/2284/1258 1778/2283/1190 1773/2287/1186 1770/2288/1255
f 1778/2283/1190 1779/2286/1191 1774/2289/1181 1773/2287/1186
f 1768/2290/1253 1780/2291/1176 1783/2292/1179 1782/2293/1259
f 1780/2291/1176 1781/2294/1177 1784/2295/1180 1783/2292/1179
f 1782/2293/1259 1783/2292/1179 1779/2296/1191 1776/2297/1257
f 1783/2292/1179 1784/2295/1180 1774/2298/1181 1779/2296/1191
f 1785/2299/1260 1788/2300/1168 1791/2301/1171 1790/2302/1262
f 1788/2300/1168 1789/2303/1169 1792/2304/1172 1791/2301/1171
f 1790/2302/1262 1791/2301/1171 1803/2305/1167 1800/2306/1265
f 1791/2301/1171 1792/2304/1172 1793/2307/1162 1803/2305/1167
f 1786/2308/1154 1794/2309/1157 1797/2310/1160 1796/2311/1159
f 1794/2309/1157 1795/2312/1263 1798/2313/1161 1797/2310/1160
f 1796/2311/1159 1797/2310/1160 1792/2314/1172 1789/2315/1169
f 1797/2310/1160 1798/2313/1161 1793/2316/1162 1792/2314/1172
f 1787/2317/1261 1799/2318/1264 1802/2319/1166 1801/2320/1266
f 1799/2318/1264 1800/2321/1265 1803/2322/1167 1802/2319/1166
f 1801/2320/1266 1802/2319/1166 1798/2323/1161 1795/2324/1263
f 1802/2319/1166 1803/2322/1167 1793/2325/1162 1798/2323/1161
f 1804/2326/1156 1807/2327/1168 1810/2328/1171 1809/2329/1170
f 1807/2327/1168 1808/2330/1169 1811/2331/1172 1810/2328/1171
f 1809/2329/1170 1810/2328/1171 1822/2332/1167 1819/2333/1164
f 1810/2328/1171 1811/2331/1172 1812/2334/1162 1822/2332/1167
f 1805/2335/1267 1813/2336/1269 1816/2337/1160 1815/2338/1159
f 1813/2336/1269 1814/2339/1270 1817/2340/1161 1816/2337/1160
f 1815/2338/1159 1816/2337/1160 1811/2341/1172 1808/2342/1169
f 1816/2337/1160 1817/2340/1161 1812/2343/1162 1811/2341/1172
f 1806/2263/1268 1818/2344/1163 1821/2345/1166 1820/2346/1271
f 1818/2344/1163 1819/2347/1164 1822/2348/1167 1821/2345/1166
f 1820/2346/1271 1821/2345/1166 1817/2349/1161 1814/2350/1270
f 1821/2345/1166 1822/2348/1167 1812/2351/1162 1817/2349/1161
f 1823/2140/1251 1826/2352/1254 1829/2353/1185 1828/2354/1184
f 1826/2352/1254 1827/2355/1273 1830/2356/1186 1829/2353/1185
f 1828/2354/1184 1829/2353/1185 1841/2357/1180 1838/2358/1177
f 1829/2353/1185 1830/2356/1186 1831/2359/1274 1841/2357/1180
f 1824/2360/1272 1832/2361/1275 1835/2362/1190 1834/2363/1277
f 1832/2361/1275 1833/2364/1276 1836/2365/1191 1835/2362/1190
f 1834/2363/1277 1835/2362/1190 1830/2366/1186 1827/2367/1273
f 1835/2362/1190 1836/2365/1191 1831/2368/1274 1830/2366/1186
f 1825/2369/1173 1837/2370/1176 1840/2371/1179 1839/2372/1178
f 1837/2370/1176 1838/2373/1177 1841/2374/1180 1840/2371/1179
f 1839/2372/1178 1840/2371/1179 1836/2375/1191 1833/2312/1276
f 1840/2371/1179 1841/2374/1180 1831/2376/1274 1836/2375/1191
f 1842/2377/1227 1845/2378/1230 1848/2379/1233 1847/2380/1232
f 1845/2378/1230 1846/2381/1231 1849/2382/1234 1848/2379/1233
f 1847/2380/1232 1848/2379/1233 1860/2383/1245 1857/2171/1280
f 1848/2379/1233 1849/2382/1234 1850/2384/1235 1860/2383/1245
f 1843/2385/1228 1851/2386/1236 1854/2387/1239 1853/2388/1238
f 1851/2386/1236 1852/2111/1237 1855/2389/1240 1854/2387/1239
f 1853/2388/1238 1854/2387/1239 1849/2390/1234 1846/2391/1231
f 1854/2387/1239 1855/2389/1240 1850/2392/1235 1849/2390/1234
f 1844/2393/1278 1856/2394/1279 1859/2395/1244 1858/2396/1281
f 1856/2394/1279 1857/2183/1280 1860/2397/1245 1859/2395/1244
f 1858/2396/1281 1859/2395/1244 1855/2398/1240 1852/2099/1237
f 1859/2395/1244 1860/2397/1245 1850/2399/1235 1855/2398/1240
f 1861/2400/1173 1864/2401/1176 1867/2402/1179 1866/2403/1178
f 1864/2401/1176 1865/2404/1177 1868/2405/1180 1867/2402/1179
f 1866/2403/1178 1867/2402/1179 1879/2406/1191 1876/2407/1188
f 1867/2402/1179 1868/2405/1180 1869/2408/1284 1879/2406/1191
f 1862/2409/1282 1870/2188/1285 1873/2410/1185 1872/2411/1184
f 1870/2188/1285 1871/2412/1286 1874/2413/1186 1873/2410/1185
f 1872/2411/1184 1873/2410/1185 1868/2414/1180 1865/2415/1177
f 1873/2410/1185 1874/2413/1186 1869/2416/1284 1868/2414/1180
f 1863/2417/1283 1875/2418/1187 1878/2419/1190 1877/2420/1287
f 1875/2418/1187 1876/2102/1188 1879/2421/1191 1878/2419/1190
f 1877/2420/1287 1878/2419/1190 1874/2422/1186 1871/2180/1286
f 1878/2419/1190 1879/2421/1191 1869/2423/1284 1874/2422/1186
f 1880/2424/1154 1883/2425/1157 1886/2426/1160 1885/2427/1159
f 1883/2425/1157 1884/2120/1158 1887/2428/1161 1886/2426/1160
f 1885/2427/1159 1886/2426/1160 1898/2429/1172 1895/2430/1169
f 1886/2426/1160 1887/2428/1161 1888/2431/1289 1898/2429/1172
f 1881/2237/1288 1889/2240/1290 1892/2432/1166 1891/2433/1165
f 1889/2240/1290 1890/2434/1164 1893/2435/1167 1892/2432/1166
f 1891/2433/1165 1892/2432/1166 1887/2436/1161 1884/2437/1158
f 1892/2432/1166 1893/2435/1167 1888/2438/1289 1887/2436/1161
f 1882/2439/1156 1894/2440/1168 1897/2441/1171 1896/2442/1170
f 1894/2440/1168 1895/2443/1169 1898/2444/1172 1897/2441/1171
f 1896/2442/1170 1897/2441/1171 1893/2445/1167 1890/2446/1164
f 1897/2441/1171 1898/2444/1172 1888/2447/1289 1893/2445/1167
f 1899/2448/1227 1902/2449/1230 1905/2450/1233 1904/2451/1232
f 1902/2449/1230 1903/2452/1231 1906/2453/1234 1905/2450/1233
f 1904/2451/1232 1905/2450/1233 1917/2454/1245 1914/2455/1297
f 1905/2450/1233 1906/2453/1234 1907/2456/1293 1917/2454/1245
f 1900/2457/1291 1908/2458/1294 1911/2459/1239 1910/2460/1238
f 1908/2458/1294 1909/2306/1295 1912/2461/1240 1911/2459/1239
f 1910/2460/1238 1911/2459/1239 1906/2462/1234 1903/2463/1231
f 1911/2459/1239 1912/2461/1240 1907/2464/1293 1906/2462/1234
f 1901/2465/1292 1913/2161/1296 1916/2466/1244 1915/2467/1298
f 1913/2161/1296 1914/2468/1297 1917/2469/1245 1916/2466/1244
f 1915/2467/1298 1916/2466/1244 1912/2470/1240 1909/2321/1295
f 1916/2466/1244 1917/2469/1245 1907/2471/1293 1912/2470/1240
f 1918/2472/1228 1921/2473/1236 1924/2474/1239 1923/2475/1238
f 1921/2473/1236 1922/2476/1237 1925/2477/1240 1924/2474/1239
f 1923/2475/1238 1924/2474/1239 1936/2478/1234 1933/2479/1231
f 1924/2474/1239 1925/2477/1240 1926/2480/1300 1936/2478/1234
f 1919/2481/1299 1927/2482/1301 1930/2483/1244 1929/2484/1281
f 1927/2482/1301 1928/2485/1302 1931/2486/1245 1930/2483/1244
f 1929/2484/1281 1930/2483/1244 1925/2487/1240 1922/2488/1237
f 1930/2483/1244 1931/2486/1245 1926/2489/1300 1925/2487/1240
f 1920/2490/1227 1932/2491/1230 1935/2492/1233 1934/2493/1232
f 1932/2491/1230 1933/2494/1231 1936/2495/1234 1935/2492/1233
f 1934/2493/1232 1935/2492/1233 1931/2496/1245 1928/2258/1302
f 1935/2492/1233 1936/2495/1234 1926/2497/1300 1931/2496/1245
f 1937/2498/1303 1940/2499/1230 1943/2500/1233 1942/2501/1306
f 1940/2499/1230 1941/2502/1231 1944/2503/1234 1943/2500/1233
f 1942/2501/1306 1943/2500/1233 1955/2504/1245 1952/2505/1310
f 1943/2500/1233 1944/2503/1234 1945/2506/1235 1955/2504/1245
f 1938/2507/1304 1946/2508/1307 1949/2509/1239 1948/2510/1238
f 1946/2508/1307 1947/2511/1308 1950/2512/1240 1949/2509/1239
f 1948/2510/1238 1949/2509/1239 1944/2513/1234 1941/2514/1231
f 1949/2509/1239 1950/2512/1240 1945/2515/1235 1944/2513/1234
f 1939/2516/1305 1951/2517/1309 1954/2518/1244 1953/2519/1311
f 1951/2517/1309 1952/2520/1310 1955/2521/1245 1954/2518/1244
f 1953/2519/1311 1954/2518/1244 1950/2522/1240 1947/2523/1308
f 1954/2518/1244 1955/2521/1245 1945/2524/1235 1950/2522/1240
f 1956/2525/1312 1959/2526/1315 1962/2527/1160 1961/2528/1159
f 1959/2526/1315 1960/2529/1316 1963/2530/1161 1962/2527/1160
f 1961/2528/1159 1962/2527/1160 1974/2531/1172 1971/2532/1169
f 1962/2527/1160 1963/2530/1161 1964/2533/1162 1974/2531/1172
f 1957/2534/1313 1965/2535/1317 1968/2536/1166 1967/2537/1319
f 1965/2535/1317 1966/2538/1318 1969/2539/1167 1968/2536/1166
f 1967/2537/1319 1968/2536/1166 1963/2540/1161 1960/2541/1316
f 1968/2536/1166 1969/2539/1167 1964/2542/1162 1963/2540/1161
f 1958/2543/1314 1970/2544/1168 1973/2545/1171 1972/2546/1320
f 1970/2544/1168 1971/2547/1169 1974/2548/1172 1973/2545/1171
f 1972/2546/1320 1973/2545/1171 1969/2549/1167 1966/2550/1318
f 1973/2545/1171 1974/2548/1172 1964/2551/1162 1969/2549/1167
f 1975/2552/1321 1978/2553/1324 1981/2554/1204 1980/2555/1203
f 1978/2553/1324 1979/2556/1325 1982/2557/1205 1981/2554/1204
f 1980/2555/1203 1981/2554/1204 1993/2558/1199 1990/2559/1196
f 1981/2554/1204 1982/2557/1205 1983/2560/1214 1993/2558/1199
f 1976/2561/1322 1984/2562/1326 1987/2563/1209 1986/2564/1328
f 1984/2562/1326 1985/2565/1327 1988/2566/1210 1987/2563/1209
f 1986/2564/1328 1987/2563/1209 1982/2567/1205 1979/2568/1325
f 1987/2563/1209 1988/2566/1210 1983/2569/1214 1982/2567/1205
f 1977/2570/1323 1989/2571/1195 1992/2572/1198 1991/2573/1329
f 1989/2571/1195 1990/2574/1196 1993/2575/1199 1992/2572/1198
f 1991/2573/1329 1992/2572/1198 1988/2576/1210 1985/2577/1327
f 1992/2572/1198 1993/2575/1199 1983/2578/1214 1988/2576/1210
f 1994/2579/1330 1997/2580/1333 2000/2581/1185 1999/2582/1184
f 1997/2580/1333 1998/2583/1334 2001/2584/1186 2000/2581/1185
f 1999/2582/1184 2000/2581/1185 2012/2585/1180 2009/2586/1177
f 2000/2581/1185 2001/2584/1186 2002/2587/1181 2012/2585/1180
f 1995/2588/1331 2003/2589/1335 2006/2590/1190 2005/2591/1337
f 2003/2589/1335 2004/2592/1336 2007/2593/1191 2006/2590/1190
f 2005/2591/1337 2006/2590/1190 2001/2594/1186 1998/2595/1334
f 2006/2590/1190 2007/2593/1191 2002/2596/1181 2001/2594/1186
f 1996/2597/1332 2008/2598/1176 2011/2599/1179 2010/2600/1338
f 2008/2598/1176 2009/2601/1177 2012/2602/1180 2011/2599/1179
f 2010/2600/1338 2011/2599/1179 2007/2603/1191 2004/2604/1336
f 2011/2599/1179 2012/2602/1180 2002/2605/1181 2007/2603/1191
f 2013/2606/723 2016/2607/726 2019/2608/729 2018/2609/728
f 2016/2607/726 2017/2610/727 2020/2611/730 2019/2608/729
f 2018/2609/728 2019/2608/729 2031/2612/741 2028/2613/738
f 2019/2608/729 2020/2611/730 2021/2614/1339 2031/2612/741
f 2014/2615/724 2022/2616/732 2025/2617/735 2024/2618/734
f 2022/2616/732 2023/2619/733 2026/2620/736 2025/2617/735
f 2024/2618/734 2025/2617/735 2020/2621/730 2017/2622/727
f 2025/2617/735 2026/2620/736 2021/2623/1339 2020/2621/730
f 2015/2624/725 2027/2625/737 2030/2626/740 2029/2627/739
f 2027/2625/737 2028/2628/738 2031/2629/741 2030/2626/740
f 2029/2627/739 2030/2626/740 2026/2630/736 2023/2631/733
f 2030/2626/740 2031/2629/741 2021/2632/1339 2026/2630/736
f 2032/2633/780 2035/2634/783 2038/2635/786 2037/2636/785
f 2035/2634/783 2036/2637/784 2039/2638/787 2038/2635/786
f 2037/2636/785 2038/2635/786 2050/2639/798 2047/2640/795
f 2038/2635/786 2039/2638/787 2040/2641/1340 2050/2639/798
f 2033/2642/781 2041/2643/789 2044/2644/792 2043/2645/791
f 2041/2643/789 2042/2646/790 2045/2647/793 2044/2644/792
f 2043/2645/791 2044/2644/792 2039/2648/787 2036/2649/784
f 2044/2644/792 2045/2647/793 2040/2650/1340 2039/2648/787
f 2034/2651/782 2046/2652/794 2049/2653/797 2048/2654/796
f 2046/2652/794 2047/2655/795 2050/2656/798 2049/2653/797
f 2048/2654/796 2049/2653/797 2045/2657/793 2042/2658/790
f 2049/2653/797 2050/2656/798 2040/2659/1340 2045/2657/793
f 2051/2660/780 2054/2661/783 2057/2662/786 2056/2663/785
f 2054/2661/783 2055/2664/784 2058/2665/787 2057/2662/786
f 2056/2663/785 2057/2662/786 2069/2666/798 2066/2667/795
f 2057/2662/786 2058/2665/787 2059/2668/788 2069/2666/798
f 2052/2669/781 2060/2670/789 2063/2671/792 2062/2672/791
f 2060/2670/789 2061/2673/790 2064/2674/793 2063/2671/792
f 2062/2672/791 2063/2671/792 2058/2675/787 2055/2676/784
f 2063/2671/792 2064/2674/793 2059/2677/788 2058/2675/787
f 2053/2678/782 2065/2679/794 2068/2680/797 2067/2681/796
f 2065/2679/794 2066/2682/795 2069/2683/798 2068/2680/797
f 2067/2681/796 2068/2680/797 2064/2684/793 2061/2685/790
f 2068/2680/797 2069/2683/798 2059/2686/788 2064/2684/793
f 2070/2687/1304 2073/2688/1307 2076/2689/1239 2075/2690/1238
f 2073/2688/1307 2074/2691/1308 2077/2692/1240 2076/2689/1239
f 2075/2690/1238 2076/2689/1239 2088/2693/1234 2085/2694/1231
f 2076/2689/1239 2077/2692/1240 2078/2695/1235 2088/2693/1234
f 2071/2696/1305 2079/2697/1309 2082/2698/1244 2081/2699/1311
f 2079/2697/1309 2080/2700/1310 2083/2701/1245 2082/2698/1244
f 2081/2699/1311 2082/2698/1244 2077/2702/1240 2074/2703/1308
f 2082/2698/1244 2083/2701/1245 2078/2704/1235 2077/2702/1240
f 2072/2705/1303 2084/2706/1230 2087/2707/1233 2086/2708/1306
f 2084/2706/1230 2085/2709/1231 2088/2710/1234 2087/2707/1233
f 2086/2708/1306 2087/2707/1233 2083/2711/1245 2080/2712/1310
f 2087/2707/1233 2088/2710/1234 2078/2713/1235 2083/2711/1245
f 2089/2714/1314 2092/2715/1168 2095/2716/1171 2094/2717/1320
f 2092/2715/1168 2093/2718/1169 2096/2719/1172 2095/2716/1171
f 2094/2717/1320 2095/2716/1171 2107/2720/1167 2104/2721/1318
f 2095/2716/1171 2096/2719/1172 2097/2722/1341 2107/2720/1167
f 2090/2723/1312 2098/2724/1315 2101/2725/1160 2100/2726/1159
f 2098/2724/1315 2099/2727/1316 2102/2728/1161 2101/2725/1160
f 2100/2726/1159 2101/2725/1160 2096/2729/1172 2093/2730/1169
f 2101/2725/1160 2102/2728/1161 2097/2731/1341 2096/2729/1172
f 2091/2732/1313 2103/2733/1317 2106/2734/1166 2105/2735/1319
f 2103/2733/1317 2104/2736/1318 2107/2737/1167 2106/2734/1166
f 2105/2735/1319 2106/2734/1166 2102/2738/1161 2099/2739/1316
f 2106/2734/1166 2107/2737/1167 2097/2740/1341 2102/2738/1161
f 2108/2741/1330 2111/2742/1333 2114/2743/1185 2113/2744/1184
f 2111/2742/1333 2112/2745/1334 2115/2746/1186 2114/2743/1185
f 2113/2744/1184 2114/2743/1185 2126/2747/1180 2123/2748/1177
f 2114/2743/1185 2115/2746/1186 2116/2749/1342 2126/2747/1180
f 2109/2750/1331 2117/2751/1335 2120/2752/1190 2119/2753/1337
f 2117/2751/1335 2118/2754/1336 2121/2755/1191 2120/2752/1190
f 2119/2753/1337 2120/2752/1190 2115/2756/1186 2112/2757/1334
f 2120/2752/1190 2121/2755/1191 2116/2758/1342 2115/2756/1186
f 2110/2759/1332 2122/2760/1176 2125/2761/1179 2124/2762/1338
f 2122/2760/1176 2123/2763/1177 2126/2764/1180 2125/2761/1179
f 2124/2762/1338 2125/2761/1179 2121/2765/1191 2118/2766/1336
f 2125/2761/1179 2126/2764/1180 2116/2767/1342 2121/2765/1191
f 2127/2768/1323 2130/2769/1195 2133/2770/1198 2132/2771/1329
f 2130/2769/1195 2131/2772/1196 2134/2773/1199 2133/2770/1198
f 2132/2771/1329 2133/2770/1198 2145/2774/1210 2142/2775/1327
f 2133/2770/1198 2134/2773/1199 2135/2776/1214 2145/2774/1210
f 2128/2777/1321 2136/2778/1324 2139/2779/1204 2138/2780/1203
f 2136/2778/1324 2137/2781/1325 2140/2782/1205 2139/2779/1204
f 2138/2780/1203 2139/2779/1204 2134/2783/1199 2131/2784/1196
f 2139/2779/1204 2140/2782/1205 2135/2785/1214 2134/2783/1199
f 2129/2786/1322 2141/2787/1326 2144/2788/1209 2143/2789/1328
f 2141/2787/1326 2142/2790/1327 2145/2791/1210 2144/2788/1209
f 2143/2789/1328 2144/2788/1209 2140/2792/1205 2137/2793/1325
f 2144/2788/1209 2145/2791/1210 2135/2794/1214 2140/2792/1205
f 2146/2795/780 2149/2796/783 2152/2797/786 2151/2798/785
f 2149/2796/783 2150/2799/784 2153/2800/787 2152/2797/786
f 2151/2798/785 2152/2797/786 2164/2801/798 2161/2802/795
f 2152/2797/786 2153/2800/787 2154/2803/1340 2164/2801/798
f 2147/2804/781 2155/2805/789 2158/2806/792 2157/2807/791
f 2155/2805/789 2156/2808/790 2159/2809/793 2158/2806/792
f 2157/2807/791 2158/2806/792 2153/2810/787 2150/2811/784
f 2158/2806/792 2159/2809/793 2154/2812/1340 2153/2810/787
f 2148/2813/782 2160/2814/794 2163/2815/797 2162/2816/796
f 2160/2814/794 2161/2817/795 2164/2818/798 2163/2815/797
f 2162/2816/796 2163/2815/797 2159/2819/793 2156/2820/790
f 2163/2815/797 2164/2818/798 2154/2821/1340 2159/2819/793
f 2165/2822/744 2168/2823/756 2171/2824/759 2170/2825/758
f 2168/2823/756 2169/2826/757 2172/2827/760 2171/2824/759
f 2170/2825/758 2171/2824/759 2183/2828/755 2180/2829/752
f 2171/2824/759 2172/2827/760 2173/2830/1343 2183/2828/755
f 2166/2831/742 2174/2832/745 2177/2833/748 2176/2834/747
f 2174/2832/745 2175/2835/746 2178/2836/749 2177/2833/748
f 2176/2834/747 2177/2833/748 2172/2837/760 2169/2838/757
f 2177/2833/748 2178/2836/749 2173/2839/1343 2172/2837/760
f 2167/2840/743 2179/2841/751 2182/2842/754 2181/2843/753
f 2179/2841/751 2180/2844/752 2183/2845/755 2182/2842/754
f 2181/2843/753 2182/2842/754 2178/2846/749 2175/2847/746
f 2182/2842/754 2183/2845/755 2173/2848/1343 2178/2846/749
f 2184/2849/723 2187/2850/726 2190/2851/729 2189/2852/728
f 2187/2850/726 2188/2853/727 2191/2854/730 2190/2851/729
f 2189/2852/728 2190/2851/729 2202/2855/741 2199/2856/738
f 2190/2851/729 2191/2854/730 2192/2857/1344 2202/2855/741
f 2185/2858/724 2193/2859/732 2196/2860/735 2195/2861/734
f 2193/2859/732 2194/2862/733 2197/2863/736 2196/2860/735
f 2195/2861/734 2196/2860/735 2191/2864/730 2188/2865/727
f 2196/2860/735 2197/2863/736 2192/2866/1344 2191/2864/730
f 2186/2867/725 2198/2868/737 2201/2869/740 2200/2870/739
f 2198/2868/737 2199/2871/738 2202/2872/741 2201/2869/740
f 2200/2870/739 2201/2869/740 2197/2873/736 2194/2874/733
f 2201/2869/740 2202/2872/741 2192/2875/1344 2197/2873/736
f 2203/2876/1332 2206/2877/1176 2209/2878/1179 2208/2879/1338
f 2206/2877/1176 2207/2880/1177 2210/2881/1180 2209/2878/1179
f 2208/2879/1338 2209/2878/1179 2221/2882/1191 2218/2883/1336
f 2209/2878/1179 2210/2881/1180 2211/2884/1274 2221/2882/1191
f 2204/2885/1330 2212/2886/1333 2215/2887/1185 2214/2888/1184
f 2212/2886/1333 2213/2889/1334 2216/2890/1186 2215/2887/1185
f 2214/2888/1184 2215/2887/1185 2210/2891/1180 2207/2892/1177
f 2215/2887/1185 2216/2890/1186 2211/2893/1274 2210/2891/1180
f 2205/2894/1331 2217/2895/1335 2220/2896/1190 2219/2897/1337
f 2217/2895/1335 2218/2898/1336 2221/2899/1191 2220/2896/1190
f 2219/2897/1337 2220/2896/1190 2216/2900/1186 2213/2901/1334
f 2220/2896/1190 2221/2899/1191 2211/2902/1274 2216/2900/1186
f 2222/2903/1313 2225/2904/1317 2228/2905/1166 2227/2906/1319
f 2225/2904/1317 2226/2907/1318 2229/2908/1167 2228/2905/1166
f 2227/2906/1319 2228/2905/1166 2240/2909/1161 2237/2910/1316
f 2228/2905/1166 2229/2908/1167 2230/2911/1345 2240/2909/1161
f 2223/2912/1314 2231/2913/1168 2234/2914/1171 2233/2915/1320
f 2231/2913/1168 2232/2916/1169 2235/2917/1172 2234/2914/1171
f 2233/2915/1320 2234/2914/1171 2229/2918/1167 2226/2919/1318
f 2234/2914/1171 2235/2917/1172 2230/2920/1345 2229/2918/1167
f 2224/2921/1312 2236/2922/1315 2239/2923/1160 2238/2924/1159
f 2236/2922/1315 2237/2925/1316 2240/2926/1161 2239/2923/1160
f 2238/2924/1159 2239/2923/1160 2235/2927/1172 2232/2928/1169
f 2239/2923/1160 2240/2926/1161 2230/2929/1345 2235/2927/1172
f 2241/2930/1321 2244/2931/1324 2247/2932/1204 2246/2933/1203
f 2244/2931/1324 2245/2934/1325 2248/2935/1205 2247/2932/1204
f 2246/2933/1203 2247/2932/1204 2259/2936/1199 2256/2937/1196
f 2247/2932/1204 2248/2935/1205 2249/2938/1222 2259/2936/1199
f 2242/2939/1322 2250/2940/1326 2253/2941/1209 2252/2942/1328
f 2250/2940/1326 2251/2943/1327 2254/2944/1210 2253/2941/1209
f 2252/2942/1328 2253/2941/1209 2248/2945/1205 2245/2946/1325
f 2253/2941/1209 2254/2944/1210 2249/2947/1222 2248/2945/1205
f 2243/2948/1323 2255/2949/1195 2258/2950/1198 2257/2951/1329
f 2255/2949/1195 2256/2952/1196 2259/2953/1199 2258/2950/1198
f 2257/2951/1329 2258/2950/1198 2254/2954/1210 2251/2955/1327
f 2258/2950/1198 2259/2953/1199 2249/2956/1222 2254/2954/1210
f 2260/2957/1303 2263/2958/1230 2266/2959/1233 2265/2960/1306
f 2263/2958/1230 2264/2961/1231 2267/2962/1234 2266/2959/1233
f 2265/2960/1306 2266/2959/1233 2278/2963/1245 2275/2964/1310
f 2266/2959/1233 2267/2962/1234 2268/2965/1300 2278/2963/1245
f 2261/2966/1304 2269/2967/1307 2272/2968/1239 2271/2969/1238
f 2269/2967/1307 2270/2970/1308 2273/2971/1240 2272/2968/1239
f 2271/2969/1238 2272/2968/1239 2267/2972/1234 2264/2973/1231
f 2272/2968/1239 2273/2971/1240 2268/2974/1300 2267/2972/1234
f 2262/2975/1305 2274/2976/1309 2277/2977/1244 2276/2978/1311
f 2274/2976/1309 2275/2979/1310 2278/2980/1245 2277/2977/1244
f 2276/2978/1311 2277/2977/1244 2273/2981/1240 2270/2982/1308
f 2277/2977/1244 2278/2980/1245 2268/2983/1300 2273/2981/1240
f 2279/2984/725 2282/2985/737 2285/2986/740 2284/2987/739
f 2282/2985/737 2283/2988/738 2286/2989/741 2285/2986/740
f 2284/2987/739 2285/2986/740 2297/2990/736 2294/2991/733
f 2285/2986/740 2286/2989/741 2287/2992/1339 2297/2990/736
f 2280/2993/723 2288/2994/726 2291/2995/729 2290/2996/728
f 2288/2994/726 2289/2997/727 2292/2998/730 2291/2995/729
f 2290/2996/728 2291/2995/729 2286/2999/741 2283/3000/738
f 2291/2995/729 2292/2998/730 2287/3001/1339 2286/2999/741
f 2281/3002/724 2293/3003/732 2296/3004/735 2295/3005/734
f 2293/3003/732 2294/3006/733 2297/3007/736 2296/3004/735
f 2295/3005/734 2296/3004/735 2292/3008/730 2289/3009/727
f 2296/3004/735 2297/3007/736 2287/3010/1339 2292/3008/730
f 2298/3011/742 2301/3012/745 2304/3013/748 2303/3014/747
f 2301/3012/745 2302/3015/746 2305/3016/749 2304/3013/748
f 2303/3014/747 2304/3013/748 2316/3017/760 2313/3018/757
f 2304/3013/748 2305/3016/749 2306/3019/1346 2316/3017/760
f 2299/3020/743 2307/3021/751 2310/3022/754 2309/3023/753
f 2307/3021/751 2308/3024/752 2311/3025/755 2310/3022/754
f 2309/3023/753 2310/3022/754 2305/3026/749 2302/3027/746
f 2310/3022/754 2311/3025/755 2306/3028/1346 2305/3026/749
f 2300/3029/744 2312/3030/756 2315/3031/759 2314/3032/758
f 2312/3030/756 2313/3033/757 2316/3034/760 2315/3031/759
f 2314/3032/758 2315/3031/759 2311/3035/755 2308/3036/752
f 2315/3031/759 2316/3034/760 2306/3037/1346 2311/3035/755
f 2317/3038/1330 2320/3039/1333 2323/3040/1185 2322/3041/1184
f 2320/3039/1333 2321/3042/1334 2324/3043/1186 2323/3040/1185
f 2322/3041/1184 2323/3040/1185 2335/3044/1180 2332/3045/1177
f 2323/3040/1185 2324/3043/1186 2325/3046/1342 2335/3044/1180
f 2318/3047/1331 2326/3048/1335 2329/3049/1190 2328/3050/1337
f 2326/3048/1335 2327/3051/1336 2330/3052/1191 2329/3049/1190
f 2328/3050/1337 2329/3049/1190 2324/3053/1186 2321/3054/1334
f 2329/3049/1190 2330/3052/1191 2325/3055/1342 2324/3053/1186
f 2319/3056/1332 2331/3057/1176 2334/3058/1179 2333/3059/1338
f 2331/3057/1176 2332/3060/1177 2335/3061/1180 2334/3058/1179
f 2333/3059/1338 2334/3058/1179 2330/3062/1191 2327/3063/1336
f 2334/3058/1179 2335/3061/1180 2325/3064/1342 2330/3062/1191
f 2336/3065/1323 2339/3066/1195 2342/3067/1198 2341/3068/1329
f 2339/3066/1195 2340/3069/1196 2343/3070/1199 2342/3067/1198
f 2341/3068/1329 2342/3067/1198 2354/3071/1210 2351/3072/1327
f 2342/3067/1198 2343/3070/1199 2344/3073/1214 2354/3071/1210
f 2337/3074/1321 2345/3075/1324 2348/3076/1204 2347/3077/1203
f 2345/3075/1324 2346/3078/1325 2349/3079/1205 2348/3076/1204
f 2347/3077/1203 2348/3076/1204 2343/3080/1199 2340/3081/1196
f 2348/3076/1204 2349/3079/1205 2344/3082/1214 2343/3080/1199
f 2338/3083/1322 2350/3084/1326 2353/3085/1209 2352/3086/1328
f 2350/3084/1326 2351/3087/1327 2354/3088/1210 2353/3085/1209
f 2352/3086/1328 2353/3085/1209 2349/3089/1205 2346/3090/1325
f 2353/3085/1209 2354/3088/1210 2344/3091/1214 2349/3089/1205
f 2355/3092/1304 2358/3093/1307 2361/3094/1239 2360/3095/1238
f 2358/3093/1307 2359/3096/1308 2362/3097/1240 2361/3094/1239
f 2360/3095/1238 2361/3094/1239 2373/3098/1234 2370/3099/1231
f 2361/3094/1239 2362/3097/1240 2363/3100/1235 2373/3098/1234
f 2356/3101/1305 2364/3102/1309 2367/3103/1244 2366/3104/1311
f 2364/3102/1309 2365/3105/1310 2368/3106/1245 2367/3103/1244
f 2366/3104/1311 2367/3103/1244 2362/3107/1240 2359/3108/1308
f 2367/3103/1244 2368/3106/1245 2363/3109/1235 2362/3107/1240
f 2357/3110/1303 2369/3111/1230 2372/3112/1233 2371/3113/1306
f 2369/3111/1230 2370/3114/1231 2373/3115/1234 2372/3112/1233
f 2371/3113/1306 2372/3112/1233 2368/3116/1245 2365/3117/1310
f 2372/3112/1233 2373/3115/1234 2363/3118/1235 2368/3116/1245
f 2374/3119/1314 2377/3120/1168 2380/3121/1171 2379/3122/1320
f 2377/3120/1168 2378/3123/1169 2381/3124/1172 2380/3121/1171
f 2379/3122/1320 2380/3121/1171 2392/3125/1167 2389/3126/1318
f 2380/3121/1171 2381/3124/1172 2382/3127/1341 2392/3125/1167
f 2375/3128/1312 2383/3129/1315 2386/3130/1160 2385/3131/1159
f 2383/3129/1315 2384/3132/1316 2387/3133/1161 2386/3130/1160
f 2385/3131/1159 2386/3130/1160 2381/3134/1172 2378/3135/1169
f 2386/3130/1160 2387/3133/1161 2382/3136/1341 2381/3134/1172
f 2376/3137/1313 2388/3138/1317 2391/3139/1166 2390/3140/1319
f 2388/3138/1317 2389/3141/1318 2392/3142/1167 2391/3139/1166
f 2390/3140/1319 2391/3139/1166 2387/3143/1161 2384/3144/1316
f 2391/3139/1166 2392/3142/1167 2382/3145/1341 2387/3143/1161
f 2393/3146/744 2396/3147/756 2399/3148/759 2398/3149/758
f 2396/3147/756 2397/3150/757 2400/3151/760 2399/3148/759
f 2398/3149/758 2399/3148/759 2411/3152/755 2408/3153/752
f 2399/3148/759 2400/3151/760 2401/3154/1343 2411/3152/755
f 2394/3155/742 2402/3156/745 2405/3157/748 2404/3158/747
f 2402/3156/745 2403/3159/746 2406/3160/749 2405/3157/748
f 2404/3158/747 2405/3157/748 2400/3161/760 2397/3162/757
f 2405/3157/748 2406/3160/749 2401/3163/1343 2400/3161/760
f 2395/3164/743 2407/3165/751 2410/3166/754 2409/3167/753
f 2407/3165/751 2408/3168/752 2411/3169/755 2410/3166/754
f 2409/3167/753 2410/3166/754 2406/3170/749 2403/3171/746
f 2410/3166/754 2411/3169/755 2401/3172/1343 2406/3170/749
f 2412/3173/761 2415/3174/764 2418/3175/767 2417/3176/766
f 2415/3174/764 2416/3177/765 2419/3178/768 2418/3175/767
f 2417/3176/766 2418/3175/767 2430/3179/779 2427/3180/776
f 2418/3175/767 2419/3178/768 2420/3181/1347 2430/3179/779
f 2413/3182/762 2421/3183/770 2424/3184/773 2423/3185/772
f 2421/3183/770 2422/3186/771 2425/3187/774 2424/3184/773
f 2423/3185/772 2424/3184/773 2419/3188/768 2416/3189/765
f 2424/3184/773 2425/3187/774 2420/3190/1347 2419/3188/768
f 2414/3191/763 2426/3192/775 2429/3193/778 2428/3194/777
f 2426/3192/775 2427/3195/776 2430/3196/779 2429/3193/778
f 2428/3194/777 2429/3193/778 2425/3197/774 2422/3198/771
f 2429/3193/778 2430/3196/779 2420/3199/1347 2425/3197/774
f 2431/3200/725 2434/3201/737 2437/3202/740 2436/3203/739
f 2434/3201/737 2435/3204/738 2438/3205/741 2437/3202/740
f 2436/3203/739 2437/3202/740 2449/3206/736 2446/3207/733
f 2437/3202/740 2438/3205/741 2439/3208/1348 2449/3206/736
f 2432/3209/723 2440/3210/726 2443/3211/729 2442/3212/728
f 2440/3210/726 2441/3213/727 2444/3214/730 2443/3211/729
f 2442/3212/728 2443/3211/729 2438/3215/741 2435/3216/738
f 2443/3211/729 2444/3214/730 2439/3217/1348 2438/3215/741
f 2433/3218/724 2445/3219/732 2448/3220/735 2447/3221/734
f 2445/3219/732 2446/3222/733 2449/3223/736 2448/3220/735
f 2447/3221/734 2448/3220/735 2444/3224/730 2441/3225/727
f 2448/3220/735 2449/3223/736 2439/3226/1348 2444/3224/730
f 2450/3227/762 2453/3228/770 2456/3229/773 2455/3230/772
f 2453/3228/770 2454/3231/771 2457/3232/774 2456/3229/773
f 2455/3230/772 2456/3229/773 2468/3233/768 2465/3234/765
f 2456/3229/773 2457/3232/774 2458/3235/1349 2468/3233/768
f 2451/3236/763 2459/3237/775 2462/3238/778 2461/3239/777
f 2459/3237/775 2460/3240/776 2463/3241/779 2462/3238/778
f 2461/3239/777 2462/3238/778 2457/3242/774 2454/3243/771
f 2462/3238/778 2463/3241/779 2458/3244/1349 2457/3242/774
f 2452/3245/761 2464/3246/764 2467/3247/767 2466/3248/766
f 2464/3246/764 2465/3249/765 2468/3250/768 2467/3247/767
f 2466/3248/766 2467/3247/767 2463/3251/779 2460/3252/776
f 2467/3247/767 2468/3250/768 2458/3253/1349 2463/3251/779
f 2469/3254/762 2472/3255/770 2475/3256/773 2474/3257/772
f 2472/3255/770 2473/3258/771 2476/3259/774 2475/3256/773
f 2474/3257/772 2475/3256/773 2487/3260/768 2484/3261/765
f 2475/3256/773 2476/3259/774 2477/3262/1347 2487/3260/768
f 2470/3263/763 2478/3264/775 2481/3265/778 2480/3266/777
f 2478/3264/775 2479/3267/776 2482/3268/779 2481/3265/778
f 2480/3266/777 2481/3265/778 2476/3269/774 2473/3270/771
f 2481/3265/778 2482/3268/779 2477/3271/1347 2476/3269/774
f 2471/3272/761 2483/3273/764 2486/3274/767 2485/3275/766
f 2483/3273/764 2484/3276/765 2487/3277/768 2486/3274/767
f 2485/3275/766 2486/3274/767 2482/3278/779 2479/3279/776
f 2486/3274/767 2487/3277/768 2477/3280/1347 2482/3278/779
f 2488/3281/744 2491/3282/756 2494/3283/759 2493/3284/758
f 2491/3282/756 2492/3285/757 2495/3286/760 2494/3283/759
f 2493/3284/758 2494/3283/759 2506/3287/755 2503/3288/752
f 2494/3283/759 2495/3286/760 2496/3289/1350 2506/3287/755
f 2489/3290/742 2497/3291/745 2500/3292/748 2499/3293/747
f 2497/3291/745 2498/3294/746 2501/3295/749 2500/3292/748
f 2499/3293/747 2500/3292/748 2495/3296/760 2492/3297/757
f 2500/3292/748 2501/3295/749 2496/3298/1350 2495/3296/760
f 2490/3299/743 2502/3300/751 2505/3301/754 2504/3302/753
f 2502/3300/751 2503/3303/752 2506/3304/755 2505/3301/754
f 2504/3302/753 2505/3301/754 2501/3305/749 2498/3306/746
f 2505/3301/754 2506/3304/755 2496/3307/1350 2501/3305/749
f 2507/3308/782 2510/3309/794 2513/3310/797 2512/3311/796
f 2510/3309/794 2511/3312/795 2514/3313/798 2513/3310/797
f 2512/3311/796 2513/3310/797 2525/3314/793 2522/3315/790
f 2513/3310/797 2514/3313/798 2515/3316/1351 2525/3314/793
f 2508/3317/780 2516/3318/783 2519/3319/786 2518/3320/785
f 2516/3318/783 2517/3321/784 2520/3322/787 2519/3319/786
f 2518/3320/785 2519/3319/786 2514/3323/798 2511/3324/795
f 2519/3319/786 2520/3322/787 2515/3325/1351 2514/3323/798
f 2509/3326/781 2521/3327/789 2524/3328/792 2523/3329/791
f 2521/3327/789 2522/3330/790 2525/3331/793 2524/3328/792
f 2523/3329/791 2524/3328/792 2520/3332/787 2517/3333/784
f 2524/3328/792 2525/3331/793 2515/3334/1351 2520/3332/787
f 2526/3335/761 2529/3336/764 2532/3337/767 2531/3338/766
f 2529/3336/764 2530/3339/765 2533/3340/768 2532/3337/767
f 2531/3338/766 2532/3337/767 2544/3341/779 2541/3342/776
f 2532/3337/767 2533/3340/768 2534/3343/769 2544/3341/779
f 2527/3344/762 2535/3345/770 2538/3346/773 2537/3347/772
f 2535/3345/770 2536/3348/771 2539/3349/774 2538/3346/773
f 2537/3347/772 2538/3346/773 2533/3350/768 2530/3351/765
f 2538/3346/773 2539/3349/774 2534/3352/769 2533/3350/768
f 2528/3353/763 2540/3354/775 2543/3355/778 2542/3356/777
f 2540/3354/775 2541/3357/776 2544/3358/779 2543/3355/778
f 2542/3356/777 2543/3355/778 2539/3359/774 2536/3360/771
f 2543/3355/778 2544/3358/779 2534/3361/769 2539/3359/774
f 1477/3362/1063 1117/1504/723 1122/1507/728 1480/3363/1066
f 1480/3363/1066 1122/1507/728 1132/1511/738 1479/3364/1065
f 1479/3365/1065 1132/1526/738 1131/1523/737 1478/3366/1064
f 1478/3366/1064 1131/1523/737 1119/1522/725 1476/3367/1062
f 1138/1549/744 1193/3368/799 1195/3369/801 1150/1550/756
f 1150/1550/756 1195/3369/801 1196/3370/802 1151/1553/757
f 1151/1538/757 1196/3371/802 1197/3372/803 1141/1534/747
f 1141/1534/747 1197/3372/803 1194/3373/800 1136/1531/742
f 1176/1603/782 1198/3374/804 1200/3375/806 1188/1604/794
f 1188/1604/794 1200/3375/806 1201/3376/807 1189/1607/795
f 1189/1592/795 1201/3377/807 1202/3378/808 1179/1588/785
f 1179/1588/785 1202/3378/808 1199/3379/805 1174/1585/780
f 1155/1558/761 1203/3380/809 1205/3381/811 1158/1559/764
f 1158/1559/764 1205/3381/811 1206/3382/812 1159/1562/765
f 1159/1574/765 1206/3383/812 1207/3384/813 1166/1570/772
f 1166/1570/772 1207/3384/813 1204/3385/810 1156/1567/762
f 1257/3386/858 1261/3387/858 1263/3388/861 1260/3389/861
f 1260/3389/861 1263/3388/861 1264/3390/860 1259/3391/860
f 1259/3392/860 1264/3393/860 1265/3394/859 1258/3395/859
f 1258/3395/859 1265/3394/859 1262/3396/857 1256/3397/857
f 1247/3398/853 1251/3399/853 1253/3400/856 1250/3401/856
f 1250/3401/856 1253/3400/856 1254/3402/855 1249/3403/855
f 1249/3404/855 1254/3405/855 1255/3406/854 1248/3407/854
f 1248/3407/854 1255/3406/854 1252/3408/852 1246/3409/852
f 1267/3410/863 1271/3411/863 1273/3412/866 1270/3413/866
f 1270/3413/866 1273/3412/866 1274/3414/865 1269/3415/865
f 1269/3416/865 1274/3417/865 1275/3418/864 1268/3419/864
f 1268/3419/864 1275/3418/864 1272/3420/862 1266/3421/862
f 1421/1842/1007 1439/1856/1025 1449/1859/1035 1433/1843/1019
f 1433/1843/1019 1449/1859/1035 1442/1861/1028 1434/1846/1020
f 1434/1832/1020 1442/1853/1028 1441/1850/1027 1424/1829/1010
f 1424/1829/1010 1441/1850/1027 1438/1849/1024 1419/1826/1005
f 1277/3422/868 1281/3423/868 1283/3424/871 1280/3425/871
f 1280/3425/871 1283/3424/871 1284/3426/870 1279/3427/870
f 1279/3428/870 1284/3429/870 1285/3430/869 1278/3431/869
f 1278/3431/869 1285/3430/869 1282/3432/867 1276/3433/867
f 1271/3411/863 1138/1549/744 1152/1552/758 1273/3412/866
f 1273/3412/866 1152/1552/758 1146/1556/752 1274/3414/865
f 1274/3417/865 1146/1544/752 1145/1541/751 1275/3418/864
f 1275/3418/864 1145/1541/751 1137/1540/743 1272/3420/862
f 1136/1531/742 1252/3408/852 1255/3406/854 1139/1532/745
f 1139/1532/745 1255/3406/854 1254/3405/855 1140/1535/746
f 1140/1547/746 1254/3402/855 1253/3400/856 1147/1543/753
f 1147/1543/753 1253/3400/856 1251/3399/853 1137/1540/743
f 1246/3409/852 1119/1522/725 1133/1525/739 1248/3407/854
f 1248/3407/854 1133/1525/739 1127/1529/733 1249/3404/855
f 1249/3403/855 1127/1517/733 1126/1514/732 1250/3401/856
f 1250/3401/856 1126/1514/732 1118/1513/724 1247/3398/853
f 1117/1504/723 1277/3422/868 1280/3425/871 1120/1505/726
f 1120/1505/726 1280/3425/871 1279/3427/870 1121/1508/727
f 1121/1520/727 1279/3428/870 1278/3431/869 1128/1516/734
f 1128/1516/734 1278/3431/869 1276/3433/867 1118/1513/724
f 1156/1567/762 1257/3386/858 1260/3389/861 1164/1568/770
f 1164/1568/770 1260/3389/861 1259/3391/860 1165/1571/771
f 1165/1583/771 1259/3392/860 1258/3395/859 1171/1579/777
f 1171/1579/777 1258/3395/859 1256/3397/857 1157/1576/763
f 1281/3423/868 1155/1558/761 1160/1561/766 1283/3424/871
f 1283/3424/871 1160/1561/766 1170/1565/776 1284/3426/870
f 1284/3429/870 1170/1580/776 1169/1577/775 1285/3430/869
f 1285/3430/869 1169/1577/775 1157/1576/763 1282/3432/867
f 1175/1594/781 1262/3396/857 1265/3394/859 1183/1595/789
f 1183/1595/789 1265/3394/859 1264/3393/860 1184/1598/790
f 1184/1610/790 1264/3390/860 1263/3388/861 1190/1606/796
f 1190/1606/796 1263/3388/861 1261/3387/858 1176/1603/782
f 1174/1585/780 1267/3410/863 1270/3413/866 1177/1586/783
f 1177/1586/783 1270/3413/866 1269/3415/865 1178/1589/784
f 1178/1601/784 1269/3416/865 1268/3419/864 1185/1597/791
f 1185/1597/791 1268/3419/864 1266/3421/862 1175/1594/781
f 1305/1686/891 1324/1709/910 1329/1712/915 1308/1687/894
f 1308/1687/894 1329/1712/915 1339/1716/925 1309/1690/895
f 1309/1702/895 1339/1731/925 1338/1728/924 1316/1698/902
f 1316/1698/902 1338/1728/924 1326/1727/912 1306/1695/892
f 1400/1805/986 1208/1612/814 1213/1615/819 1403/1806/989
f 1403/1806/989 1213/1615/819 1223/1619/829 1404/1809/990
f 1404/1819/990 1223/1633/829 1222/1630/828 1411/1816/997
f 1411/1816/997 1222/1630/828 1210/1629/816 1401/1813/987
f 1286/1661/872 1227/1637/833 1232/1640/838 1289/1662/875
f 1289/1662/875 1232/1640/838 1242/1644/848 1290/1665/876
f 1290/1676/876 1242/1656/848 1241/1653/847 1297/1672/883
f 1297/1672/883 1241/1653/847 1229/1652/835 1287/1669/873
f 1401/1813/987 1362/1757/948 1367/1760/953 1409/1814/995
f 1409/1814/995 1367/1760/953 1377/1764/963 1410/1817/996
f 1410/1825/996 1377/1779/963 1376/1776/962 1416/1823/1002
f 1416/1823/1002 1376/1776/962 1364/1775/950 1402/1820/988
f 1306/1695/892 1457/1871/1043 1462/1874/1048 1314/1696/900
f 1314/1696/900 1462/1874/1048 1472/1878/1058 1315/1699/901
f 1315/1708/901 1472/1892/1058 1471/1889/1057 1321/1706/907
f 1321/1706/907 1471/1889/1057 1459/1888/1045 1307/1703/893
f 1228/1646/834 1382/1789/968 1392/1792/978 1236/1647/842
f 1236/1647/842 1392/1792/978 1385/1795/971 1237/1650/843
f 1237/1659/843 1385/1786/971 1384/1783/970 1243/1655/849
f 1243/1655/849 1384/1783/970 1381/1782/967 1229/1652/835
f 1325/1718/911 1363/1766/949 1373/1769/959 1333/1719/919
f 1333/1719/919 1373/1769/959 1366/1773/952 1334/1722/920
f 1334/1732/920 1366/1761/952 1365/1758/951 1340/1730/926
f 1340/1730/926 1365/1758/951 1362/1757/948 1326/1727/912
f 1343/1734/929 1458/1880/1044 1468/1883/1054 1346/1735/932
f 1346/1735/932 1468/1883/1054 1461/1887/1047 1347/1738/933
f 1347/1747/933 1461/1875/1047 1460/1872/1046 1354/1746/940
f 1354/1746/940 1460/1872/1046 1457/1871/1043 1344/1743/930
f 1383/1796/969 1345/1749/931 1359/1752/945 1395/1797/981
f 1395/1797/981 1359/1752/945 1353/1755/939 1396/1800/982
f 1396/1788/982 1353/1747/939 1352/1744/938 1386/1785/972
f 1386/1785/972 1352/1744/938 1344/1743/930 1381/1782/967
f 1209/1621/815 1420/1834/1006 1430/1837/1016 1217/1622/823
f 1217/1622/823 1430/1837/1016 1423/1841/1009 1218/1625/824
f 1218/1636/824 1423/1830/1009 1422/1827/1008 1224/1632/830
f 1224/1632/830 1422/1827/1008 1419/1826/1005 1210/1629/816
f 1440/1862/1026 1288/1677/874 1302/1680/888 1452/1863/1038
f 1452/1863/1038 1302/1680/888 1296/1684/882 1453/1866/1039
f 1453/1855/1039 1296/1673/882 1295/1670/881 1443/1852/1029
f 1443/1852/1029 1295/1670/881 1287/1669/873 1438/1849/1024
f 1483/1913/1069 1501/1929/1087 1511/1932/1097 1495/1914/1081
f 1495/1914/1081 1511/1932/1097 1504/1933/1090 1496/1917/1082
f 1496/1902/1082 1504/1924/1090 1503/1921/1089 1486/1898/1072
f 1486/1898/1072 1503/1921/1089 1500/1920/1086 1481/1895/1067
f 1540/1986/1126 1483/1913/1069 1497/1916/1083 1552/1987/1138
f 1552/1987/1138 1497/1916/1083 1491/1919/1077 1553/1990/1139
f 1553/1976/1139 1491/1908/1077 1490/1905/1076 1543/1972/1129
f 1543/1972/1129 1490/1905/1076 1482/1904/1068 1538/1969/1124
f 1501/1929/1087 1520/1954/1106 1530/1957/1116 1509/1930/1095
f 1509/1930/1095 1530/1957/1116 1523/1960/1109 1510/1933/1096
f 1510/1943/1096 1523/1949/1109 1522/1946/1108 1516/1939/1102
f 1516/1939/1102 1522/1946/1108 1519/1945/1105 1502/1936/1088
f 1520/1954/1106 1540/1986/1126 1554/1989/1140 1528/1955/1114
f 1528/1955/1114 1554/1989/1140 1548/1990/1134 1529/1958/1115
f 1529/1967/1115 1548/1982/1134 1547/1979/1133 1535/1964/1121
f 1535/1964/1121 1547/1979/1133 1539/1978/1125 1521/1961/1107
f 1557/1992/911 1576/2016/1145 1581/2019/945 1560/1993/919
f 1560/1993/919 1581/2019/945 1591/2022/939 1561/1996/920
f 1561/2007/920 1591/2035/939 1590/2032/938 1568/2004/926
f 1568/2004/926 1590/2032/938 1578/2031/1147 1558/2001/1143
f 1614/2063/1151 1559/2008/910 1573/2011/915 1617/2064/823
f 1617/2064/823 1573/2011/915 1567/2014/925 1618/2067/824
f 1618/2075/824 1567/2005/925 1566/2002/924 1625/2074/830
f 1625/2074/830 1566/2002/924 1558/2001/1143 1615/2071/1152
f 1597/2056/1149 1578/2031/1147 1592/2034/940 1609/2057/881
f 1609/2057/881 1592/2034/940 1586/2037/933 1610/2060/882
f 1610/2045/882 1586/2028/933 1585/2025/932 1600/2041/888
f 1600/2041/888 1585/2025/932 1577/2024/1146 1595/2038/1148
f 1615/2071/1152 1597/2056/1149 1611/2059/883 1623/2072/828
f 1623/2072/828 1611/2059/883 1605/2062/876 1624/2075/829
f 1624/2084/829 1605/2051/876 1604/2048/875 1630/2080/819
f 1630/2080/819 1604/2048/875 1596/2047/872 1616/2077/814
f 1502/1936/1088 1596/2047/872 1606/2050/877 1514/1937/1100
f 1514/1937/1100 1606/2050/877 1599/2054/887 1515/1940/1101
f 1515/1927/1101 1599/2042/887 1598/2039/886 1505/1923/1091
f 1505/1923/1091 1598/2039/886 1595/2038/1148 1500/1920/1086
f 1616/2077/814 1519/1945/1105 1524/1948/1110 1628/2078/817
f 1628/2078/817 1524/1948/1110 1534/1952/1120 1629/2081/818
f 1629/2069/818 1534/1965/1120 1533/1962/1119 1619/2066/825
f 1619/2066/825 1533/1962/1119 1521/1961/1107 1614/2063/1151
f 1559/2008/910 1539/1978/1125 1549/1981/1135 1571/2009/913
f 1571/2009/913 1549/1981/1135 1542/1985/1128 1572/2012/914
f 1572/1999/914 1542/1973/1128 1541/1970/1127 1562/1995/921
f 1562/1995/921 1541/1970/1127 1538/1969/1124 1557/1992/911
f 1576/2016/1145 1482/1904/1068 1492/1907/1078 1579/2017/943
f 1579/2017/943 1492/1907/1078 1485/1911/1071 1580/2020/944
f 1580/2030/944 1485/1899/1071 1484/1896/1070 1587/2027/934
f 1587/2027/934 1484/1896/1070 1481/1895/1067 1577/2024/1146
f 1749/2263/1246 1767/2281/1252 1777/2284/1258 1761/2264/1248
f 1761/2264/1248 1777/2284/1258 1770/2288/1255 1762/2267/1249
f 1762/2252/1249 1770/2276/1255 1769/2273/1254 1752/2248/1197
f 1752/2248/1197 1769/2273/1254 1766/2272/1251 1747/2245/1192
f 1844/2393/1278 1691/2176/1211 1701/2179/1217 1856/2394/1279
f 1856/2394/1279 1701/2179/1217 1694/2183/1213 1857/2183/1280
f 1857/2171/1280 1694/2171/1213 1693/2168/1201 1847/2380/1232
f 1847/2380/1232 1693/2168/1201 1690/2167/1193 1842/2377/1227
f 1730/2237/1229 1710/2203/1219 1720/2206/1225 1742/2238/1241
f 1742/2238/1241 1720/2206/1225 1713/2210/1221 1743/2210/1242
f 1743/2198/1242 1713/2198/1221 1712/2195/1201 1733/2195/1232
f 1733/2195/1232 1712/2195/1201 1709/2194/1193 1728/2221/1227
f 1918/2472/1228 1804/2326/1156 1809/2329/1170 1921/2473/1236
f 1921/2473/1236 1809/2329/1170 1819/2333/1164 1922/2476/1237
f 1922/2488/1237 1819/2347/1164 1818/2344/1163 1929/2484/1281
f 1929/2484/1281 1818/2344/1163 1806/2263/1268 1919/2481/1299
f 1823/2140/1251 1671/2140/1192 1676/2143/1197 1826/2352/1254
f 1826/2352/1254 1676/2143/1197 1686/2147/1207 1827/2355/1273
f 1827/2367/1273 1686/2162/1207 1685/2159/1206 1834/2363/1277
f 1834/2363/1277 1685/2159/1206 1673/2158/1194 1824/2360/1272
f 1633/2086/1154 1861/2400/1173 1866/2403/1178 1636/2087/1157
f 1636/2087/1157 1866/2403/1178 1876/2407/1188 1637/2090/1158
f 1637/2102/1158 1876/2102/1188 1875/2418/1187 1644/2098/1165
f 1644/2098/1165 1875/2418/1187 1863/2417/1283 1634/2095/1155
f 1880/2424/1154 1652/2113/1173 1657/2116/1178 1883/2425/1157
f 1883/2425/1157 1657/2116/1178 1667/2120/1188 1884/2120/1158
f 1884/2437/1158 1667/2135/1188 1666/2132/1187 1891/2433/1165
f 1891/2433/1165 1666/2132/1187 1654/2131/1175 1881/2237/1288
f 1672/2149/1193 1899/2448/1227 1904/2451/1232 1680/2150/1201
f 1680/2150/1201 1904/2451/1232 1914/2455/1297 1681/2153/1202
f 1681/2165/1202 1914/2468/1297 1913/2161/1296 1687/2161/1208
f 1687/2161/1208 1913/2161/1296 1901/2465/1292 1673/2158/1194
f 1767/2281/1252 1806/2263/1268 1820/2346/1271 1775/2282/1256
f 1775/2282/1256 1820/2346/1271 1814/2350/1270 1776/2285/1257
f 1776/2297/1257 1814/2339/1270 1813/2336/1269 1782/2293/1259
f 1782/2293/1259 1813/2336/1269 1805/2335/1267 1768/2290/1253
f 1787/2317/1261 1901/2465/1292 1915/2467/1298 1799/2318/1264
f 1799/2318/1264 1915/2467/1298 1909/2321/1295 1800/2321/1265
f 1800/2306/1265 1909/2306/1295 1908/2458/1294 1790/2302/1262
f 1790/2302/1262 1908/2458/1294 1900/2457/1291 1785/2299/1260
f 1824/2360/1272 1787/2317/1261 1801/2320/1266 1832/2361/1275
f 1832/2361/1275 1801/2320/1266 1795/2324/1263 1833/2364/1276
f 1833/2312/1276 1795/2312/1263 1794/2309/1157 1839/2372/1178
f 1839/2372/1178 1794/2309/1157 1786/2308/1154 1825/2369/1173
f 1691/2176/1211 1863/2417/1283 1877/2420/1287 1699/2177/1215
f 1699/2177/1215 1877/2420/1287 1871/2180/1286 1700/2180/1216
f 1700/2192/1216 1871/2412/1286 1870/2188/1285 1706/2188/1218
f 1706/2188/1218 1870/2188/1285 1862/2409/1282 1692/2185/1212
f 1881/2237/1288 1730/2237/1229 1744/2240/1243 1889/2240/1290
f 1889/2240/1290 1744/2240/1243 1738/2243/1237 1890/2434/1164
f 1890/2446/1164 1738/2232/1237 1737/2229/1236 1896/2442/1170
f 1896/2442/1170 1737/2229/1236 1729/2228/1228 1882/2439/1156
f 1843/2385/1228 1635/2104/1156 1649/2107/1170 1851/2386/1236
f 1851/2386/1236 1649/2107/1170 1643/2111/1164 1852/2111/1237
f 1852/2099/1237 1643/2099/1164 1642/2096/1163 1858/2396/1281
f 1858/2396/1281 1642/2096/1163 1634/2095/1155 1844/2393/1278
f 1653/2122/1174 1711/2212/1220 1725/2215/1226 1661/2123/1182
f 1661/2123/1182 1725/2215/1226 1719/2219/1224 1662/2126/1183
f 1662/2138/1183 1719/2207/1224 1718/2204/1223 1668/2134/1189
f 1668/2134/1189 1718/2204/1223 1710/2203/1219 1654/2131/1175
f 1748/2254/1193 1920/2490/1227 1934/2493/1232 1756/2255/1201
f 1756/2255/1201 1934/2493/1232 1928/2258/1302 1757/2258/1247
f 1757/2270/1247 1928/2485/1302 1927/2482/1301 1763/2266/1250
f 1763/2266/1250 1927/2482/1301 1919/2481/1299 1749/2263/1246
f 1671/2140/1192 1204/3385/810 1207/3384/813 1674/2141/1195
f 1674/2141/1195 1207/3384/813 1206/3383/812 1675/2144/1196
f 1675/2156/1196 1206/3382/812 1205/3381/811 1682/2152/1203
f 1682/2152/1203 1205/3381/811 1203/3380/809 1672/2149/1193
f 1458/1880/1044 1900/2457/1291 1910/2460/1238 1466/1881/1052
f 1466/1881/1052 1910/2460/1238 1903/2463/1231 1467/1884/1053
f 1467/1894/1053 1903/2452/1231 1902/2449/1230 1473/1891/1059
f 1473/1891/1059 1902/2449/1230 1899/2448/1227 1459/1888/1045
f 1747/2245/1192 1305/1686/891 1310/1689/896 1750/2246/1195
f 1750/2246/1195 1310/1689/896 1320/1693/906 1751/2249/1196
f 1751/2261/1196 1320/1707/906 1319/1704/905 1758/2257/1203
f 1758/2257/1203 1319/1704/905 1307/1703/893 1748/2254/1193
f 1476/3367/1062 1918/2472/1228 1923/2475/1238 1478/3366/1064
f 1478/3366/1064 1923/2475/1238 1933/2479/1231 1479/3365/1065
f 1479/3364/1065 1933/2494/1231 1932/2491/1230 1480/3363/1066
f 1480/3363/1066 1932/2491/1230 1920/2490/1227 1477/3362/1063
f 1711/2212/1220 1228/1646/834 1238/1649/844 1723/2213/1195
f 1723/2213/1195 1238/1649/844 1231/1651/837 1724/2216/1196
f 1724/2201/1196 1231/1641/837 1230/1638/836 1714/2197/1203
f 1714/2197/1203 1230/1638/836 1227/1637/833 1709/2194/1193
f 1288/1677/874 1729/2228/1228 1739/2231/1238 1300/1678/886
f 1300/1678/886 1739/2231/1238 1732/2235/1231 1301/1681/887
f 1301/1668/887 1732/2224/1231 1731/2222/1230 1291/1664/877
f 1291/1664/877 1731/2222/1230 1728/2221/1227 1286/1661/872
f 1804/2326/1156 1364/1775/950 1378/1778/964 1807/2327/1168
f 1807/2327/1168 1378/1778/964 1372/1781/958 1808/2330/1169
f 1808/2342/1169 1372/1770/958 1371/1767/957 1815/2338/1159
f 1815/2338/1159 1371/1767/957 1363/1766/949 1805/2335/1267
f 1324/1709/910 1766/2272/1251 1771/2275/1184 1327/1710/913
f 1327/1710/913 1771/2275/1184 1781/2279/1177 1328/1713/914
f 1328/1725/914 1781/2294/1177 1780/2291/1176 1335/1721/921
f 1335/1721/921 1780/2291/1176 1768/2290/1253 1325/1718/911
f 1345/1749/931 1786/2308/1154 1796/2311/1159 1357/1750/943
f 1357/1750/943 1796/2311/1159 1789/2315/1169 1358/1753/944
f 1358/1741/944 1789/2303/1169 1788/2300/1168 1348/1737/934
f 1348/1737/934 1788/2300/1168 1785/2299/1260 1343/1734/929
f 1382/1789/968 1823/2140/1251 1828/2354/1184 1390/1790/976
f 1390/1790/976 1828/2354/1184 1838/2358/1177 1391/1793/977
f 1391/1803/977 1838/2373/1177 1837/2370/1176 1397/1799/983
f 1397/1799/983 1837/2370/1176 1825/2369/1173 1383/1796/969
f 1861/2400/1173 1421/1842/1007 1435/1845/1021 1864/2401/1176
f 1864/2401/1176 1435/1845/1021 1429/1848/1015 1865/2404/1177
f 1865/2415/1177 1429/1838/1015 1428/1835/1014 1872/2411/1184
f 1872/2411/1184 1428/1835/1014 1420/1834/1006 1862/2409/1282
f 1208/1612/814 1690/2167/1193 1695/2170/1203 1211/1613/817
f 1211/1613/817 1695/2170/1203 1705/2174/1196 1212/1616/818
f 1212/1628/818 1705/2189/1196 1704/2186/1195 1219/1624/825
f 1219/1624/825 1704/2186/1195 1692/2185/1212 1209/1621/815
f 1439/1856/1025 1880/2424/1154 1885/2427/1159 1447/1857/1033
f 1447/1857/1033 1885/2427/1159 1895/2430/1169 1448/1860/1034
f 1448/1869/1034 1895/2443/1169 1894/2440/1168 1454/1865/1040
f 1454/1865/1040 1894/2440/1168 1882/2439/1156 1440/1862/1026
f 1635/2104/1156 1194/3373/800 1197/3372/803 1647/2105/1168
f 1647/2105/1168 1197/3372/803 1196/3371/802 1648/2108/1169
f 1648/2093/1169 1196/3370/802 1195/3369/801 1638/2089/1159
f 1638/2089/1159 1195/3369/801 1193/3368/799 1633/2086/1154
f 1842/2377/1227 1400/1805/986 1405/1808/991 1845/2378/1230
f 1845/2378/1230 1405/1808/991 1415/1811/1001 1846/2381/1231
f 1846/2391/1231 1415/1824/1001 1414/1821/1000 1853/2388/1238
f 1853/2388/1238 1414/1821/1000 1402/1820/988 1843/2385/1228
f 1198/3374/804 1653/2122/1174 1663/2125/1184 1200/3375/806
f 1200/3375/806 1663/2125/1184 1656/2129/1177 1201/3376/807
f 1201/3377/807 1656/2117/1177 1655/2114/1176 1202/3378/808
f 1202/3378/808 1655/2114/1176 1652/2113/1173 1199/3379/805
f 2488/3281/744 1956/2525/1312 1961/2528/1159 2491/3282/756
f 2491/3282/756 1961/2528/1159 1971/2532/1169 2492/3285/757
f 2492/3297/757 1971/2547/1169 1970/2544/1168 2499/3293/747
f 2499/3293/747 1970/2544/1168 1958/2543/1314 2489/3290/742
f 2452/3245/761 2128/2777/1321 2138/2780/1203 2464/3246/764
f 2464/3246/764 2138/2780/1203 2131/2784/1196 2465/3249/765
f 2465/3234/765 2131/2772/1196 2130/2769/1195 2455/3230/772
f 2455/3230/772 2130/2769/1195 2127/2768/1323 2450/3227/762
f 2507/3308/782 1994/2579/1330 1999/2582/1184 2510/3309/794
f 2510/3309/794 1999/2582/1184 2009/2586/1177 2511/3312/795
f 2511/3324/795 2009/2601/1177 2008/2598/1176 2518/3320/785
f 2518/3320/785 2008/2598/1176 1996/2597/1332 2508/3317/780
f 2526/3335/761 1975/2552/1321 1980/2555/1203 2529/3336/764
f 2529/3336/764 1980/2555/1203 1990/2559/1196 2530/3339/765
f 2530/3351/765 1990/2574/1196 1989/2571/1195 2537/3347/772
f 2537/3347/772 1989/2571/1195 1977/2570/1323 2527/3344/762
f 2412/3173/761 2337/3074/1321 2347/3077/1203 2415/3174/764
f 2415/3174/764 2347/3077/1203 2340/3081/1196 2416/3177/765
f 2416/3189/765 2340/3069/1196 2339/3066/1195 2423/3185/772
f 2423/3185/772 2339/3066/1195 2336/3065/1323 2413/3182/762
f 1937/2498/1303 2013/2606/723 2018/2609/728 1940/2499/1230
f 1940/2499/1230 2018/2609/728 2028/2613/738 1941/2502/1231
f 1941/2514/1231 2028/2628/738 2027/2625/737 1948/2510/1238
f 1948/2510/1238 2027/2625/737 2015/2624/725 1938/2507/1304
f 2431/3200/725 2355/3092/1304 2360/3095/1238 2434/3201/737
f 2434/3201/737 2360/3095/1238 2370/3099/1231 2435/3204/738
f 2435/3216/738 2370/3114/1231 2369/3111/1230 2442/3212/728
f 2442/3212/728 2369/3111/1230 2357/3110/1303 2432/3209/723
f 2393/3146/744 2375/3128/1312 2385/3131/1159 2396/3147/756
f 2396/3147/756 2385/3131/1159 2378/3135/1169 2397/3150/757
f 2397/3162/757 2378/3123/1169 2377/3120/1168 2404/3158/747
f 2404/3158/747 2377/3120/1168 2374/3119/1314 2394/3155/742
f 2034/2651/782 2317/3038/1330 2322/3041/1184 2046/2652/794
f 2046/2652/794 2322/3041/1184 2332/3045/1177 2047/2655/795
f 2047/2640/795 2332/3060/1177 2331/3057/1176 2037/2636/785
f 2037/2636/785 2331/3057/1176 2319/3056/1332 2032/2633/780
f 2053/2678/782 2204/2885/1330 2214/2888/1184 2065/2679/794
f 2065/2679/794 2214/2888/1184 2207/2892/1177 2066/2682/795
f 2066/2667/795 2207/2880/1177 2206/2877/1176 2056/2663/785
f 2056/2663/785 2206/2877/1176 2203/2876/1332 2051/2660/780
f 2413/3182/762 2053/2678/782 2067/2681/796 2421/3183/770
f 2421/3183/770 2067/2681/796 2061/2685/790 2422/3186/771
f 2422/3198/771 2061/2673/790 2060/2670/789 2428/3194/777
f 2428/3194/777 2060/2670/789 2052/2669/781 2414/3191/763
f 2186/2867/725 2070/2687/1304 2075/2690/1238 2198/2868/737
f 2198/2868/737 2075/2690/1238 2085/2694/1231 2199/2871/738
f 2199/2856/738 2085/2709/1231 2084/2706/1230 2189/2852/728
f 2189/2852/728 2084/2706/1230 2072/2705/1303 2184/2849/723
f 2432/3209/723 2452/3245/761 2466/3248/766 2440/3210/726
f 2440/3210/726 2466/3248/766 2460/3252/776 2441/3213/727
f 2441/3225/727 2460/3240/776 2459/3237/775 2447/3221/734
f 2447/3221/734 2459/3237/775 2451/3236/763 2433/3218/724
f 2089/2714/1314 2166/2831/742 2176/2834/747 2092/2715/1168
f 2092/2715/1168 2176/2834/747 2169/2838/757 2093/2718/1169
f 2093/2730/1169 2169/2826/757 2168/2823/756 2100/2726/1159
f 2100/2726/1159 2168/2823/756 2165/2822/744 2090/2723/1312
f 2148/2813/782 2108/2741/1330 2113/2744/1184 2160/2814/794
f 2160/2814/794 2113/2744/1184 2123/2748/1177 2161/2817/795
f 2161/2802/795 2123/2763/1177 2122/2760/1176 2151/2798/785
f 2151/2798/785 2122/2760/1176 2110/2759/1332 2146/2795/780
f 2318/3047/1331 2091/2732/1313 2105/2735/1319 2326/3048/1335
f 2326/3048/1335 2105/2735/1319 2099/2739/1316 2327/3051/1336
f 2327/3063/1336 2099/2727/1316 2098/2724/1315 2333/3059/1338
f 2333/3059/1338 2098/2724/1315 2090/2723/1312 2319/3056/1332
f 2071/2696/1305 2338/3083/1322 2352/3086/1328 2079/2697/1309
f 2079/2697/1309 2352/3086/1328 2346/3090/1325 2080/2700/1310
f 2080/2712/1310 2346/3078/1325 2345/3075/1324 2086/2708/1306
f 2086/2708/1306 2345/3075/1324 2337/3074/1321 2072/2705/1303
f 2109/2750/1331 2376/3137/1313 2390/3140/1319 2117/2751/1335
f 2117/2751/1335 2390/3140/1319 2384/3144/1316 2118/2754/1336
f 2118/2766/1336 2384/3132/1316 2383/3129/1315 2124/2762/1338
f 2124/2762/1338 2383/3129/1315 2375/3128/1312 2110/2759/1332
f 2356/3101/1305 2129/2786/1322 2143/2789/1328 2364/3102/1309
f 2364/3102/1309 2143/2789/1328 2137/2793/1325 2365/3105/1310
f 2365/3117/1310 2137/2781/1325 2136/2778/1324 2371/3113/1306
f 2371/3113/1306 2136/2778/1324 2128/2777/1321 2357/3110/1303
f 2222/2903/1313 2356/3101/1305 2366/3104/1311 2225/2904/1317
f 2225/2904/1317 2366/3104/1311 2359/3108/1308 2226/2907/1318
f 2226/2919/1318 2359/3096/1308 2358/3093/1307 2233/2915/1320
f 2233/2915/1320 2358/3093/1307 2355/3092/1304 2223/2912/1314
f 2338/3083/1322 2205/2894/1331 2219/2897/1337 2350/3084/1326
f 2350/3084/1326 2219/2897/1337 2213/2901/1334 2351/3087/1327
f 2351/3072/1327 2213/2889/1334 2212/2886/1333 2341/3068/1329
f 2341/3068/1329 2212/2886/1333 2204/2885/1330 2336/3065/1323
f 2300/3029/744 2224/2921/1312 2238/2924/1159 2312/3030/756
f 2312/3030/756 2238/2924/1159 2232/2928/1169 2313/3033/757
f 2313/3018/757 2232/2916/1169 2231/2913/1168 2303/3014/747
f 2303/3014/747 2231/2913/1168 2223/2912/1314 2298/3011/742
f 2471/3272/761 2241/2930/1321 2246/2933/1203 2483/3273/764
f 2483/3273/764 2246/2933/1203 2256/2937/1196 2484/3276/765
f 2484/3261/765 2256/2952/1196 2255/2949/1195 2474/3257/772
f 2474/3257/772 2255/2949/1195 2243/2948/1323 2469/3254/762
f 2260/2957/1303 2280/2993/723 2290/2996/728 2263/2958/1230
f 2263/2958/1230 2290/2996/728 2283/3000/738 2264/2961/1231
f 2264/2973/1231 2283/2988/738 2282/2985/737 2271/2969/1238
f 2271/2969/1238 2282/2985/737 2279/2984/725 2261/2966/1304
f 2376/3137/1313 2262/2975/1305 2276/2978/1311 2388/3138/1317
f 2388/3138/1317 2276/2978/1311 2270/2982/1308 2389/3141/1318
f 2389/3126/1318 2270/2970/1308 2269/2967/1307 2379/3122/1320
f 2379/3122/1320 2269/2967/1307 2261/2966/1304 2374/3119/1314
f 2242/2939/1322 2318/3047/1331 2328/3050/1337 2250/2940/1326
f 2250/2940/1326 2328/3050/1337 2321/3054/1334 2251/2943/1327
f 2251/2955/1327 2321/3042/1334 2320/3039/1333 2257/2951/1329
f 2257/2951/1329 2320/3039/1333 2317/3038/1330 2243/2948/1323
f 1938/2507/1304 2089/2714/1314 2094/2717/1320 1946/2508/1307
f 1946/2508/1307 2094/2717/1320 2104/2721/1318 1947/2511/1308
f 1947/2523/1308 2104/2736/1318 2103/2733/1317 1953/2519/1311
f 1953/2519/1311 2103/2733/1317 2091/2732/1313 1939/2516/1305
f 2241/2930/1321 1937/2498/1303 1942/2501/1306 2244/2931/1324
f 2244/2931/1324 1942/2501/1306 1952/2505/1310 2245/2934/1325
f 2245/2946/1325 1952/2520/1310 1951/2517/1309 2252/2942/1328
f 2252/2942/1328 1951/2517/1309 1939/2516/1305 2242/2939/1322
f 2014/2615/724 2167/2840/743 2181/2843/753 2022/2616/732
f 2022/2616/732 2181/2843/753 2175/2847/746 2023/2619/733
f 2023/2631/733 2175/2835/746 2174/2832/745 2029/2627/739
f 2029/2627/739 2174/2832/745 2166/2831/742 2015/2624/725
f 2070/2687/1304 1958/2543/1314 1972/2546/1320 2073/2688/1307
f 2073/2688/1307 1972/2546/1320 1966/2550/1318 2074/2691/1308
f 2074/2703/1308 1966/2538/1318 1965/2535/1317 2081/2699/1311
f 2081/2699/1311 1965/2535/1317 1957/2534/1313 2071/2696/1305
f 1956/2525/1312 2203/2876/1332 2208/2879/1338 1959/2526/1315
f 1959/2526/1315 2208/2879/1338 2218/2883/1336 1960/2529/1316
f 1960/2541/1316 2218/2898/1336 2217/2895/1335 1967/2537/1319
f 1967/2537/1319 2217/2895/1335 2205/2894/1331 1957/2534/1313
f 2185/2858/724 2490/3299/743 2504/3302/753 2193/2859/732
f 2193/2859/732 2504/3302/753 2498/3306/746 2194/2862/733
f 2194/2874/733 2498/3294/746 2497/3291/745 2200/2870/739
f 2200/2870/739 2497/3291/745 2489/3290/742 2186/2867/725
f 2224/2921/1312 1996/2597/1332 2010/2600/1338 2236/2922/1315
f 2236/2922/1315 2010/2600/1338 2004/2604/1336 2237/2925/1316
f 2237/2910/1316 2004/2592/1336 2003/2589/1335 2227/2906/1319
f 2227/2906/1319 2003/2589/1335 1995/2588/1331 2222/2903/1313
f 1994/2579/1330 2127/2768/1323 2132/2771/1329 1997/2580/1333
f 1997/2580/1333 2132/2771/1329 2142/2775/1327 1998/2583/1334
f 1998/2595/1334 2142/2790/1327 2141/2787/1326 2005/2591/1337
f 2005/2591/1337 2141/2787/1326 2129/2786/1322 1995/2588/1331
f 2108/2741/1330 1977/2570/1323 1991/2573/1329 2111/2742/1333
f 2111/2742/1333 1991/2573/1329 1985/2577/1327 2112/2745/1334
f 2112/2757/1334 1985/2565/1327 1984/2562/1326 2119/2753/1337
f 2119/2753/1337 1984/2562/1326 1976/2561/1322 2109/2750/1331
f 1975/2552/1321 2260/2957/1303 2265/2960/1306 1978/2553/1324
f 1978/2553/1324 2265/2960/1306 2275/2964/1310 1979/2556/1325
f 1979/2568/1325 2275/2979/1310 2274/2976/1309 1986/2564/1328
f 1986/2564/1328 2274/2976/1309 2262/2975/1305 1976/2561/1322
f 2147/2804/781 2528/3353/763 2542/3356/777 2155/2805/789
f 2155/2805/789 2542/3356/777 2536/3360/771 2156/2808/790
f 2156/2820/790 2536/3348/771 2535/3345/770 2162/2816/796
f 2162/2816/796 2535/3345/770 2527/3344/762 2148/2813/782
f 2299/3020/743 2509/3326/781 2523/3329/791 2307/3021/751
f 2307/3021/751 2523/3329/791 2517/3333/784 2308/3024/752
f 2308/3036/752 2517/3321/784 2516/3318/783 2314/3032/758
f 2314/3032/758 2516/3318/783 2508/3317/780 2300/3029/744
f 2528/3353/763 2281/3002/724 2295/3005/734 2540/3354/775
f 2540/3354/775 2295/3005/734 2289/3009/727 2541/3357/776
f 2541/3342/776 2289/2997/727 2288/2994/726 2531/3338/766
f 2531/3338/766 2288/2994/726 2280/2993/723 2526/3335/761
f 2470/3263/763 2014/2615/724 2024/2618/734 2478/3264/775
f 2478/3264/775 2024/2618/734 2017/2622/727 2479/3267/776
f 2479/3279/776 2017/2610/727 2016/2607/726 2485/3275/766
f 2485/3275/766 2016/2607/726 2013/2606/723 2471/3272/761
f 2469/3254/762 2034/2651/782 2048/2654/796 2472/3255/770
f 2472/3255/770 2048/2654/796 2042/2658/790 2473/3258/771
f 2473/3270/771 2042/2646/790 2041/2643/789 2480/3266/777
f 2480/3266/777 2041/2643/789 2033/2642/781 2470/3263/763
f 2394/3155/742 2279/2984/725 2284/2987/739 2402/3156/745
f 2402/3156/745 2284/2987/739 2294/2991/733 2403/3159/746
f 2403/3171/746 2294/3006/733 2293/3003/732 2409/3167/753
f 2409/3167/753 2293/3003/732 2281/3002/724 2395/3164/743
f 2298/3011/742 2431/3200/725 2436/3203/739 2301/3012/745
f 2301/3012/745 2436/3203/739 2446/3207/733 2302/3015/746
f 2302/3027/746 2446/3222/733 2445/3219/732 2309/3023/753
f 2309/3023/753 2445/3219/732 2433/3218/724 2299/3020/743
f 2146/2795/780 2393/3146/744 2398/3149/758 2149/2796/783
f 2149/2796/783 2398/3149/758 2408/3153/752 2150/2799/784
f 2150/2811/784 2408/3168/752 2407/3165/751 2157/2807/791
f 2157/2807/791 2407/3165/751 2395/3164/743 2147/2804/781
f 2184/2849/723 2412/3173/761 2417/3176/766 2187/2850/726
f 2187/2850/726 2417/3176/766 2427/3180/776 2188/2853/727
f 2188/2865/727 2427/3195/776 2426/3192/775 2195/2861/734
f 2195/2861/734 2426/3192/775 2414/3191/763 2185/2858/724
f 2032/2633/780 2165/2822/744 2170/2825/758 2035/2634/783
f 2035/2634/783 2170/2825/758 2180/2829/752 2036/2637/784
f 2036/2649/784 2180/2844/752 2179/2841/751 2043/2645/791
f 2043/2645/791 2179/2841/751 2167/2840/743 2033/2642/781
f 2509/3326/781 2451/3236/763 2461/3239/777 2521/3327/789
f 2521/3327/789 2461/3239/777 2454/3243/771 2522/3330/790
f 2522/3315/790 2454/3231/771 2453/3228/770 2512/3311/796
f 2512/3311/796 2453/3228/770 2450/3227/762 2507/3308/782
f 2490/3299/743 2052/2669/781 2062/2672/791 2502/3300/751
f 2502/3300/751 2062/2672/791 2055/2676/784 2503/3303/752
f 2503/3288/752 2055/2664/784 2054/2661/783 2493/3284/758
f 2493/3284/758 2054/2661/783 2051/2660/780 2488/3281/744
f 1307/1703/893 1277/3422/868 1117/1504/723 1477/3362/1063
f 1476/3367/1062 1119/1522/725 1246/3409/852 1364/1775/950
f 1116/3434/722 1247/3398/853 1118/1513/724 1276/3433/867
f 1193/3368/799 1138/1549/744 1271/3411/863 1421/1842/1007
f 1272/3420/862 1137/1540/743 1251/3399/853 1115/3435/722
f 1402/1820/988 1252/3408/852 1136/1531/742 1194/3373/800
f 1203/3380/809 1155/1558/761 1281/3423/868 1459/1888/1045
f 1382/1789/968 1257/3386/858 1156/1567/762 1204/3385/810
f 1256/3397/857 1113/3436/722 1282/3432/867 1157/1576/763
f 1439/1856/1025 1267/3410/863 1174/1585/780 1199/3379/805
f 1198/3374/804 1176/1603/782 1261/3387/858 1228/1646/834
f 1175/1594/781 1266/3421/862 1114/3437/722 1262/3396/857
f 1193/3368/799 1421/1842/1007 1861/2400/1173 1633/2086/1154
f 1402/1820/988 1194/3373/800 1635/2104/1156 1843/2385/1228
f 1198/3374/804 1228/1646/834 1711/2212/1220 1653/2122/1174
f 1439/1856/1025 1199/3379/805 1652/2113/1173 1880/2424/1154
f 1203/3380/809 1459/1888/1045 1899/2448/1227 1672/2149/1193
f 1382/1789/968 1204/3385/810 1671/2140/1192 1823/2140/1251
f 1208/1612/814 1400/1805/986 1842/2377/1227 1690/2167/1193
f 1287/1669/873 1597/2056/1149 1615/2071/1152 1210/1629/816
f 1326/1727/912 1362/1757/948 1401/1813/987 1210/1629/816
f 1438/1849/1024 1287/1669/873 1210/1629/816 1419/1826/1005
f 1210/1629/816 1615/2071/1152 1558/2001/1143 1326/1727/912
f 1420/1834/1006 1209/1621/815 1692/2185/1212 1862/2409/1282
f 1227/1637/833 1286/1661/872 1728/2221/1227 1709/2194/1193
f 1381/1782/967 1344/1743/930 1287/1669/873 1229/1652/835
f 1257/3386/858 1382/1789/968 1228/1646/834 1261/3387/858
f 1247/3398/853 1116/3434/722 1115/3435/722 1251/3399/853
f 1252/3408/852 1402/1820/988 1364/1775/950 1246/3409/852
f 1113/3436/722 1256/3397/857 1262/3396/857 1114/3437/722
f 1267/3410/863 1439/1856/1025 1421/1842/1007 1271/3411/863
f 1272/3420/862 1115/3435/722 1114/3437/722 1266/3421/862
f 1116/3434/722 1276/3433/867 1282/3432/867 1113/3436/722
f 1277/3422/868 1307/1703/893 1459/1888/1045 1281/3423/868
f 1344/1743/930 1578/2031/1147 1597/2056/1149 1287/1669/873
f 1288/1677/874 1440/1862/1026 1882/2439/1156 1729/2228/1228
f 1324/1709/910 1305/1686/891 1747/2245/1192 1766/2272/1251
f 1344/1743/930 1457/1871/1043 1306/1695/892 1326/1727/912
f 1307/1703/893 1477/3362/1063 1920/2490/1227 1748/2254/1193
f 1326/1727/912 1558/2001/1143 1578/2031/1147 1344/1743/930
f 1363/1766/949 1325/1718/911 1768/2290/1253 1805/2335/1267
f 1458/1880/1044 1343/1734/929 1785/2299/1260 1900/2457/1291
f 1345/1749/931 1383/1796/969 1825/2369/1173 1786/2308/1154
f 1476/3367/1062 1364/1775/950 1804/2326/1156 1918/2472/1228
f 1577/2024/1146 1481/1895/1067 1500/1920/1086 1595/2038/1148
f 1116/3434/722 1113/3436/722 1483/1913/1069 1540/1986/1126
f 1113/3436/722 1114/3437/722 1501/1929/1087 1483/1913/1069
f 1557/1992/911 1538/1969/1124 1482/1904/1068 1576/2016/1145
f 1596/2047/872 1502/1936/1088 1519/1945/1105 1616/2077/814
f 1114/3437/722 1115/3435/722 1520/1954/1106 1501/1929/1087
f 1614/2063/1151 1521/1961/1107 1539/1978/1125 1559/2008/910
f 1115/3435/722 1116/3434/722 1540/1986/1126 1520/1954/1106
f 1691/2176/1211 1844/2393/1278 1634/2095/1155 1863/2417/1283
f 1710/2203/1219 1730/2237/1229 1881/2237/1288 1654/2131/1175
f 1673/2158/1194 1901/2465/1292 1787/2317/1261 1824/2360/1272
f 1767/2281/1252 1749/2263/1246 1919/2481/1299 1806/2263/1268
f 2241/2930/1321 2471/3272/761 2013/2606/723 1937/2498/1303
f 1938/2507/1304 2015/2624/725 2166/2831/742 2089/2714/1314
f 2091/2732/1313 2318/3047/1331 2242/2939/1322 1939/2516/1305
f 1956/2525/1312 2488/3281/744 2051/2660/780 2203/2876/1332
f 2070/2687/1304 2186/2867/725 2489/3290/742 1958/2543/1314
f 1957/2534/1313 2205/2894/1331 2338/3083/1322 2071/2696/1305
f 1975/2552/1321 2526/3335/761 2280/2993/723 2260/2957/1303
f 2108/2741/1330 2148/2813/782 2527/3344/762 1977/2570/1323
f 2376/3137/1313 2109/2750/1331 1976/2561/1322 2262/2975/1305
f 2224/2921/1312 2300/3029/744 2508/3317/780 1996/2597/1332
f 2222/2903/1313 1995/2588/1331 2129/2786/1322 2356/3101/1305
f 1994/2579/1330 2507/3308/782 2450/3227/762 2127/2768/1323
f 2167/2840/743 2014/2615/724 2470/3263/763 2033/2642/781
f 2317/3038/1330 2034/2651/782 2469/3254/762 2243/2948/1323
f 2090/2723/1312 2165/2822/744 2032/2633/780 2319/3056/1332
f 2336/3065/1323 2204/2885/1330 2053/2678/782 2413/3182/762
f 2052/2669/781 2490/3299/743 2185/2858/724 2414/3191/763
f 2412/3173/761 2184/2849/723 2072/2705/1303 2337/3074/1321
f 2110/2759/1332 2375/3128/1312 2393/3146/744 2146/2795/780
f 2128/2777/1321 2452/3245/761 2432/3209/723 2357/3110/1303
f 2528/3353/763 2147/2804/781 2395/3164/743 2281/3002/724
f 2355/3092/1304 2431/3200/725 2298/3011/742 2223/2912/1314
f 2261/2966/1304 2279/2984/725 2394/3155/742 2374/3119/1314
f 2451/3236/763 2509/3326/781 2299/3020/743 2433/3218/724
o Cube.002
v -77.132156 76.203888 31.009262
v -84.761909 88.304420 31.009262
v -96.862442 80.674667 31.009262
v -89.232689 68.574135 31.009262
v -88.807884 64.293587 29.085539
v -89.833916 65.920845 31.009262
v -91.461174 64.894806 29.085539
v -88.885986 64.417450 29.821716
v -89.108398 64.770195 30.445816
v -89.508705 64.024811 29.085539
v -89.618576 64.164459 29.840166
v -89.766518 64.470886 30.347992
v -90.181030 64.388962 30.196201
v -90.456642 65.528198 30.862827
v -90.984558 65.195328 30.445816
v -89.441269 65.298119 30.862827
v -90.069756 64.880028 30.686098
v -90.519745 64.641556 30.347992
v -90.944656 64.350189 29.085539
v -90.259041 64.044678 29.085539
v -91.337303 64.972908 29.821716
v -90.785324 64.428841 29.840166
v -90.228470 64.179611 29.801876
v -101.142990 80.249863 29.085539
v -99.515732 81.275894 31.009262
v -100.541771 82.903152 29.085539
v -101.019127 80.327965 29.821716
v -100.666382 80.550377 30.445816
v -101.411774 80.950684 29.085539
v -101.272118 81.060555 29.840166
v -100.965698 81.208496 30.347992
v -101.047615 81.623009 30.196201
v -99.908379 81.898621 30.862827
v -100.241249 82.426537 30.445816
v -100.138458 80.883247 30.862827
v -100.556549 81.511734 30.686098
v -100.795013 81.961723 30.347992
v -101.086395 82.386635 29.085539
v -101.391891 81.701019 29.085539
v -100.463669 82.779282 29.821716
v -101.007736 82.227303 29.840166
v -101.256973 81.670448 29.801876
v -73.452827 73.975403 29.085539
v -72.851608 76.628693 29.085539
v -74.478867 75.602661 31.009262
v -72.908203 74.491920 29.085539
v -72.602707 75.177536 29.085539
v -73.530930 74.099274 29.821716
v -72.986862 74.651253 29.840166
v -72.737625 75.208107 29.801876
v -72.946983 75.255547 30.196201
v -72.975471 76.550591 29.821716
v -73.328217 76.328178 30.445816
v -72.582825 75.927872 29.085539
v -72.722481 75.818001 29.840166
v -73.028900 75.670059 30.347992
v -74.086220 74.979935 30.862827
v -73.753349 74.452019 30.445816
v -73.856140 75.995308 30.862827
v -73.438049 75.366821 30.686098
v -73.199585 74.916832 30.347992
v -85.186714 92.584969 29.085539
v -84.160683 90.957710 31.009262
v -82.533424 91.983749 29.085539
v -85.108612 92.461105 29.821716
v -84.886200 92.108360 30.445816
v -84.485893 92.853745 29.085539
v -84.376022 92.714096 29.840166
v -84.228081 92.407669 30.347992
v -83.813568 92.489594 30.196201
v -83.537956 91.350357 30.862827
v -83.010040 91.683228 30.445816
v -84.553329 91.580437 30.862827
v -83.924843 91.998528 30.686098
v -83.474854 92.237000 30.347992
v -83.049942 92.528366 29.085539
v -83.735558 92.833878 29.085539
v -82.657295 91.905647 29.821716
v -83.209274 92.449715 29.840166
v -83.766129 92.698944 29.801876
v -100.541771 82.903152 25.148283
v -101.142990 80.249863 25.148283
v -101.086395 82.386635 25.148283
v -101.391891 81.701019 25.148283
v -101.411774 80.950684 25.148283
v -82.533424 91.983749 25.148283
v -85.186714 92.584969 25.148283
v -83.049942 92.528366 25.148283
v -83.735558 92.833878 25.148283
v -84.485893 92.853745 25.148283
v -73.452827 73.975403 25.148283
v -72.851608 76.628693 25.148283
v -72.908203 74.491920 25.148283
v -72.602707 75.177536 25.148283
v -72.582825 75.927872 25.148283
v -98.489700 79.648636 23.224560
v -97.888474 82.301926 23.224560
v -94.209152 80.073448 25.148285
v -97.945076 80.165154 23.224560
v -97.639572 80.850761 23.224560
v -97.665001 79.995514 23.960739
v -97.360321 80.360741 23.934803
v -97.213882 80.754303 23.916655
v -96.862442 80.674667 24.330896
v -97.293861 81.633438 23.960737
v -96.385826 80.975189 24.584839
v -97.619698 81.601105 23.224560
v -97.176376 81.172554 23.934803
v -96.646904 80.810577 24.503475
v -95.348389 80.225426 25.001850
v -96.561920 80.198059 24.584839
v -95.302628 80.427391 25.001850
v -96.050629 80.490715 24.789005
v -96.726540 80.459129 24.503475
v -83.134651 89.330460 23.224560
v -82.533424 91.983749 27.072006
v -82.108612 87.703201 25.148285
v -82.590027 89.846970 24.107174
v -82.284523 90.532585 25.148285
v -83.056549 89.206589 23.960739
v -82.533859 89.709274 24.559694
v -82.188736 90.228119 25.148285
v -82.198814 89.920532 25.148285
v -82.186546 91.159050 26.335831
v -81.984009 90.055969 25.711731
v -82.264648 91.282921 26.189396
v -82.125229 90.662750 25.736876
v -82.052826 90.012573 25.403091
v -82.501259 88.325920 25.001850
v -82.834129 88.853844 24.584839
v -81.956642 88.842438 25.294720
v -82.219933 89.211388 25.148285
v -82.413307 89.484055 24.893478
v -92.487206 66.522064 29.085539
v -90.859947 67.548096 31.009262
v -92.363342 66.600166 29.821716
v -92.010590 66.822586 30.445818
v -91.482674 67.155457 30.862829
v -98.489700 79.648636 31.009262
v -100.116959 78.622604 29.085539
v -99.112427 79.255989 30.862829
v -99.640343 78.923119 30.445818
v -99.993088 78.700706 29.821716
v -75.504898 77.229919 31.009262
v -73.877640 78.255951 29.085539
v -74.882172 77.622566 30.862829
v -74.354256 77.955437 30.445818
v -74.001511 78.177849 29.821716
v -81.507393 90.356491 29.085539
v -83.134651 89.330460 31.009262
v -81.631256 90.278389 29.821716
v -81.984009 90.055969 30.445818
v -82.511925 89.723099 30.862829
v -85.787941 89.931679 31.009262
v -86.813972 91.558937 29.085539
v -86.180588 90.554405 30.862829
v -86.513458 91.082321 30.445818
v -86.735870 91.435066 29.821716
v -98.914513 83.929184 29.085539
v -97.888474 82.301926 31.009262
v -98.836411 83.805313 29.821716
v -98.613991 83.452576 30.445818
v -98.281128 82.924652 30.862829
v -88.206657 66.946877 31.009262
v -87.180626 65.319618 29.085539
v -87.814011 66.324150 30.862829
v -87.481140 65.796234 30.445818
v -87.258728 65.443489 29.821716
v -75.080086 72.949371 29.085539
v -76.106125 74.576630 31.009262
v -75.158188 73.073242 29.821716
v -75.380608 73.425980 30.445818
v -75.713470 73.953903 30.862829
v -83.134651 89.330460 23.224560
v -85.363129 85.651131 25.148285
v -85.787941 89.931679 23.224560
v -83.803139 88.735840 23.960739
v -84.461388 87.827805 24.584839
v -83.835472 89.061676 23.224560
v -84.264023 88.618347 23.934803
v -84.626007 88.088882 24.503479
v -84.761909 88.304420 24.330896
v -85.211151 86.790367 25.001850
v -85.238518 88.003899 24.584839
v -85.009186 86.744598 25.001850
v -84.945862 87.492607 24.789005
v -84.977448 88.168518 24.503475
v -85.271423 89.387054 23.224560
v -84.585815 89.081551 23.224560
v -85.441055 89.106979 23.960737
v -85.075836 88.802307 23.934803
v -84.682274 88.655861 23.916655
v -88.206657 66.946877 23.224560
v -86.579399 67.972908 25.148285
v -88.807877 64.293587 27.072006
v -88.082787 67.024979 23.960739
v -87.730042 67.247398 24.584839
v -87.937881 66.246048 24.107174
v -87.827843 66.346092 24.559694
v -87.621986 66.497345 24.893478
v -87.616585 66.011040 25.148285
v -86.933350 66.879440 25.294720
v -87.481140 65.796234 25.711731
v -87.202126 67.580261 25.001850
v -87.329964 66.660019 25.148285
v -87.524536 65.865059 25.403091
v -88.263260 64.810097 26.189396
v -87.957756 65.495712 25.148285
v -88.139389 64.888199 26.335831
v -87.870132 65.309601 25.736876
v -87.740074 65.729156 25.148285
v -88.206657 66.946877 23.224560
v -90.859947 67.548096 23.224560
v -88.631470 71.227425 25.148285
v -88.723175 67.491501 23.224560
v -89.408783 67.797005 23.224560
v -88.553543 67.771576 23.960739
v -88.918762 68.076248 23.934803
v -89.312325 68.222694 23.916655
v -89.232689 68.574135 24.330896
v -90.191460 68.142715 23.960737
v -89.533211 69.050751 24.584839
v -90.159126 67.816879 23.224560
v -89.730576 68.260208 23.934803
v -89.368591 68.789673 24.503475
v -88.783447 70.088188 25.001850
v -88.756081 68.874657 24.584839
v -88.985413 70.133957 25.001850
v -89.048737 69.385948 24.789005
v -89.017151 68.710037 24.503475
v -76.106125 74.576630 23.224560
v -79.785446 76.805107 25.148285
v -75.504898 77.229919 23.224560
v -76.700737 75.245117 23.960737
v -77.608772 75.903366 24.584839
v -76.374901 75.277451 23.224560
v -76.818222 75.706001 23.934803
v -77.347694 76.067978 24.503475
v -77.132156 76.203888 24.330894
v -78.646210 76.653130 25.001850
v -77.432678 76.680496 24.584839
v -78.691971 76.451164 25.001850
v -77.943970 76.387840 24.789005
v -77.268059 76.419426 24.503475
v -76.049522 76.713402 23.224560
v -76.355026 76.027794 23.224560
v -76.329597 76.883041 23.960737
v -76.634277 76.517815 23.934803
v -76.780716 76.124252 23.916655
v -91.885986 69.175354 25.148283
v -90.859947 67.548096 23.224560
v -91.461174 64.894806 27.072006
v -91.493340 68.552635 25.001846
v -91.160469 68.024712 24.584835
v -92.037956 68.036118 25.294720
v -91.774666 67.667168 25.148283
v -91.581291 67.394501 24.893475
v -91.795784 66.958023 25.148285
v -91.404572 67.031586 24.107172
v -91.710075 66.345970 25.148285
v -90.938049 67.671967 23.960735
v -91.460739 67.169281 24.559692
v -91.805862 66.650436 25.148285
v -91.808052 65.719498 26.335831
v -92.010590 66.822586 25.711731
v -91.729950 65.595634 26.189396
v -91.869370 66.215805 25.736876
v -91.941772 66.865982 25.403091
v -76.530930 78.857178 25.148283
v -72.851608 76.628700 27.072006
v -75.504898 77.229919 23.224560
v -75.437462 78.503227 25.294720
v -74.354256 77.955437 25.711731
v -76.138290 78.234451 25.001848
v -75.218040 78.106613 25.148283
v -74.423080 77.912041 25.403091
v -74.569061 77.819992 25.148285
v -73.368118 77.173317 26.189396
v -74.053734 77.478821 25.148285
v -73.446220 77.297188 26.335831
v -73.867622 77.566444 25.736876
v -74.287170 77.696503 25.148285
v -75.583000 77.353790 23.960737
v -75.805420 77.706535 24.584839
v -74.804070 77.498695 24.107174
v -74.904114 77.608734 24.559692
v -75.055367 77.814590 24.893476
v -98.489700 79.648636 23.224560
v -97.463669 78.021378 25.148285
v -101.142990 80.249855 27.072006
v -98.411598 79.524765 23.960739
v -98.189178 79.172020 24.584839
v -99.190529 79.379860 24.107174
v -99.090485 79.269821 24.559694
v -98.939232 79.063965 24.893478
v -99.425537 79.058563 25.148285
v -98.557137 78.375328 25.294720
v -99.640343 78.923119 25.711731
v -97.856308 78.644104 25.001850
v -98.776558 78.771942 25.148285
v -99.571518 78.966515 25.403091
v -100.626480 79.705238 26.189396
v -99.940865 79.399734 25.148285
v -100.548378 79.581367 26.335831
v -100.126976 79.312111 25.736876
v -99.707428 79.182053 25.148285
v -96.261223 83.327965 25.148283
v -97.888474 82.301926 23.224560
v -100.541763 82.903152 27.072006
v -96.883942 82.935318 25.001846
v -97.411865 82.602448 24.584835
v -97.400459 83.479935 25.294720
v -97.769409 83.216644 25.148283
v -98.042068 83.023270 24.893475
v -98.478546 83.237762 25.148285
v -98.404991 82.846550 24.107172
v -99.090607 83.152054 25.148285
v -97.764610 82.380028 23.960735
v -98.267288 82.902718 24.559692
v -98.786133 83.247849 25.148285
v -99.717072 83.250031 26.335831
v -98.613998 83.452568 25.711731
v -99.840942 83.171928 26.189396
v -99.220772 83.311348 25.736876
v -98.570595 83.383751 25.403091
v -87.415199 88.905647 25.148283
v -85.186722 92.584969 27.072006
v -85.787941 89.931679 23.224560
v -87.061249 89.999115 25.294720
v -86.513458 91.082321 25.711731
v -86.792473 89.298294 25.001848
v -86.664635 90.218536 25.148283
v -86.470062 91.013496 25.403091
v -86.378014 90.867516 25.148285
v -85.731339 92.068459 26.189396
v -86.036842 91.382843 25.148285
v -85.855209 91.990356 26.335831
v -86.124466 91.568954 25.736876
v -86.254524 91.149399 25.148285
v -85.911812 89.853577 23.960737
v -86.264557 89.631157 24.584839
v -86.056717 90.632507 24.107174
v -86.166756 90.532463 24.559692
v -86.372612 90.381210 24.893476
v -77.733376 73.550591 25.148283
v -76.106125 74.576630 23.224560
v -73.452835 73.975403 27.072006
v -77.110657 73.943237 25.001846
v -76.582733 74.276108 24.584835
v -76.594139 73.398621 25.294720
v -76.225189 73.661911 25.148283
v -75.952530 73.855286 24.893475
v -75.516052 73.640793 25.148285
v -75.589607 74.032005 24.107172
v -74.903992 73.726501 25.148285
v -76.229988 74.498528 23.960735
v -75.727310 73.975838 24.559692
v -75.208466 73.630707 25.148285
v -74.277527 73.628525 26.335831
v -75.380600 73.425987 25.711731
v -74.153656 73.706627 26.189396
v -74.773827 73.567207 25.736876
v -75.424004 73.494804 25.403091
v -91.461174 64.894806 25.148283
v -88.807884 64.293587 25.148283
v -90.944656 64.350189 25.148283
v -90.259041 64.044678 25.148283
v -89.508705 64.024811 25.148283
v -81.290398 78.540886 29.085539
v -81.891617 75.887596 29.085539
v -77.611069 76.312401 31.009262
v -81.021614 77.840057 29.085539
v -81.041489 77.089722 29.085539
v -80.695778 77.872391 29.821716
v -80.578293 77.411507 29.795784
v -80.615807 76.993263 29.777636
v -80.264359 76.913628 30.191875
v -81.066925 76.234474 29.821716
v -79.963844 76.437019 30.445818
v -81.346992 76.404106 29.085539
v -80.762245 76.599701 29.795784
v -80.128456 76.698090 30.364454
v -78.704544 76.666351 30.862829
v -79.787750 77.214142 30.445818
v -78.750305 76.464378 30.862829
v -79.452545 76.729675 30.649984
v -80.048820 77.049530 30.364456
v -84.445618 83.544960 29.085539
v -84.870422 87.825508 31.009262
v -87.098907 84.146179 29.085539
v -84.792496 84.369652 29.821716
v -84.995041 85.472733 30.445818
v -84.962128 84.089584 29.085539
v -85.157722 84.674332 29.795784
v -85.256111 85.308121 30.364454
v -85.471649 85.172218 30.191875
v -85.224373 86.732033 30.862829
v -85.772163 85.648827 30.445818
v -85.022400 86.686272 30.862829
v -85.287697 85.984032 30.649984
v -85.607552 85.387756 30.364456
v -86.398079 84.414963 29.085539
v -85.647743 84.395088 29.085539
v -86.430412 84.740799 29.821716
v -85.969528 84.858284 29.795784
v -85.551285 84.820770 29.777636
v -92.102982 80.990959 29.085539
v -96.383530 80.566154 31.009262
v -92.704201 78.337669 29.085539
v -92.927673 80.644081 29.821716
v -94.030754 80.441536 30.445818
v -92.647606 80.474449 29.085539
v -93.232353 80.278854 29.795784
v -93.866142 80.180466 30.364454
v -93.730240 79.964928 30.191875
v -95.290054 80.212204 30.862829
v -94.206848 79.664413 30.445818
v -95.244293 80.414177 30.862829
v -94.542053 80.148880 30.649984
v -93.945778 79.829025 30.364456
v -92.972984 79.038498 29.085539
v -92.953110 79.788834 29.085539
v -93.298820 79.006165 29.821716
v -93.416306 79.467049 29.795784
v -93.378792 79.885292 29.777636
v -86.895691 72.732376 29.085539
v -89.548981 73.333595 29.085539
v -89.124176 69.053047 31.009262
v -87.596519 72.463593 29.085539
v -88.346855 72.483467 29.085539
v -87.564186 72.137756 29.821716
v -88.025070 72.020271 29.795784
v -88.443314 72.057785 29.777636
v -88.522949 71.706337 30.191875
v -89.202103 72.508904 29.821716
v -88.999557 71.405823 30.445818
v -89.032471 72.788971 29.085539
v -88.836876 72.204224 29.795784
v -88.738487 71.570435 30.364454
v -88.770226 70.146523 30.862829
v -88.222435 71.229729 30.445818
v -88.972198 70.192284 30.862829
v -88.706902 70.894524 30.649984
v -88.387047 71.490799 30.364456
v -86.895691 72.732376 27.072008
v -89.124176 69.053047 25.148285
v -89.548981 73.333595 27.072008
v -87.564186 72.137756 26.335831
v -88.222435 71.229729 25.711729
v -87.596519 72.463593 27.072008
v -88.025070 72.020271 26.361765
v -88.387047 71.490799 25.793091
v -88.522949 71.706337 25.965672
v -88.972198 70.192284 25.294718
v -88.999557 71.405823 25.711729
v -88.770226 70.146523 25.294718
v -88.706902 70.894524 25.507561
v -88.738487 71.570435 25.793091
v -89.032471 72.788971 27.072008
v -88.346855 72.483467 27.072008
v -89.202103 72.508904 26.335831
v -88.836876 72.204224 26.361765
v -88.443314 72.057785 26.379913
v -81.891617 75.887596 27.072008
v -81.290398 78.540886 27.072008
v -77.611069 76.312401 25.148285
v -81.346992 76.404106 27.072008
v -81.041489 77.089722 27.072008
v -81.066925 76.234474 26.335831
v -80.762245 76.599701 26.361765
v -80.615807 76.993263 26.379913
v -80.264359 76.913628 25.965672
v -80.695778 77.872391 26.335831
v -79.787750 77.214142 25.711729
v -81.021614 77.840057 27.072008
v -80.578293 77.411507 26.361765
v -80.048820 77.049530 25.793091
v -78.750305 76.464378 25.294718
v -79.963844 76.437019 25.711729
v -78.704544 76.666351 25.294718
v -79.452545 76.729675 25.507561
v -80.128456 76.698090 25.793091
v -84.445618 83.544960 27.072008
v -87.098907 84.146179 27.072008
v -84.870422 87.825508 25.148285
v -84.962128 84.089584 27.072008
v -85.647743 84.395088 27.072008
v -84.792496 84.369652 26.335831
v -85.157722 84.674332 26.361765
v -85.551285 84.820770 26.379913
v -85.471649 85.172218 25.965672
v -86.430412 84.740799 26.335831
v -85.772163 85.648827 25.711729
v -86.398079 84.414963 27.072008
v -85.969528 84.858284 26.361765
v -85.607552 85.387756 25.793091
v -85.022400 86.686272 25.294718
v -84.995041 85.472733 25.711729
v -85.224373 86.732033 25.294718
v -85.287697 85.984032 25.507561
v -85.256111 85.308121 25.793091
v -92.704201 78.337669 27.072008
v -96.383530 80.566154 25.148285
v -92.102982 80.990959 27.072008
v -93.298820 79.006165 26.335831
v -94.206848 79.664413 25.711729
v -92.972984 79.038498 27.072008
v -93.416306 79.467049 26.361765
v -93.945778 79.829025 25.793091
v -93.730240 79.964928 25.965672
v -95.244293 80.414177 25.294718
v -94.030754 80.441536 25.711729
v -95.290054 80.212204 25.294718
v -94.542053 80.148880 25.507561
v -93.866142 80.180466 25.793091
v -92.647606 80.474449 27.072008
v -92.953110 79.788834 27.072008
v -92.927673 80.644081 26.335831
v -93.232353 80.278854 26.361765
v -93.378792 79.885292 26.379913
v -100.541771 82.903152 22.754038
v -99.515732 81.275894 20.830315
v -101.142990 80.249863 22.754038
v -100.463669 82.779282 22.017860
v -100.241249 82.426537 21.393761
v -101.086395 82.386635 22.754038
v -101.007736 82.227303 21.999413
v -100.795013 81.961723 21.491585
v -101.047615 81.623009 21.643375
v -100.138458 80.883247 20.976749
v -100.666382 80.550377 21.393761
v -99.908379 81.898621 20.976749
v -100.556549 81.511734 21.153479
v -100.965698 81.208496 21.491585
v -101.411774 80.950684 22.754038
v -101.391891 81.701019 22.754038
v -101.019127 80.327965 22.017860
v -101.272118 81.060555 21.999413
v -101.256973 81.670448 22.037701
v -85.186714 92.584969 22.754038
v -82.533424 91.983749 22.754038
v -84.160683 90.957710 20.830315
v -84.485893 92.853745 22.754038
v -83.735558 92.833878 22.754038
v -85.108612 92.461105 22.017860
v -84.376022 92.714096 21.999413
v -83.766129 92.698944 22.037701
v -83.813568 92.489594 21.643375
v -82.657295 91.905647 22.017860
v -83.010040 91.683228 21.393761
v -83.049942 92.528366 22.754038
v -83.209274 92.449715 21.999413
v -83.474854 92.237000 21.491585
v -84.553329 91.580437 20.976749
v -84.886200 92.108360 21.393761
v -83.537956 91.350357 20.976749
v -83.924843 91.998528 21.153479
v -84.228081 92.407669 21.491585
v -72.851608 76.628693 22.754038
v -73.452827 73.975403 22.754038
v -74.478867 75.602661 20.830315
v -72.582825 75.927872 22.754038
v -72.602707 75.177536 22.754038
v -72.975471 76.550591 22.017860
v -72.722481 75.818001 21.999413
v -72.737625 75.208107 22.037701
v -72.946983 75.255547 21.643375
v -73.530930 74.099274 22.017860
v -73.753349 74.452019 21.393761
v -72.908203 74.491920 22.754038
v -72.986862 74.651253 21.999413
v -73.199585 74.916832 21.491587
v -73.856140 75.995308 20.976749
v -73.328217 76.328178 21.393761
v -74.086220 74.979935 20.976749
v -73.438049 75.366821 21.153481
v -73.028900 75.670059 21.491587
v -98.489700 79.648636 22.754040
v -99.515732 81.275894 20.830315
v -97.888474 82.301926 22.754040
v -98.567802 79.772507 22.017862
v -98.790222 80.125252 21.393761
v -97.945076 80.165154 22.754040
v -98.023727 80.324486 21.999413
v -98.236450 80.590065 21.491589
v -97.983856 80.928780 21.643377
v -98.893005 81.668541 20.976751
v -98.365089 82.001411 21.393761
v -99.123085 80.653168 20.976751
v -98.474915 81.040047 21.153481
v -98.065773 81.343292 21.491589
v -97.619698 81.601097 22.754040
v -97.639572 80.850761 22.754040
v -98.012344 82.223824 22.017862
v -97.759354 81.491234 21.999413
v -97.774498 80.881340 22.037703
v -83.134651 89.330460 22.754040
v -84.160683 90.957710 20.830315
v -82.533424 91.983749 22.754040
v -83.212753 89.454323 22.017862
v -83.435165 89.807068 21.393761
v -82.590027 89.846970 22.754040
v -82.668678 90.006302 21.999413
v -82.881401 90.271881 21.491589
v -82.628807 90.610596 21.643377
v -83.537956 91.350357 20.976751
v -83.010040 91.683228 21.393761
v -83.768036 90.334991 20.976751
v -83.119865 90.721870 21.153481
v -82.710724 91.025108 21.491589
v -82.264648 91.282921 22.754040
v -82.284523 90.532585 22.754040
v -82.657295 91.905647 22.017862
v -82.404297 91.173050 21.999413
v -82.419449 90.563156 22.037703
v -83.134651 89.330460 22.754040
v -85.787941 89.931679 22.754038
v -84.160683 90.957710 20.830315
v -83.835480 89.061676 22.754040
v -84.585815 89.081551 22.754038
v -83.212753 89.454323 22.017862
v -83.945343 89.201332 21.999413
v -84.555237 89.216476 22.037701
v -84.507797 89.425835 21.643377
v -85.664070 90.009781 22.017860
v -85.311325 90.232193 21.393761
v -85.271423 89.387054 22.754038
v -85.112091 89.465714 21.999413
v -84.846512 89.678429 21.491587
v -83.768036 90.334991 20.976749
v -83.435165 89.807068 21.393761
v -84.783409 90.565063 20.976749
v -84.396530 89.916893 21.153481
v -84.093285 89.507751 21.491587
v -88.206657 66.946877 22.754040
v -88.807877 64.293587 22.754038
v -89.833916 65.920845 20.830315
v -87.937881 66.246048 22.754040
v -87.957756 65.495712 22.754038
v -88.330528 66.868774 22.017862
v -88.077530 66.136185 21.999413
v -88.092682 65.526291 22.037701
v -88.302032 65.573730 21.643377
v -88.885979 64.417450 22.017860
v -89.108398 64.770203 21.393761
v -88.263260 64.810097 22.754038
v -88.341911 64.969437 21.999413
v -88.554634 65.235016 21.491587
v -89.211189 66.313492 20.976749
v -88.683273 66.646355 21.393761
v -89.441269 65.298119 20.976749
v -88.793098 65.684998 21.153481
v -88.383957 65.988235 21.491587
v -88.206657 66.946877 22.754040
v -89.833916 65.920845 20.830315
v -90.859947 67.548096 22.754040
v -88.330528 66.868774 22.017862
v -88.683273 66.646362 21.393761
v -88.723175 67.491501 22.754040
v -88.882507 67.412842 21.999413
v -89.148087 67.200127 21.491589
v -89.486801 67.452721 21.643377
v -90.226562 66.543564 20.976751
v -90.559433 67.071487 21.393761
v -89.211189 66.313492 20.976751
v -89.598068 66.961662 21.153481
v -89.901314 67.370804 21.491589
v -90.159119 67.816879 22.754040
v -89.408783 67.797005 22.754040
v -90.781845 67.424232 22.017862
v -90.049255 67.677223 21.999413
v -89.439362 67.662079 22.037703
v -76.106125 74.576630 22.754040
v -75.504898 77.229919 22.754038
v -74.478867 75.602661 20.830315
v -76.374901 75.277458 22.754040
v -76.355026 76.027794 22.754040
v -75.982254 74.654732 22.017862
v -76.235245 75.387321 21.999413
v -76.220100 75.997215 22.037701
v -76.010742 75.949776 21.643377
v -75.426796 77.106049 22.017860
v -75.204376 76.753304 21.393761
v -76.049522 76.713402 22.754038
v -75.970871 76.554070 21.999413
v -75.758148 76.288490 21.491587
v -75.101593 75.210014 20.976749
v -75.629509 74.877144 21.393761
v -74.871513 76.225388 20.976749
v -75.519684 75.838509 21.153481
v -75.928825 75.535263 21.491587
v -91.461174 64.894806 22.754038
v -90.859947 67.548096 22.754038
v -89.833916 65.920845 20.830315
v -91.729950 65.595634 22.754038
v -91.710075 66.345970 22.754038
v -91.337303 64.972908 22.017860
v -91.590302 65.705505 21.999413
v -91.575150 66.315399 22.037701
v -91.365791 66.267960 21.643375
v -90.781845 67.424232 22.017860
v -90.559433 67.071487 21.393761
v -91.404572 67.031586 22.754038
v -91.325920 66.872253 21.999413
v -91.113197 66.606674 21.491585
v -90.456642 65.528198 20.976749
v -90.984558 65.195328 21.393761
v -90.226562 66.543564 20.976749
v -90.874733 66.156685 21.153479
v -91.283875 65.853447 21.491585
v -72.851608 76.628700 22.754038
v -74.478867 75.602661 20.830315
v -75.504898 77.229919 22.754038
v -72.975479 76.550598 22.017860
v -73.328217 76.328178 21.393761
v -73.368118 77.173317 22.754038
v -73.527451 77.094666 21.999413
v -73.793030 76.881943 21.491585
v -74.131744 77.134537 21.643375
v -74.871506 76.225388 20.976749
v -75.204376 76.753304 21.393761
v -73.856140 75.995308 20.976749
v -74.243019 76.643478 21.153479
v -74.546265 77.052620 21.491585
v -74.804070 77.498695 22.754038
v -74.053734 77.478821 22.754038
v -75.426796 77.106049 22.017860
v -74.694206 77.359047 21.999413
v -74.084305 77.343895 22.037701
v -98.489700 79.648636 22.754040
v -101.142990 80.249855 22.754038
v -99.515732 81.275894 20.830315
v -99.190529 79.379860 22.754040
v -99.940865 79.399734 22.754038
v -98.567802 79.772507 22.017862
v -99.300392 79.519508 21.999413
v -99.910294 79.534660 22.037701
v -99.862854 79.744019 21.643377
v -101.019119 80.327957 22.017860
v -100.666382 80.550377 21.393761
v -100.626480 79.705238 22.754038
v -100.467148 79.783890 21.999413
v -100.201569 79.996613 21.491587
v -99.123093 80.653168 20.976749
v -98.790222 80.125252 21.393761
v -100.138458 80.883247 20.976749
v -99.751579 80.235077 21.153481
v -99.448334 79.825935 21.491587
v -100.541763 82.903152 22.754038
v -97.888474 82.301926 22.754038
v -99.515732 81.275894 20.830315
v -99.840942 83.171928 22.754038
v -99.090607 83.152054 22.754038
v -100.463669 82.779282 22.017860
v -99.731079 83.032272 21.999413
v -99.121178 83.017128 22.037701
v -99.168617 82.807770 21.643375
v -98.012344 82.223824 22.017860
v -98.365089 82.001411 21.393761
v -98.404991 82.846550 22.754038
v -98.564323 82.767899 21.999413
v -98.829903 82.555176 21.491585
v -99.908379 81.898621 20.976749
v -100.241249 82.426537 21.393761
v -98.893005 81.668541 20.976749
v -99.279892 82.316711 21.153479
v -99.583130 82.725853 21.491585
v -85.186722 92.584969 22.754038
v -84.160683 90.957710 20.830315
v -85.787941 89.931679 22.754038
v -85.108620 92.461105 22.017860
v -84.886200 92.108353 21.393761
v -85.731339 92.068459 22.754038
v -85.652687 91.909119 21.999413
v -85.439964 91.643539 21.491585
v -85.692566 91.304825 21.643375
v -84.783409 90.565063 20.976749
v -85.311325 90.232201 21.393761
v -84.553329 91.580437 20.976749
v -85.201500 91.193558 21.153479
v -85.610641 90.890320 21.491585
v -86.056717 90.632507 22.754038
v -86.036842 91.382843 22.754038
v -85.664070 90.009781 22.017860
v -85.917068 90.742371 21.999413
v -85.901917 91.352264 22.037701
v -73.452835 73.975403 22.754038
v -76.106125 74.576630 22.754038
v -74.478867 75.602661 20.830315
v -74.153656 73.706627 22.754038
v -74.903992 73.726501 22.754038
v -73.530930 74.099274 22.017860
v -74.263519 73.846283 21.999413
v -74.873421 73.861427 22.037701
v -74.825981 74.070786 21.643375
v -75.982254 74.654732 22.017860
v -75.629509 74.877144 21.393761
v -75.589607 74.032005 22.754038
v -75.430275 74.110657 21.999413
v -75.164696 74.323380 21.491585
v -74.086220 74.979935 20.976749
v -73.753349 74.452019 21.393761
v -75.101593 75.210014 20.976749
v -74.714706 74.561844 21.153479
v -74.411469 74.152702 21.491585
v -91.461174 64.894806 22.754038
v -89.833916 65.920845 20.830315
v -88.807884 64.293587 22.754038
v -91.337303 64.972908 22.017860
v -90.984558 65.195328 21.393761
v -90.944656 64.350189 22.754038
v -90.785324 64.428841 21.999413
v -90.519745 64.641556 21.491585
v -90.181030 64.388962 21.643375
v -89.441269 65.298119 20.976749
v -89.108398 64.770195 21.393761
v -90.456642 65.528198 20.976749
v -90.069756 64.880028 21.153479
v -89.766518 64.470886 21.491585
v -89.508705 64.024811 22.754038
v -90.259041 64.044678 22.754038
v -88.885986 64.417450 22.017860
v -89.618576 64.164459 21.999413
v -90.228470 64.179611 22.037701
v -89.027061 63.326305 1.923723
v -91.680351 63.927528 1.923723
v -90.053093 64.953560 0.000000
v -89.727890 63.057526 1.923722
v -90.478226 63.077400 1.923722
v -89.105164 63.450172 1.187546
v -89.837753 63.197182 1.169096
v -90.447647 63.212326 1.207385
v -90.400208 63.421684 0.813061
v -91.556480 64.005630 1.187546
v -91.203735 64.228043 0.563445
v -91.163834 63.382904 1.923722
v -91.004501 63.461559 1.169096
v -90.738922 63.674278 0.661270
v -89.660446 64.330841 0.146434
v -89.327576 63.802917 0.563445
v -90.675819 64.560913 0.146434
v -90.288940 63.912743 0.323163
v -89.985695 63.503601 0.661270
v -101.509048 83.122330 1.923723
v -100.483017 81.495071 0.000000
v -102.110268 80.469040 1.923723
v -101.430946 82.998459 1.187546
v -101.208527 82.645714 0.563445
v -102.053665 82.605812 1.923722
v -101.975014 82.446480 1.169096
v -101.762291 82.180901 0.661270
v -102.014893 81.842186 0.813061
v -101.105736 81.102425 0.146434
v -101.633652 80.769554 0.563445
v -100.875656 82.117798 0.146434
v -101.523827 81.730919 0.323163
v -101.932968 81.427673 0.661270
v -102.379044 81.169861 1.923722
v -102.359169 81.920197 1.923722
v -101.986404 80.547142 1.187546
v -102.239395 81.279732 1.169096
v -102.224243 81.889626 1.207385
v -72.485550 73.756226 1.923723
v -73.511581 75.383476 0.000000
v -71.884323 76.409515 1.923723
v -72.563652 73.880089 1.187546
v -72.786072 74.232834 0.563445
v -71.940926 74.272736 1.923722
v -72.019585 74.432068 1.169096
v -72.232300 74.697647 0.661270
v -71.979706 75.036362 0.813061
v -72.888855 75.776123 0.146434
v -72.360939 76.108994 0.563445
v -73.118935 74.760757 0.146434
v -72.470764 75.147636 0.323163
v -72.061623 75.450874 0.661270
v -71.615547 75.708687 1.923722
v -71.635422 74.958351 1.923722
v -72.008194 76.331413 1.187546
v -71.755203 75.598824 1.169096
v -71.770348 74.988922 1.207385
v -82.314247 92.951019 1.923723
v -83.941498 91.924988 0.000000
v -84.967537 93.552246 1.923723
v -82.438110 92.872925 1.187546
v -82.790855 92.650505 0.563445
v -82.830757 93.495644 1.923722
v -82.990089 93.416992 1.169096
v -83.255669 93.204269 0.661270
v -83.594383 93.456863 0.813061
v -84.334145 92.547714 0.146434
v -84.667015 93.075638 0.563445
v -83.318779 92.317635 0.146434
v -83.705658 92.965805 0.323163
v -84.008896 93.374947 0.661270
v -84.266708 93.821030 1.923722
v -83.516373 93.801147 1.923722
v -84.889435 93.428375 1.187546
v -84.156845 93.681374 1.169096
v -83.546944 93.666222 1.207385
v -89.027061 63.326305 21.875151
v -90.053093 64.953560 23.798874
v -91.680351 63.927528 21.875151
v -89.105164 63.450172 22.611328
v -89.327576 63.802917 23.235428
v -89.727890 63.057526 21.875151
v -89.837753 63.197182 22.629776
v -89.985695 63.503601 23.137604
v -90.400208 63.421684 22.985813
v -90.675819 64.560913 23.652439
v -91.203735 64.228043 23.235428
v -89.660446 64.330841 23.652439
v -90.288940 63.912743 23.475708
v -90.738922 63.674278 23.137604
v -91.163834 63.382904 21.875151
v -90.478226 63.077400 21.875151
v -91.556480 64.005630 22.611328
v -91.004501 63.461559 22.629776
v -90.447647 63.212326 22.591488
v -90.640770 68.515381 21.875151
v -89.614731 66.888123 23.798874
v -87.987473 67.914154 21.875151
v -90.562668 68.391510 22.611328
v -90.340248 68.038765 23.235428
v -89.939941 68.784157 21.875151
v -89.830070 68.644501 22.629776
v -89.682129 68.338081 23.137604
v -89.267616 68.419998 22.985813
v -88.992004 67.280769 23.652439
v -88.464088 67.613632 23.235428
v -90.007378 67.510841 23.652439
v -89.378891 67.928940 23.475708
v -88.928902 68.167404 23.137604
v -88.503990 68.458778 21.875151
v -89.189606 68.764282 21.875151
v -88.111343 67.836052 22.611328
v -88.663322 68.380127 22.629776
v -89.220177 68.629356 22.591488
v -100.322586 83.870430 21.875151
v -99.296555 82.243172 23.798874
v -97.669296 83.269203 21.875153
v -100.244484 83.746559 22.611326
v -100.022064 83.393814 23.235428
v -99.621758 84.139206 21.875149
v -99.511894 83.999550 22.629776
v -99.363953 83.693130 23.137602
v -98.949432 83.775047 22.985813
v -98.673828 82.635818 23.652439
v -98.145905 82.968689 23.235428
v -99.689194 82.865898 23.652439
v -99.060707 83.283989 23.475708
v -98.610718 83.522453 23.137602
v -98.185806 83.813828 21.875151
v -98.871422 84.119331 21.875151
v -97.793159 83.191101 22.611328
v -98.345139 83.735176 22.629776
v -98.901993 83.984406 22.591488
v -101.362167 79.282578 1.923723
v -99.734917 80.308609 0.000000
v -98.708878 78.681351 1.923723
v -101.238304 79.360680 1.187546
v -100.885559 79.583099 0.563445
v -100.845657 78.737953 1.923722
v -100.686325 78.816612 1.169096
v -100.420746 79.029327 0.661270
v -100.082031 78.776733 0.813061
v -99.342270 79.685890 0.146434
v -99.009399 79.157967 0.563445
v -100.357635 79.915962 0.146434
v -99.970757 79.267792 0.323163
v -99.667519 78.858650 0.661270
v -99.409706 78.412575 1.923722
v -100.160042 78.432449 1.923722
v -98.786980 78.805222 1.187546
v -99.519569 78.552231 1.169096
v -100.129471 78.567375 1.207385
v -92.428452 65.113983 1.923723
v -91.827225 67.767281 1.923723
v -90.801193 66.140022 0.000000
v -92.697227 65.814812 1.923722
v -92.677353 66.565147 1.923722
v -92.304581 65.192093 1.187546
v -92.557571 65.924683 1.169096
v -92.542427 66.534576 1.207385
v -92.333069 66.487137 0.813061
v -91.749123 67.643410 1.187546
v -91.526711 67.290665 0.563445
v -92.371849 67.250763 1.923722
v -92.293198 67.091431 1.169096
v -92.080475 66.825851 0.661270
v -91.423920 65.747375 0.146434
v -91.951836 65.414505 0.563445
v -91.193840 66.762741 0.146434
v -91.842010 66.375870 0.323163
v -92.251152 66.072624 0.661270
v -72.632423 77.595970 1.923723
v -74.259682 76.569939 0.000000
v -75.285713 78.197197 1.923723
v -72.756294 77.517868 1.187546
v -73.109039 77.295456 0.563445
v -73.148941 78.140594 1.923722
v -73.308273 78.061943 1.169096
v -73.573853 77.849220 0.661270
v -73.912567 78.101814 0.813061
v -74.652328 77.192665 0.146434
v -74.985199 77.720581 0.563445
v -73.636955 76.962585 0.146434
v -74.023834 77.610756 0.323163
v -74.327080 78.019897 0.661270
v -74.584892 78.465973 1.923722
v -73.834557 78.446098 1.923722
v -75.207611 78.073326 1.187546
v -74.475021 78.326324 1.169096
v -73.865128 78.311172 1.207385
v -81.566147 91.764565 1.923723
v -82.167366 89.111275 1.923723
v -83.193405 90.738525 0.000000
v -81.297371 91.063736 1.923722
v -81.317245 90.313400 1.923722
v -81.690018 91.686462 1.187546
v -81.437019 90.953873 1.169096
v -81.452171 90.343971 1.207385
v -81.661522 90.391411 0.813061
v -82.245468 89.235138 1.187546
v -82.467888 89.587883 0.563445
v -81.622749 89.627785 1.923722
v -81.701401 89.787117 1.169096
v -81.914124 90.052704 0.661270
v -82.570679 91.131180 0.146434
v -82.042755 91.464043 0.563445
v -82.800758 90.115807 0.146434
v -82.152588 90.502686 0.323163
v -81.743446 90.805923 0.661270
v -75.285713 78.197197 21.875151
v -74.259682 76.569939 23.798874
v -72.632423 77.595970 21.875151
v -75.207611 78.073326 22.611328
v -74.985199 77.720581 23.235428
v -74.584892 78.465973 21.875151
v -74.475021 78.326324 22.629776
v -74.327080 78.019897 23.137604
v -73.912567 78.101814 22.985813
v -73.636955 76.962585 23.652439
v -73.109039 77.295456 23.235428
v -74.652328 77.192665 23.652439
v -74.023834 77.610756 23.475708
v -73.573853 77.849220 23.137604
v -73.148941 78.140594 21.875151
v -73.834557 78.446098 21.875151
v -72.756294 77.517868 22.611328
v -73.308273 78.061943 22.629776
v -73.865128 78.311172 22.591488
v -91.827225 67.767281 21.875151
v -92.428452 65.113983 21.875151
v -90.801193 66.140022 23.798874
v -92.371849 67.250763 21.875151
v -92.677353 66.565147 21.875151
v -91.749123 67.643410 22.611328
v -92.293198 67.091431 22.629776
v -92.542427 66.534576 22.591488
v -92.333069 66.487137 22.985813
v -92.304581 65.192093 22.611328
v -91.951836 65.414505 23.235428
v -92.697227 65.814812 21.875151
v -92.557571 65.924683 22.629776
v -92.251152 66.072624 23.137604
v -91.193840 66.762741 23.652439
v -91.526711 67.290665 23.235428
v -91.423920 65.747375 23.652439
v -91.842010 66.375870 23.475708
v -92.080475 66.825851 23.137604
v -98.708878 78.681351 21.875151
v -99.734917 80.308609 23.798874
v -101.362167 79.282578 21.875151
v -98.786980 78.805222 22.611328
v -99.009399 79.157967 23.235428
v -99.409706 78.412575 21.875151
v -99.519569 78.552231 22.629776
v -99.667519 78.858650 23.137604
v -100.082031 78.776733 22.985813
v -100.357635 79.915962 23.652439
v -100.885559 79.583099 23.235428
v -99.342270 79.685890 23.652439
v -99.970757 79.267792 23.475708
v -100.420746 79.029327 23.137604
v -100.845657 78.737953 21.875151
v -100.160042 78.432449 21.875151
v -101.238304 79.360680 22.611328
v -100.686325 78.816612 22.629776
v -100.129471 78.567375 22.591488
v -100.322586 83.870430 1.923723
v -97.669296 83.269203 1.923723
v -99.296555 82.243172 0.000000
v -99.621758 84.139206 1.923722
v -98.871422 84.119331 1.923722
v -100.244484 83.746559 1.187546
v -99.511894 83.999550 1.169096
v -98.901993 83.984406 1.207385
v -98.949432 83.775047 0.813061
v -97.793159 83.191101 1.187546
v -98.145905 82.968689 0.563445
v -98.185806 83.813828 1.923722
v -98.345139 83.735176 1.169096
v -98.610718 83.522453 0.661270
v -99.689194 82.865898 0.146434
v -100.022064 83.393814 0.563445
v -98.673828 82.635818 0.146434
v -99.060707 83.283989 0.323163
v -99.363953 83.693130 0.661270
v -85.127960 91.176895 0.000000
v -86.755219 90.150856 1.923723
v -86.153999 92.804146 1.923723
v -85.750687 90.784241 0.146434
v -86.278603 90.451378 0.563445
v -85.520607 91.799614 0.146434
v -86.168777 91.412735 0.323163
v -86.577919 91.109497 0.661270
v -86.659843 91.524010 0.813061
v -87.023994 90.851685 1.923722
v -87.004120 91.602020 1.923722
v -86.631348 90.228958 1.187546
v -86.884346 90.961548 1.169096
v -86.869194 91.571442 1.207385
v -86.075897 92.680283 1.187546
v -85.853477 92.327538 0.563445
v -86.698616 92.287636 1.923722
v -86.619965 92.128304 1.169096
v -86.407242 91.862717 0.661270
v -87.840599 64.074402 1.923723
v -88.866631 65.701660 0.000000
v -87.239380 66.727692 1.923723
v -87.918701 64.198273 1.187546
v -88.141121 64.551018 0.563445
v -87.295975 64.590919 1.923722
v -87.374634 64.750252 1.169096
v -87.587349 65.015831 0.661270
v -87.334755 65.354546 0.813061
v -88.243912 66.094307 0.146434
v -87.715988 66.427177 0.563445
v -88.473984 65.078934 0.146434
v -87.825813 65.465813 0.323163
v -87.416672 65.769058 0.661270
v -86.970596 66.026871 1.923722
v -86.990471 65.276535 1.923722
v -87.363243 66.649590 1.187546
v -87.110252 65.917000 1.169096
v -87.125397 65.307106 1.207385
v -73.672012 73.008125 1.923723
v -76.325302 73.609344 1.923723
v -74.698044 74.635384 0.000000
v -74.372833 72.739342 1.923722
v -75.123169 72.759216 1.923722
v -73.750114 73.131989 1.187546
v -74.482704 72.878998 1.169096
v -75.092598 72.894150 1.207385
v -75.045158 73.103500 0.813061
v -76.201431 73.687447 1.187546
v -75.848686 73.909866 0.563445
v -75.808784 73.064728 1.923722
v -75.649452 73.143379 1.169096
v -75.383873 73.356102 0.661270
v -74.305397 74.012657 0.146434
v -73.972527 73.484734 0.563445
v -75.320770 74.242737 0.146434
v -74.933884 73.594566 0.323163
v -74.630646 73.185425 0.661270
v -76.325302 73.609344 21.875151
v -73.672012 73.008125 21.875151
v -74.698044 74.635384 23.798874
v -75.808784 73.064728 21.875151
v -75.123169 72.759216 21.875151
v -76.201431 73.687447 22.611328
v -75.649452 73.143379 22.629776
v -75.092598 72.894150 22.591488
v -75.045158 73.103500 22.985813
v -73.750114 73.131989 22.611328
v -73.972527 73.484734 23.235428
v -74.372833 72.739342 21.875151
v -74.482704 72.878998 22.629776
v -74.630646 73.185425 23.137604
v -75.320770 74.242737 23.652439
v -75.848686 73.909866 23.235428
v -74.305397 74.012657 23.652439
v -74.933884 73.594566 23.475708
v -75.383873 73.356102 23.137604
v -86.755219 90.150856 21.875151
v -85.127960 91.176895 23.798874
v -86.153999 92.804146 21.875151
v -86.631348 90.228958 22.611328
v -86.278603 90.451378 23.235428
v -87.023994 90.851685 21.875151
v -86.884346 90.961548 22.629776
v -86.577919 91.109497 23.137604
v -86.659843 91.524010 22.985813
v -85.520607 91.799614 23.652439
v -85.853477 92.327538 23.235428
v -85.750687 90.784241 23.652439
v -86.168777 91.412735 23.475708
v -86.407242 91.862717 23.137604
v -86.698616 92.287636 21.875151
v -87.004120 91.602020 21.875151
v -86.075897 92.680283 22.611328
v -86.619965 92.128304 22.629776
v -86.869194 91.571442 22.591488
v -87.987473 67.914154 1.923723
v -89.614731 66.888123 0.000000
v -90.640770 68.515381 1.923723
v -88.111343 67.836052 1.187546
v -88.464088 67.613632 0.563445
v -88.503990 68.458778 1.923722
v -88.663322 68.380127 1.169096
v -88.928902 68.167404 0.661270
v -89.267616 68.419998 0.813061
v -90.007378 67.510841 0.146434
v -90.340248 68.038765 0.563445
v -88.992004 67.280769 0.146434
v -89.378891 67.928940 0.323163
v -89.682129 68.338081 0.661270
v -89.939941 68.784157 1.923722
v -89.189606 68.764282 1.923722
v -90.562668 68.391510 1.187546
v -89.830070 68.644501 1.169096
v -89.220177 68.629356 1.207385
v -96.921196 82.082741 1.923723
v -97.522415 79.429451 1.923723
v -98.548454 81.056709 0.000000
v -96.652420 81.381920 1.923722
v -96.672295 80.631584 1.923722
v -97.045059 82.004639 1.187546
v -96.792068 81.272049 1.169096
v -96.807220 80.662155 1.207385
v -97.016571 80.709595 0.813061
v -97.600525 79.553322 1.187546
v -97.822937 79.906067 0.563445
v -96.977798 79.945969 1.923722
v -97.056450 80.105301 1.169096
v -97.269173 80.370880 0.661270
v -97.925728 81.449356 0.146434
v -97.397812 81.782227 0.563445
v -98.155807 80.433983 0.146434
v -97.507637 80.820869 0.323163
v -97.098495 81.124107 0.661270
v -86.007118 88.964394 1.923723
v -84.379860 89.990433 0.000000
v -83.353828 88.363174 1.923723
v -85.883255 89.042496 1.187546
v -85.530510 89.264915 0.563445
v -85.490608 88.419777 1.923722
v -85.331276 88.498428 1.169096
v -85.065697 88.711151 0.661270
v -84.726982 88.458549 0.813061
v -83.987213 89.367706 0.146434
v -83.654350 88.839783 0.563445
v -85.002586 89.597786 0.146434
v -84.615707 88.949615 0.323163
v -84.312469 88.540474 0.661270
v -84.054657 88.094391 1.923722
v -84.804993 88.114273 1.923722
v -83.431931 88.487045 1.187546
v -84.164520 88.234047 1.169096
v -84.774422 88.249199 1.207385
v -77.073395 74.795807 1.923723
v -76.472176 77.449097 1.923723
v -75.446144 75.821838 0.000000
v -77.342178 75.496635 1.923722
v -77.322304 76.246971 1.923722
v -76.949532 74.873909 1.187546
v -77.202522 75.606499 1.169096
v -77.187378 76.216393 1.207385
v -76.978020 76.168961 0.813061
v -76.394073 77.325233 1.187546
v -76.171661 76.972488 0.563445
v -77.016800 76.932587 1.923722
v -76.938141 76.773254 1.169096
v -76.725426 76.507668 0.661270
v -76.068863 75.429192 0.146434
v -76.596786 75.096329 0.563445
v -75.838791 76.444565 0.146434
v -76.486961 76.057686 0.323163
v -76.896103 75.754440 0.661270
v -76.472176 77.449097 21.875151
v -77.073395 74.795807 21.875151
v -75.446144 75.821838 23.798874
v -77.016800 76.932587 21.875153
v -77.322304 76.246971 21.875153
v -76.394073 77.325233 22.611328
v -76.938141 76.773254 22.629778
v -77.187378 76.216393 22.591488
v -76.978020 76.168961 22.985813
v -76.949532 74.873909 22.611328
v -76.596786 75.096329 23.235430
v -77.342178 75.496635 21.875153
v -77.202522 75.606499 22.629778
v -76.896103 75.754440 23.137604
v -75.838791 76.444565 23.652439
v -76.171661 76.972488 23.235430
v -76.068863 75.429192 23.652439
v -76.486961 76.057686 23.475712
v -76.725426 76.507668 23.137604
v -97.522415 79.429451 21.875151
v -96.921196 82.082741 21.875153
v -98.548454 81.056709 23.798874
v -96.977798 79.945969 21.875151
v -96.672295 80.631584 21.875153
v -97.600525 79.553322 22.611328
v -97.056450 80.105301 22.629778
v -96.807220 80.662155 22.591488
v -97.016571 80.709595 22.985813
v -97.045059 82.004639 22.611328
v -97.397812 81.782227 23.235430
v -96.652420 81.381920 21.875153
v -96.792068 81.272049 22.629778
v -97.098495 81.124107 23.137604
v -98.155807 80.433983 23.652439
v -97.822937 79.906067 23.235428
v -97.925728 81.449356 23.652439
v -97.507637 80.820869 23.475712
v -97.269173 80.370880 23.137604
v -86.007118 88.964394 21.875151
v -83.353828 88.363174 21.875153
v -84.379860 89.990433 23.798874
v -85.490608 88.419777 21.875151
v -84.804993 88.114273 21.875153
v -85.883255 89.042496 22.611328
v -85.331276 88.498428 22.629778
v -84.774422 88.249199 22.591488
v -84.726982 88.458549 22.985813
v -83.431931 88.487045 22.611328
v -83.654350 88.839783 23.235430
v -84.054657 88.094391 21.875153
v -84.164520 88.234047 22.629778
v -84.312469 88.540474 23.137604
v -85.002586 89.597786 23.652439
v -85.530510 89.264915 23.235428
v -83.987213 89.367706 23.652439
v -84.615707 88.949615 23.475712
v -85.065697 88.711151 23.137604
v -81.566147 91.764565 21.875151
v -83.193405 90.738525 23.798874
v -82.167366 89.111275 21.875153
v -81.690018 91.686462 22.611326
v -82.042755 91.464043 23.235428
v -81.297371 91.063736 21.875149
v -81.437019 90.953873 22.629776
v -81.743446 90.805923 23.137602
v -81.661522 90.391411 22.985813
v -82.800758 90.115807 23.652439
v -82.467888 89.587883 23.235428
v -82.570679 91.131180 23.652439
v -82.152588 90.502686 23.475708
v -81.914124 90.052704 23.137602
v -81.622749 89.627785 21.875151
v -81.317245 90.313400 21.875151
v -82.245468 89.235138 22.611328
v -81.701401 89.787117 22.629776
v -81.452171 90.343971 22.591488
v -87.239380 66.727692 21.875151
v -88.866631 65.701660 23.798874
v -87.840599 64.074402 21.875151
v -87.363243 66.649590 22.611328
v -87.715988 66.427177 23.235428
v -86.970596 66.026871 21.875151
v -87.110252 65.917000 22.629776
v -87.416672 65.769058 23.137604
v -87.334755 65.354546 22.985813
v -88.473984 65.078934 23.652439
v -88.141121 64.551018 23.235428
v -88.243912 66.094307 23.652439
v -87.825813 65.465813 23.475708
v -87.587349 65.015831 23.137604
v -87.295975 64.590919 21.875151
v -86.990471 65.276535 21.875151
v -87.918701 64.198273 22.611328
v -87.374634 64.750252 22.629776
v -87.125397 65.307106 22.591488
v -101.509048 83.122330 21.875151
v -102.110268 80.469040 21.875151
v -100.483017 81.495071 23.798874
v -102.053665 82.605812 21.875151
v -102.359169 81.920197 21.875151
v -101.430946 82.998459 22.611328
v -101.975014 82.446480 22.629776
v -102.224243 81.889626 22.591488
v -102.014893 81.842186 22.985813
v -101.986404 80.547142 22.611328
v -101.633652 80.769554 23.235428
v -102.379044 81.169861 21.875151
v -102.239395 81.279732 22.629776
v -101.932968 81.427673 23.137604
v -100.875656 82.117798 23.652439
v -101.208527 82.645714 23.235428
v -101.105736 81.102425 23.652439
v -101.523827 81.730919 23.475708
v -101.762291 82.180901 23.137604
v -82.314247 92.951019 21.875151
v -84.967537 93.552246 21.875151
v -83.941498 91.924988 23.798874
v -82.830757 93.495644 21.875151
v -83.516373 93.801147 21.875151
v -82.438110 92.872925 22.611328
v -82.990089 93.416992 22.629776
v -83.546944 93.666222 22.591488
v -83.594383 93.456863 22.985813
v -84.889435 93.428375 22.611328
v -84.667015 93.075638 23.235428
v -84.266708 93.821030 21.875151
v -84.156845 93.681374 22.629776
v -84.008896 93.374947 23.137604
v -83.318779 92.317635 23.652439
v -82.790855 92.650505 23.235428
v -84.334145 92.547714 23.652439
v -83.705658 92.965805 23.475708
v -83.255669 93.204269 23.137604
v -72.485550 73.756226 21.875151
v -71.884323 76.409515 21.875151
v -73.511581 75.383476 23.798874
v -71.940926 74.272736 21.875149
v -71.635422 74.958351 21.875149
v -72.563652 73.880089 22.611326
v -72.019585 74.432068 22.629776
v -71.770348 74.988922 22.591488
v -71.979706 75.036362 22.985813
v -72.008194 76.331413 22.611326
v -72.360939 76.108994 23.235428
v -71.615547 75.708687 21.875149
v -71.755203 75.598824 22.629776
v -72.061623 75.450874 23.137602
v -73.118935 74.760757 23.652437
v -72.786072 74.232834 23.235428
v -72.888855 75.776123 23.652437
v -72.470764 75.147636 23.475708
v -72.232300 74.697647 23.137602
vn -0.0000 -0.0000 1.0000
vn 0.4430 -0.8909 0.1004
vn -0.0314 -0.1385 0.9899
vn -0.7838 -0.6129 0.1004
vn 0.4077 -0.8306 0.3792
vn 0.2978 -0.6446 0.7041
vn 0.1700 -0.9806 0.0981
vn 0.1450 -0.9187 0.3673
vn 0.0722 -0.7422 0.6663
vn -0.1804 -0.7963 0.5774
vn -0.2684 -0.2853 0.9201
vn -0.5466 -0.4533 0.7041
vn 0.1192 -0.3731 0.9201
vn -0.1148 -0.5067 0.8545
vn -0.3851 -0.6385 0.6663
vn -0.5760 -0.8115 0.0981
vn -0.2201 -0.9711 0.0919
vn -0.7260 -0.5738 0.3792
vn -0.5269 -0.7665 0.3673
vn -0.2082 -0.9190 0.3347
vn -0.8909 -0.4430 0.1004
vn -0.1385 0.0314 0.9899
vn -0.6129 0.7838 0.1004
vn -0.8306 -0.4077 0.3792
vn -0.6446 -0.2978 0.7041
vn -0.9806 -0.1700 0.0981
vn -0.9187 -0.1450 0.3673
vn -0.7422 -0.0722 0.6663
vn -0.7963 0.1804 0.5774
vn -0.2853 0.2684 0.9201
vn -0.4533 0.5466 0.7041
vn -0.3731 -0.1192 0.9201
vn -0.5067 0.1148 0.8545
vn -0.6385 0.3851 0.6663
vn -0.8115 0.5760 0.0981
vn -0.9711 0.2201 0.0919
vn -0.5738 0.7260 0.3792
vn -0.7665 0.5269 0.3673
vn -0.9190 0.2082 0.3347
vn 0.6129 -0.7838 0.1004
vn 0.8909 0.4430 0.1004
vn 0.1385 -0.0314 0.9899
vn 0.8115 -0.5760 0.0981
vn 0.9711 -0.2201 0.0919
vn 0.5738 -0.7260 0.3792
vn 0.7665 -0.5269 0.3673
vn 0.9190 -0.2082 0.3347
vn 0.7963 -0.1804 0.5774
vn 0.8306 0.4077 0.3792
vn 0.6446 0.2978 0.7041
vn 0.9806 0.1700 0.0981
vn 0.9187 0.1450 0.3673
vn 0.7422 0.0722 0.6663
vn 0.2853 -0.2684 0.9201
vn 0.4533 -0.5466 0.7041
vn 0.3731 0.1192 0.9201
vn 0.5067 -0.1148 0.8545
vn 0.6385 -0.3851 0.6663
vn -0.4430 0.8909 0.1004
vn 0.0314 0.1385 0.9899
vn 0.7838 0.6129 0.1004
vn -0.4077 0.8306 0.3792
vn -0.2978 0.6446 0.7041
vn -0.1700 0.9806 0.0981
vn -0.1450 0.9187 0.3673
vn -0.0722 0.7422 0.6663
vn 0.1804 0.7963 0.5774
vn 0.2684 0.2853 0.9201
vn 0.5466 0.4533 0.7041
vn -0.1192 0.3731 0.9201
vn 0.1148 0.5067 0.8545
vn 0.3851 0.6385 0.6663
vn 0.5760 0.8115 0.0981
vn 0.2201 0.9711 0.0919
vn 0.7260 0.5738 0.3792
vn 0.5269 0.7665 0.3673
vn 0.2082 0.9190 0.3347
vn -0.6137 0.7895 -0.0000
vn -0.8941 -0.4479 -0.0000
vn -0.8165 0.5774 -0.0000
vn -0.9753 0.2210 -0.0000
vn -0.9856 -0.1691 -0.0000
vn 0.7895 0.6137 -0.0000
vn -0.4479 0.8941 -0.0000
vn 0.5774 0.8165 -0.0000
vn 0.2210 0.9753 -0.0000
vn -0.1691 0.9856 -0.0000
vn 0.6137 -0.7895 -0.0000
vn 0.8941 0.4479 -0.0000
vn 0.8165 -0.5774 -0.0000
vn 0.9753 -0.2210 -0.0000
vn 0.9856 0.1691 -0.0000
vn 0.5910 -0.7970 -0.1246
vn 0.8428 0.5233 -0.1261
vn 0.9738 -0.2207 0.0545
vn 0.7808 -0.5776 -0.2383
vn 0.9326 -0.2113 -0.2925
vn 0.5631 -0.6549 -0.5041
vn 0.6886 -0.3470 -0.6368
vn 0.7648 -0.1733 -0.6205
vn 0.6646 -0.1506 -0.7318
vn 0.7904 0.3482 -0.5041
vn 0.4836 0.0970 -0.8699
vn 0.9535 0.1846 -0.2383
vn 0.7709 0.0163 -0.6368
vn 0.5403 -0.0886 -0.8368
vn 0.1752 -0.1280 -0.9762
vn 0.3946 -0.2960 -0.8699
vn 0.2132 0.0400 -0.9762
vn 0.3284 -0.0744 -0.9416
vn 0.5257 -0.1530 -0.8368
vn 0.6331 -0.7704 -0.0749
vn 0.8630 0.5041 -0.0339
vn 0.1453 0.0031 -0.9894
vn 0.8820 -0.4538 -0.1270
vn 0.9816 0.0742 -0.1759
vn 0.6842 -0.6385 -0.3524
vn 0.8911 -0.2193 -0.3974
vn 0.9264 0.0997 -0.3631
vn 0.8761 -0.0173 -0.4819
vn 0.8684 0.4531 -0.2017
vn 0.8296 0.3152 -0.4608
vn 0.9333 0.3501 -0.0799
vn 0.9235 0.3008 -0.2381
vn 0.9015 0.1392 -0.4098
vn 0.3895 -0.1710 -0.9050
vn 0.6081 -0.4159 -0.6762
vn 0.4941 0.1614 -0.8543
vn 0.7506 0.0035 -0.6608
vn 0.8206 -0.1381 -0.5545
vn -0.8418 -0.5308 0.0980
vn -0.0829 -0.0523 0.9952
vn -0.7815 -0.4928 0.3827
vn -0.5981 -0.3771 0.7071
vn -0.3237 -0.2041 0.9239
vn 0.0829 0.0523 0.9952
vn 0.8418 0.5308 0.0980
vn 0.3237 0.2041 0.9239
vn 0.5981 0.3771 0.7071
vn 0.7815 0.4928 0.3827
vn -0.0523 0.0829 0.9952
vn -0.5308 0.8418 0.0980
vn -0.2041 0.3237 0.9239
vn -0.3771 0.5981 0.7071
vn -0.4928 0.7815 0.3827
vn 0.0523 -0.0829 0.9952
vn 0.5308 -0.8418 0.0980
vn 0.2041 -0.3237 0.9239
vn 0.3771 -0.5981 0.7071
vn 0.4928 -0.7815 0.3827
vn 0.4644 -0.8768 -0.1246
vn -0.2207 -0.9738 0.0545
vn -0.8002 -0.5929 -0.0903
vn 0.3482 -0.7904 -0.5041
vn 0.0970 -0.4836 -0.8699
vn 0.1846 -0.9535 -0.2383
vn 0.0163 -0.7709 -0.6368
vn -0.0886 -0.5403 -0.8368
vn -0.1506 -0.6646 -0.7318
vn -0.1280 -0.1752 -0.9762
vn -0.2960 -0.3946 -0.8699
vn 0.0400 -0.2132 -0.9762
vn -0.0744 -0.3284 -0.9416
vn -0.1529 -0.5257 -0.8368
vn -0.5776 -0.7808 -0.2383
vn -0.2113 -0.9326 -0.2925
vn -0.6549 -0.5631 -0.5041
vn -0.3470 -0.6886 -0.6368
vn -0.1733 -0.7648 -0.6205
vn 0.9034 0.4223 -0.0749
vn 0.1298 -0.0655 -0.9894
vn 0.5614 -0.8268 -0.0339
vn 0.8926 0.2812 -0.3524
vn 0.7280 0.1132 -0.6762
vn 0.9915 0.0293 -0.1270
vn 0.8986 -0.1862 -0.3974
vn 0.8000 -0.2292 -0.5545
vn 0.7979 -0.3620 -0.4819
vn 0.3763 -0.3586 -0.8543
vn 0.6127 -0.6420 -0.4608
vn 0.4252 -0.0136 -0.9050
vn 0.6758 -0.3267 -0.6608
vn 0.7535 -0.5142 -0.4098
vn 0.6913 -0.7182 -0.0799
vn 0.8538 -0.4900 -0.1759
vn 0.5883 -0.7831 -0.2017
vn 0.7036 -0.6695 -0.2381
vn 0.7929 -0.4893 -0.3631
vn 0.7970 0.5910 -0.1246
vn -0.4644 0.8768 -0.1246
vn 0.2207 0.9738 0.0545
vn 0.5776 0.7808 -0.2383
vn 0.2113 0.9326 -0.2925
vn 0.6549 0.5631 -0.5041
vn 0.3470 0.6886 -0.6368
vn 0.1733 0.7648 -0.6205
vn 0.1506 0.6646 -0.7318
vn -0.3482 0.7904 -0.5041
vn -0.0970 0.4836 -0.8699
vn -0.1846 0.9535 -0.2383
vn -0.0163 0.7709 -0.6368
vn 0.0886 0.5403 -0.8368
vn 0.1280 0.1752 -0.9762
vn 0.2960 0.3946 -0.8699
vn -0.0400 0.2132 -0.9762
vn 0.0744 0.3284 -0.9416
vn 0.1530 0.5257 -0.8368
vn -0.8428 -0.5233 -0.1261
vn -0.9738 0.2207 0.0545
vn -0.5929 0.8002 -0.0903
vn -0.7904 -0.3482 -0.5041
vn -0.4836 -0.0970 -0.8699
vn -0.9535 -0.1846 -0.2383
vn -0.7709 -0.0163 -0.6368
vn -0.5403 0.0886 -0.8368
vn -0.6646 0.1506 -0.7318
vn -0.1752 0.1280 -0.9762
vn -0.3946 0.2960 -0.8699
vn -0.2132 -0.0400 -0.9762
vn -0.3284 0.0744 -0.9416
vn -0.5257 0.1529 -0.8368
vn -0.7808 0.5776 -0.2383
vn -0.9326 0.2113 -0.2925
vn -0.5631 0.6549 -0.5041
vn -0.6886 0.3470 -0.6368
vn -0.7648 0.1733 -0.6205
vn -0.1453 -0.0031 -0.9894
vn -0.6331 0.7704 -0.0749
vn -0.8630 -0.5041 -0.0339
vn -0.3895 0.1710 -0.9050
vn -0.6081 0.4159 -0.6762
vn -0.4941 -0.1614 -0.8543
vn -0.7506 -0.0035 -0.6608
vn -0.8206 0.1381 -0.5545
vn -0.8761 0.0173 -0.4819
vn -0.8820 0.4538 -0.1270
vn -0.9816 -0.0742 -0.1759
vn -0.6842 0.6385 -0.3524
vn -0.8911 0.2193 -0.3974
vn -0.9264 -0.0997 -0.3631
vn -0.8684 -0.4531 -0.2017
vn -0.8296 -0.3152 -0.4608
vn -0.9333 -0.3501 -0.0799
vn -0.9235 -0.3008 -0.2381
vn -0.9015 -0.1392 -0.4098
vn 0.0655 0.1298 -0.9894
vn 0.8268 0.5614 -0.0339
vn -0.4199 0.9010 -0.1089
vn 0.3586 0.3763 -0.8543
vn 0.6420 0.6127 -0.4608
vn 0.0136 0.4252 -0.9050
vn 0.3267 0.6758 -0.6608
vn 0.5142 0.7535 -0.4098
vn 0.3620 0.7979 -0.4819
vn 0.7182 0.6913 -0.0799
vn 0.4900 0.8538 -0.1759
vn 0.7831 0.5883 -0.2017
vn 0.6695 0.7036 -0.2381
vn 0.4893 0.7929 -0.3631
vn -0.2812 0.8926 -0.3524
vn -0.1132 0.7280 -0.6762
vn -0.0293 0.9915 -0.1270
vn 0.1862 0.8986 -0.3974
vn 0.2292 0.8000 -0.5545
vn 0.4223 -0.9034 -0.0749
vn -0.0655 -0.1298 -0.9894
vn -0.8268 -0.5614 -0.0339
vn 0.2812 -0.8926 -0.3524
vn 0.1132 -0.7280 -0.6762
vn 0.0293 -0.9915 -0.1270
vn -0.1862 -0.8986 -0.3974
vn -0.2292 -0.8000 -0.5545
vn -0.3620 -0.7979 -0.4819
vn -0.3586 -0.3763 -0.8543
vn -0.6420 -0.6127 -0.4608
vn -0.0136 -0.4252 -0.9050
vn -0.3267 -0.6758 -0.6608
vn -0.5142 -0.7535 -0.4098
vn -0.7182 -0.6913 -0.0799
vn -0.4900 -0.8538 -0.1759
vn -0.7831 -0.5883 -0.2017
vn -0.6695 -0.7036 -0.2381
vn -0.4893 -0.7929 -0.3631
vn -0.0031 0.1453 -0.9894
vn 0.7251 0.6846 -0.0747
vn -0.5041 0.8630 -0.0339
vn 0.1710 0.3895 -0.9050
vn 0.4159 0.6081 -0.6762
vn -0.1614 0.4941 -0.8543
vn -0.0035 0.7506 -0.6608
vn 0.1381 0.8206 -0.5545
vn 0.0173 0.8761 -0.4819
vn 0.4538 0.8820 -0.1270
vn -0.0742 0.9816 -0.1759
vn 0.6385 0.6842 -0.3524
vn 0.2193 0.8911 -0.3974
vn -0.0997 0.9264 -0.3631
vn -0.4531 0.8684 -0.2017
vn -0.3152 0.8296 -0.4608
vn -0.3501 0.9333 -0.0799
vn -0.3008 0.9235 -0.2381
vn -0.1392 0.9015 -0.4098
vn -0.1298 0.0655 -0.9894
vn -0.5614 0.8268 -0.0339
vn -0.9010 -0.4199 -0.1089
vn -0.3763 0.3586 -0.8543
vn -0.6127 0.6420 -0.4608
vn -0.4252 0.0136 -0.9050
vn -0.6758 0.3267 -0.6608
vn -0.7535 0.5142 -0.4098
vn -0.7979 0.3620 -0.4819
vn -0.6913 0.7182 -0.0799
vn -0.8538 0.4900 -0.1759
vn -0.5883 0.7831 -0.2017
vn -0.7036 0.6695 -0.2381
vn -0.7929 0.4893 -0.3631
vn -0.8926 -0.2812 -0.3524
vn -0.7280 -0.1132 -0.6762
vn -0.9915 -0.0293 -0.1270
vn -0.8986 0.1862 -0.3974
vn -0.8000 0.2292 -0.5545
vn 0.0031 -0.1453 -0.9894
vn -0.7251 -0.6846 -0.0747
vn 0.5041 -0.8630 -0.0339
vn -0.1710 -0.3895 -0.9050
vn -0.4159 -0.6081 -0.6762
vn 0.1614 -0.4941 -0.8543
vn 0.0035 -0.7506 -0.6608
vn -0.1381 -0.8206 -0.5545
vn -0.0173 -0.8761 -0.4819
vn -0.4538 -0.8820 -0.1270
vn 0.0742 -0.9816 -0.1759
vn -0.6385 -0.6842 -0.3524
vn -0.2193 -0.8911 -0.3974
vn 0.0997 -0.9264 -0.3631
vn 0.4531 -0.8684 -0.2017
vn 0.3152 -0.8296 -0.4608
vn 0.3501 -0.9333 -0.0799
vn 0.3008 -0.9235 -0.2381
vn 0.1392 -0.9015 -0.4098
vn -0.7895 -0.6137 -0.0000
vn 0.4479 -0.8941 -0.0000
vn -0.5774 -0.8165 -0.0000
vn -0.2210 -0.9753 -0.0000
vn 0.1691 -0.9856 -0.0000
vn -0.8768 -0.4644 0.1246
vn -0.5910 0.7970 0.1246
vn -0.0354 0.0080 0.9993
vn -0.9535 -0.1846 0.2383
vn -0.9326 0.2113 0.2925
vn -0.7904 -0.3482 0.5041
vn -0.7709 -0.0163 0.6368
vn -0.7648 0.1733 0.6205
vn -0.6646 0.1506 0.7318
vn -0.5631 0.6549 0.5041
vn -0.3946 0.2960 0.8699
vn -0.7808 0.5776 0.2383
vn -0.6886 0.3470 0.6368
vn -0.5257 0.1529 0.8368
vn -0.2132 -0.0400 0.9762
vn -0.4836 -0.0970 0.8699
vn -0.1752 0.1280 0.9762
vn -0.3284 0.0744 0.9416
vn -0.5403 0.0886 0.8368
vn -0.7970 -0.5910 0.1246
vn -0.0080 -0.0354 0.9993
vn 0.4644 -0.8768 0.1246
vn -0.6549 -0.5631 0.5041
vn -0.2960 -0.3946 0.8699
vn -0.5776 -0.7808 0.2383
vn -0.3470 -0.6886 0.6368
vn -0.1529 -0.5257 0.8368
vn -0.1506 -0.6646 0.7318
vn 0.0400 -0.2132 0.9762
vn 0.0970 -0.4836 0.8699
vn -0.1280 -0.1752 0.9762
vn -0.0744 -0.3284 0.9416
vn -0.0886 -0.5403 0.8368
vn 0.1846 -0.9535 0.2383
vn -0.2113 -0.9326 0.2925
vn 0.3482 -0.7904 0.5041
vn 0.0163 -0.7709 0.6368
vn -0.1733 -0.7648 0.6205
vn 0.5910 -0.7970 0.1246
vn 0.0354 -0.0080 0.9993
vn 0.8768 0.4644 0.1246
vn 0.5631 -0.6549 0.5041
vn 0.3946 -0.2960 0.8699
vn 0.7808 -0.5776 0.2383
vn 0.6886 -0.3470 0.6368
vn 0.5257 -0.1529 0.8368
vn 0.6646 -0.1506 0.7318
vn 0.2132 0.0400 0.9762
vn 0.4836 0.0970 0.8699
vn 0.1752 -0.1280 0.9762
vn 0.3284 -0.0744 0.9416
vn 0.5403 -0.0886 0.8368
vn 0.9535 0.1846 0.2383
vn 0.9326 -0.2113 0.2925
vn 0.7904 0.3482 0.5041
vn 0.7709 0.0163 0.6368
vn 0.7648 -0.1733 0.6205
vn -0.4644 0.8768 0.1246
vn 0.7970 0.5910 0.1246
vn 0.0080 0.0354 0.9993
vn -0.1846 0.9535 0.2383
vn 0.2113 0.9326 0.2925
vn -0.3482 0.7904 0.5041
vn -0.0163 0.7709 0.6368
vn 0.1733 0.7648 0.6205
vn 0.1506 0.6646 0.7318
vn 0.6549 0.5631 0.5041
vn 0.2960 0.3946 0.8699
vn 0.5776 0.7808 0.2383
vn 0.3470 0.6886 0.6368
vn 0.1529 0.5257 0.8368
vn -0.0400 0.2132 0.9762
vn -0.0970 0.4836 0.8699
vn 0.1280 0.1752 0.9762
vn 0.0744 0.3284 0.9416
vn 0.0886 0.5403 0.8368
vn 0.2207 0.9738 0.0553
vn 0.1529 0.5257 -0.8368
vn -0.5910 0.7970 -0.1246
vn -0.8768 -0.4644 -0.1246
vn -0.9738 0.2207 0.0553
vn -0.7970 -0.5910 -0.1246
vn -0.2207 -0.9738 0.0553
vn 0.8768 0.4644 -0.1246
vn 0.9738 -0.2207 0.0553
vn 0.5257 -0.1529 -0.8368
vn -0.6133 0.7846 -0.0908
vn -0.1334 0.0656 -0.9889
vn -0.8885 -0.4411 -0.1268
vn -0.5779 0.7325 -0.3599
vn -0.4499 0.5398 -0.7115
vn -0.8115 0.5760 -0.0981
vn -0.7665 0.5269 -0.3673
vn -0.6385 0.3851 -0.6663
vn -0.7963 0.1804 -0.5774
vn -0.3465 -0.1021 -0.9325
vn -0.6512 -0.3011 -0.6966
vn -0.2872 0.2728 -0.9182
vn -0.5067 0.1148 -0.8545
vn -0.7422 -0.0722 -0.6663
vn -0.9806 -0.1700 -0.0981
vn -0.9711 0.2201 -0.0919
vn -0.8287 -0.4073 -0.3839
vn -0.9187 -0.1450 -0.3673
vn -0.9190 0.2082 -0.3347
vn -0.4436 0.8916 -0.0908
vn 0.8347 0.5209 -0.1788
vn 0.0500 0.0669 -0.9965
vn -0.1700 0.9806 -0.0981
vn 0.2201 0.9711 -0.0919
vn -0.4119 0.8372 -0.3599
vn -0.1450 0.9187 -0.3673
vn 0.2082 0.9190 -0.3347
vn 0.1804 0.7963 -0.5774
vn 0.8562 0.3330 -0.3950
vn 0.6700 0.1888 -0.7179
vn 0.5760 0.8115 -0.0981
vn 0.5269 0.7665 -0.3673
vn 0.3851 0.6385 -0.6663
vn -0.1224 0.3767 -0.9182
vn -0.2932 0.6386 -0.7115
vn 0.3428 0.0707 -0.9368
vn 0.1148 0.5067 -0.8545
vn -0.0722 0.7422 -0.6663
vn 0.8885 0.4411 -0.1268
vn 0.6133 -0.7846 -0.0908
vn 0.0927 0.0273 -0.9953
vn 0.9806 0.1700 -0.0981
vn 0.9711 -0.2201 -0.0919
vn 0.8287 0.4073 -0.3839
vn 0.9187 0.1450 -0.3673
vn 0.9190 -0.2082 -0.3347
vn 0.7963 -0.1804 -0.5774
vn 0.5779 -0.7325 -0.3599
vn 0.4573 -0.5524 -0.6970
vn 0.8115 -0.5760 -0.0981
vn 0.7665 -0.5269 -0.3673
vn 0.6385 -0.3851 -0.6663
vn 0.4024 0.0189 -0.9153
vn 0.6881 0.2326 -0.6873
vn 0.3026 -0.3016 -0.9041
vn 0.5067 -0.1148 -0.8545
vn 0.7422 0.0722 -0.6663
vn 0.3090 -0.0728 -0.9483
vn 0.8392 0.5385 -0.0760
vn 0.5373 -0.5135 -0.6690
vn 0.5021 -0.1645 -0.8490
vn 0.7778 0.0899 -0.6221
vn 0.4925 -0.1419 -0.8587
vn 0.8748 0.3272 -0.3574
vn 0.2960 -0.0775 -0.9520
vn 0.9013 0.4268 -0.0738
vn 0.5332 -0.4896 -0.6899
vn 0.4730 -0.1138 -0.8737
vn 0.7885 0.0081 -0.6150
vn 0.4807 -0.1111 -0.8698
vn 0.9073 0.2376 -0.3469
vn 0.4436 -0.8916 -0.0908
vn -0.7810 -0.6115 -0.1268
vn 0.1013 -0.0861 -0.9911
vn 0.1700 -0.9806 -0.0981
vn -0.2201 -0.9711 -0.0919
vn 0.4119 -0.8372 -0.3599
vn 0.1450 -0.9187 -0.3673
vn -0.2082 -0.9190 -0.3347
vn -0.1804 -0.7963 -0.5774
vn -0.7247 -0.5721 -0.3839
vn -0.5524 -0.4578 -0.6966
vn -0.5760 -0.8115 -0.0981
vn -0.5269 -0.7665 -0.3673
vn -0.3851 -0.6385 -0.6663
vn 0.3218 -0.2295 -0.9186
vn 0.3950 -0.5393 -0.7438
vn -0.2521 -0.2750 -0.9278
vn -0.1148 -0.5067 -0.8545
vn 0.0722 -0.7422 -0.6663
vn 0.1208 -0.0205 -0.9925
vn 0.4499 -0.5398 -0.7115
vn 0.2856 0.2043 -0.9363
vn 0.5883 0.3743 -0.7168
vn 0.2872 -0.2728 -0.9182
vn 0.7810 0.6115 -0.1268
vn 0.1784 0.2816 -0.9428
vn -0.4454 0.8933 -0.0611
vn 0.7247 0.5721 -0.3839
vn 0.5293 0.5214 -0.6693
vn 0.2190 0.5757 -0.7878
vn -0.0999 0.7925 -0.6017
vn 0.1816 0.3861 -0.9044
vn -0.3771 0.8779 -0.2952
vn -0.8392 -0.5385 -0.0760
vn -0.2299 0.1703 -0.9582
vn -0.8748 -0.3272 -0.3574
vn -0.7963 0.1804 -0.5773
vn -0.4309 0.5047 -0.7481
vn -0.3996 -0.0471 -0.9155
vn -0.7393 -0.1496 -0.6566
vn -0.2757 0.2550 -0.9268
vn -0.6128 0.7829 -0.1075
vn 0.0565 0.1525 -0.9867
vn -0.4698 0.8005 -0.3723
vn -0.2080 0.7016 -0.6815
vn 0.0458 0.4746 -0.8790
vn -0.0617 0.2593 -0.9638
vn 0.5979 0.3952 -0.6974
vn -0.1112 0.3587 -0.9268
vn -0.2975 0.6429 -0.7058
vn 0.2761 0.1929 -0.9416
vn 0.1075 -0.0673 -0.9919
vn 0.3285 -0.2503 -0.9107
vn 0.4037 -0.5740 -0.7124
vn -0.2415 -0.2686 -0.9325
vn 0.7906 0.5852 -0.1801
vn 0.0680 0.0612 -0.9958
vn 0.7963 0.4492 -0.4052
vn 0.6806 0.1928 -0.7068
vn 0.3761 0.0346 -0.9259
vn -0.1447 0.0586 -0.9877
vn -0.3568 -0.1090 -0.9278
vn -0.7906 -0.5852 -0.1801
vn -0.0663 -0.0921 -0.9935
vn -0.7963 -0.4492 -0.4052
vn -0.6258 -0.3060 -0.7175
vn 0.1295 -0.3933 -0.9102
vn 0.3013 -0.6507 -0.6970
vn -0.2693 -0.2280 -0.9357
vn 0.0016 -0.1487 -0.9889
vn 0.1224 -0.3767 -0.9182
vn 0.2932 -0.6386 -0.7115
vn 0.4430 -0.8909 -0.1004
vn -0.7838 -0.6129 -0.1004
vn -0.0314 -0.1385 -0.9899
vn 0.4077 -0.8306 -0.3792
vn -0.7260 -0.5738 -0.3792
vn -0.5466 -0.4533 -0.7041
vn 0.1192 -0.3731 -0.9201
vn 0.2978 -0.6446 -0.7041
vn -0.2684 -0.2853 -0.9201
vn -0.6129 0.7838 -0.1004
vn -0.1385 0.0314 -0.9899
vn -0.8909 -0.4430 -0.1004
vn -0.5738 0.7260 -0.3792
vn -0.4533 0.5466 -0.7041
vn -0.3731 -0.1192 -0.9201
vn -0.6446 -0.2978 -0.7041
vn -0.2853 0.2684 -0.9201
vn -0.8306 -0.4077 -0.3792
vn 0.6129 -0.7838 -0.1004
vn 0.1385 -0.0314 -0.9899
vn 0.8909 0.4430 -0.1004
vn 0.5738 -0.7260 -0.3792
vn 0.4533 -0.5466 -0.7041
vn 0.3731 0.1192 -0.9201
vn 0.6446 0.2978 -0.7041
vn 0.2853 -0.2684 -0.9201
vn 0.8306 0.4077 -0.3792
vn 0.7838 0.6129 -0.1004
vn 0.0314 0.1385 -0.9899
vn -0.4430 0.8909 -0.1004
vn 0.7260 0.5738 -0.3792
vn 0.5466 0.4533 -0.7041
vn -0.1192 0.3731 -0.9201
vn -0.2978 0.6446 -0.7041
vn 0.2684 0.2853 -0.9201
vn -0.4077 0.8306 -0.3792
vn 0.1804 0.7963 0.5773
vn 0.1804 0.7963 -0.5773
vn -0.7963 0.1804 0.5773
vn -0.1804 -0.7963 0.5773
vt 0.371338 0.765645
vt 0.370903 0.765645
vt 0.370892 0.765200
vt 0.371338 0.765211
vt 0.370202 0.765645
vt 0.370202 0.765222
vt 0.370915 0.764509
vt 0.371338 0.764509
vt 0.370202 0.764989
vt 0.310490 0.748885
vt 0.310490 0.749320
vt 0.310044 0.749331
vt 0.310055 0.748885
vt 0.310490 0.750021
vt 0.310067 0.750021
vt 0.309354 0.749308
vt 0.309354 0.748885
vt 0.309834 0.750021
vt 0.359811 0.776363
vt 0.359811 0.776797
vt 0.359365 0.776809
vt 0.359376 0.776363
vt 0.359811 0.777499
vt 0.359388 0.777499
vt 0.358675 0.776786
vt 0.358675 0.776363
vt 0.359155 0.777499
vt 0.359811 0.765645
vt 0.359376 0.765645
vt 0.359365 0.765200
vt 0.359811 0.765211
vt 0.358675 0.765645
vt 0.358675 0.765222
vt 0.359388 0.764509
vt 0.359811 0.764509
vt 0.358675 0.764989
vt 0.321207 0.748885
vt 0.321642 0.748885
vt 0.321653 0.749331
vt 0.321207 0.749320
vt 0.322343 0.748885
vt 0.322343 0.749308
vt 0.321630 0.750021
vt 0.321207 0.750021
vt 0.322343 0.749541
vt 0.382865 0.776363
vt 0.382865 0.776797
vt 0.382420 0.776809
vt 0.382431 0.776363
vt 0.382865 0.777499
vt 0.382442 0.777499
vt 0.381730 0.776786
vt 0.381730 0.776363
vt 0.382210 0.777499
vt 0.371338 0.776363
vt 0.371338 0.776797
vt 0.370892 0.776809
vt 0.370903 0.776363
vt 0.371338 0.777499
vt 0.370915 0.777499
vt 0.370202 0.776786
vt 0.370202 0.776363
vt 0.370682 0.777499
vt 0.345072 0.756674
vt 0.344637 0.756674
vt 0.344626 0.756229
vt 0.345072 0.756240
vt 0.343936 0.756674
vt 0.343936 0.756251
vt 0.344649 0.755538
vt 0.345072 0.755538
vt 0.343936 0.756018
vt 0.310490 0.738167
vt 0.310055 0.738168
vt 0.310044 0.737722
vt 0.310490 0.737733
vt 0.309354 0.738167
vt 0.309354 0.737744
vt 0.310067 0.737032
vt 0.310490 0.737032
vt 0.309354 0.737512
vt 0.382865 0.765645
vt 0.382431 0.765645
vt 0.382420 0.765200
vt 0.382865 0.765211
vt 0.381730 0.765645
vt 0.381730 0.765222
vt 0.382442 0.764509
vt 0.382865 0.764509
vt 0.381730 0.764989
vt 0.321207 0.738167
vt 0.321207 0.737733
vt 0.321653 0.737722
vt 0.321642 0.738167
vt 0.321207 0.737032
vt 0.321630 0.737032
vt 0.322343 0.737745
vt 0.322343 0.738167
vt 0.321863 0.737032
vt 0.345072 0.767392
vt 0.345072 0.767827
vt 0.344626 0.767837
vt 0.344637 0.767392
vt 0.345072 0.768528
vt 0.344649 0.768528
vt 0.343936 0.767815
vt 0.343936 0.767392
vt 0.344416 0.768528
vt 0.897749 0.720488
vt 0.897314 0.720488
vt 0.896961 0.720068
vt 0.897228 0.720053
vt 0.896613 0.720488
vt 0.896613 0.720079
vt 0.896613 0.719352
vt 0.896613 0.719352
vt 0.896613 0.719834
vt 0.395035 0.860645
vt 0.395556 0.860210
vt 0.395823 0.860225
vt 0.395470 0.860645
vt 0.396171 0.859509
vt 0.396171 0.859509
vt 0.396171 0.860236
vt 0.396171 0.860645
vt 0.133030 0.758946
vt 0.133465 0.758425
vt 0.133818 0.758158
vt 0.133551 0.758511
vt 0.134166 0.757810
vt 0.134166 0.757810
vt 0.395035 0.892913
vt 0.394600 0.892391
vt 0.394616 0.892124
vt 0.395035 0.892478
vt 0.393899 0.891777
vt 0.393899 0.891777
vt 0.394626 0.891777
vt 0.395035 0.891777
vt 0.393899 0.891777
vt 0.346261 0.767392
vt 0.346695 0.766871
vt 0.347049 0.766604
vt 0.346782 0.766957
vt 0.347396 0.766256
vt 0.347396 0.766256
vt 0.133030 0.767392
vt 0.133465 0.767392
vt 0.133818 0.767811
vt 0.133551 0.767826
vt 0.134166 0.767392
vt 0.134166 0.767801
vt 0.134166 0.768528
vt 0.134166 0.768528
vt 0.134166 0.768045
vt 0.395035 0.892913
vt 0.395556 0.892478
vt 0.395823 0.892493
vt 0.395470 0.892912
vt 0.396171 0.891777
vt 0.396171 0.891777
vt 0.396171 0.892504
vt 0.396171 0.892913
vt 0.133030 0.765120
vt 0.133551 0.765555
vt 0.133818 0.765909
vt 0.133465 0.765641
vt 0.134166 0.766256
vt 0.134166 0.766256
vt 0.134166 0.766256
vt 0.134166 0.766256
vt 0.395035 0.868712
vt 0.394600 0.868712
vt 0.394247 0.868292
vt 0.394514 0.868277
vt 0.393899 0.868712
vt 0.393899 0.868303
vt 0.393899 0.867576
vt 0.393899 0.867576
vt 0.393899 0.868059
vt 0.896921 0.729105
vt 0.896921 0.728670
vt 0.897340 0.728317
vt 0.897355 0.728584
vt 0.896921 0.727969
vt 0.897329 0.727969
vt 0.898056 0.727969
vt 0.898057 0.727969
vt 0.897574 0.727969
vt 0.124584 0.758946
vt 0.124149 0.758425
vt 0.124165 0.758158
vt 0.124584 0.758511
vt 0.123448 0.757810
vt 0.123448 0.757810
vt 0.124175 0.757810
vt 0.124584 0.757810
vt 0.123448 0.757810
vt 0.372527 0.765645
vt 0.373048 0.766080
vt 0.373315 0.766434
vt 0.372961 0.766166
vt 0.373663 0.766781
vt 0.373663 0.766781
vt 0.373663 0.766781
vt 0.896921 0.729105
vt 0.896486 0.729105
vt 0.896132 0.728686
vt 0.896399 0.728670
vt 0.895785 0.729105
vt 0.895785 0.728696
vt 0.895785 0.727969
vt 0.895785 0.727969
vt 0.895785 0.728452
vt 0.395035 0.836444
vt 0.395556 0.836010
vt 0.395823 0.836025
vt 0.395470 0.836444
vt 0.396171 0.835308
vt 0.396171 0.835308
vt 0.396171 0.836036
vt 0.396171 0.836444
vt 0.396171 0.835308
vt 0.126856 0.758946
vt 0.126334 0.758511
vt 0.126067 0.758158
vt 0.126421 0.758425
vt 0.125720 0.757810
vt 0.125720 0.757810
vt 0.125720 0.757810
vt 0.125720 0.757810
vt 0.395035 0.844511
vt 0.395556 0.844076
vt 0.395823 0.844092
vt 0.395470 0.844511
vt 0.396171 0.843375
vt 0.396171 0.843375
vt 0.396171 0.844102
vt 0.396171 0.844511
vt 0.396171 0.843375
vt 0.126856 0.765120
vt 0.126421 0.765642
vt 0.126067 0.765909
vt 0.126334 0.765555
vt 0.125720 0.766256
vt 0.125720 0.766256
vt 0.125720 0.766256
vt 0.395035 0.852578
vt 0.394600 0.852578
vt 0.394247 0.852159
vt 0.394514 0.852143
vt 0.393899 0.852578
vt 0.393899 0.852169
vt 0.393899 0.851442
vt 0.393899 0.851442
vt 0.393899 0.851925
vt 0.126856 0.756674
vt 0.126421 0.756674
vt 0.126067 0.756255
vt 0.126334 0.756240
vt 0.125720 0.756674
vt 0.125720 0.756266
vt 0.125720 0.755538
vt 0.125720 0.755538
vt 0.125720 0.756021
vt 0.395035 0.836444
vt 0.394600 0.835923
vt 0.394616 0.835656
vt 0.395035 0.836010
vt 0.393899 0.835308
vt 0.393899 0.835308
vt 0.394626 0.835308
vt 0.395035 0.835308
vt 0.393899 0.835308
vt 0.360999 0.776363
vt 0.361434 0.775842
vt 0.361788 0.775575
vt 0.361521 0.775928
vt 0.362135 0.775227
vt 0.362135 0.775227
vt 0.362135 0.775227
vt 0.126856 0.767392
vt 0.126334 0.767827
vt 0.126067 0.767811
vt 0.126421 0.767392
vt 0.125720 0.768528
vt 0.125720 0.767801
vt 0.125720 0.767392
vt 0.346261 0.756674
vt 0.346782 0.757109
vt 0.347049 0.757463
vt 0.346695 0.757195
vt 0.347396 0.757810
vt 0.347396 0.757810
vt 0.347396 0.757810
vt 0.395035 0.852578
vt 0.395035 0.852143
vt 0.395454 0.851790
vt 0.395470 0.852057
vt 0.395035 0.851442
vt 0.395444 0.851442
vt 0.396171 0.851442
vt 0.396171 0.851442
vt 0.395688 0.851442
vt 0.897749 0.720053
vt 0.898168 0.719699
vt 0.898183 0.719967
vt 0.897749 0.719352
vt 0.898157 0.719352
vt 0.898885 0.719352
vt 0.898885 0.719352
vt 0.898402 0.719352
vt 0.133030 0.756674
vt 0.133551 0.756240
vt 0.133818 0.756255
vt 0.133465 0.756674
vt 0.134166 0.755538
vt 0.134166 0.755538
vt 0.134166 0.756266
vt 0.134166 0.756674
vt 0.360999 0.765645
vt 0.361521 0.766080
vt 0.361788 0.766433
vt 0.361434 0.766166
vt 0.362135 0.766781
vt 0.362135 0.766781
vt 0.135302 0.758946
vt 0.135302 0.758511
vt 0.135721 0.758158
vt 0.135736 0.758425
vt 0.135302 0.757810
vt 0.135710 0.757810
vt 0.136438 0.757810
vt 0.136437 0.757810
vt 0.135955 0.757810
vt 0.394600 0.860124
vt 0.394616 0.859856
vt 0.395035 0.860210
vt 0.393899 0.859509
vt 0.393899 0.859509
vt 0.394626 0.859509
vt 0.395035 0.859509
vt 0.384054 0.776363
vt 0.384489 0.775842
vt 0.384842 0.775575
vt 0.384575 0.775928
vt 0.385190 0.775227
vt 0.385190 0.775227
vt 0.385190 0.775227
vt 0.385190 0.775227
vt 0.135302 0.765120
vt 0.135736 0.765642
vt 0.135721 0.765909
vt 0.135302 0.765555
vt 0.136437 0.766256
vt 0.136437 0.766256
vt 0.135710 0.766256
vt 0.135302 0.766256
vt 0.384054 0.765645
vt 0.384575 0.766080
vt 0.384842 0.766434
vt 0.384489 0.766166
vt 0.385190 0.766781
vt 0.385190 0.766781
vt 0.385190 0.766781
vt 0.385190 0.766781
vt 0.395035 0.868712
vt 0.395035 0.868277
vt 0.395454 0.867923
vt 0.395470 0.868191
vt 0.395035 0.867576
vt 0.395444 0.867576
vt 0.396171 0.867576
vt 0.396171 0.867576
vt 0.395688 0.867576
vt 0.124584 0.765120
vt 0.124584 0.765555
vt 0.124165 0.765909
vt 0.124149 0.765641
vt 0.124584 0.766256
vt 0.124175 0.766256
vt 0.123448 0.766256
vt 0.123448 0.766256
vt 0.123931 0.766256
vt 0.395035 0.844511
vt 0.394600 0.843990
vt 0.394616 0.843723
vt 0.395035 0.844077
vt 0.393899 0.843375
vt 0.394626 0.843375
vt 0.395035 0.843375
vt 0.372527 0.776363
vt 0.372961 0.775842
vt 0.373315 0.775575
vt 0.373048 0.775928
vt 0.373663 0.775227
vt 0.373663 0.775227
vt 0.373663 0.775227
vt 0.124584 0.885571
vt 0.124584 0.886005
vt 0.124165 0.886359
vt 0.124149 0.886092
vt 0.124584 0.886707
vt 0.124175 0.886707
vt 0.123448 0.886707
vt 0.123931 0.886707
vt 0.880154 0.723152
vt 0.879719 0.722631
vt 0.879734 0.722364
vt 0.880154 0.722718
vt 0.879018 0.722016
vt 0.879018 0.722017
vt 0.879745 0.722017
vt 0.880154 0.722017
vt 0.311831 0.739508
vt 0.312352 0.739943
vt 0.312619 0.740297
vt 0.312265 0.740029
vt 0.312966 0.740644
vt 0.312966 0.740644
vt 0.312966 0.740644
vt 0.312966 0.740644
vt 0.124584 0.882078
vt 0.124149 0.881557
vt 0.124165 0.881290
vt 0.124584 0.881643
vt 0.123448 0.880942
vt 0.124175 0.880942
vt 0.124584 0.880942
vt 0.319867 0.739508
vt 0.319432 0.740029
vt 0.319078 0.740297
vt 0.319345 0.739943
vt 0.318731 0.740644
vt 0.318731 0.740644
vt 0.318731 0.740644
vt 0.880154 0.715363
vt 0.880154 0.715798
vt 0.879734 0.716152
vt 0.879719 0.715885
vt 0.880154 0.716499
vt 0.879745 0.716499
vt 0.879018 0.716499
vt 0.879018 0.716499
vt 0.879500 0.716499
vt 0.880154 0.711871
vt 0.879719 0.711349
vt 0.879734 0.711082
vt 0.880154 0.711436
vt 0.879018 0.710735
vt 0.879018 0.710735
vt 0.879745 0.710735
vt 0.880154 0.710735
vt 0.319867 0.747544
vt 0.319345 0.747110
vt 0.319078 0.746756
vt 0.319432 0.747023
vt 0.318731 0.746409
vt 0.318731 0.746409
vt 0.318731 0.746408
vt 0.403010 0.876035
vt 0.403010 0.876470
vt 0.402591 0.876823
vt 0.402575 0.876556
vt 0.403010 0.877171
vt 0.402601 0.877171
vt 0.401874 0.877171
vt 0.402357 0.877171
vt 0.880154 0.726645
vt 0.880154 0.727080
vt 0.879734 0.727434
vt 0.879719 0.727166
vt 0.880154 0.727781
vt 0.879745 0.727781
vt 0.879018 0.727781
vt 0.879018 0.727781
vt 0.879500 0.727781
vt 0.403010 0.872542
vt 0.402575 0.872021
vt 0.402591 0.871754
vt 0.403010 0.872108
vt 0.401874 0.871406
vt 0.401874 0.871406
vt 0.402601 0.871406
vt 0.403010 0.871406
vt 0.401874 0.871406
vt 0.311831 0.747544
vt 0.312265 0.747023
vt 0.312619 0.746756
vt 0.312352 0.747110
vt 0.312966 0.746409
vt 0.312966 0.746409
vt 0.312966 0.746409
vt 0.881342 0.726645
vt 0.881777 0.727166
vt 0.881762 0.727433
vt 0.881343 0.727080
vt 0.882478 0.727781
vt 0.882478 0.727781
vt 0.881751 0.727781
vt 0.881342 0.727781
vt 0.882478 0.727781
vt 0.125925 0.758015
vt 0.126446 0.758450
vt 0.126713 0.758803
vt 0.126359 0.758536
vt 0.127061 0.759151
vt 0.127061 0.759151
vt 0.404199 0.872542
vt 0.404199 0.872107
vt 0.404618 0.871754
vt 0.404633 0.872021
vt 0.404199 0.871406
vt 0.404607 0.871406
vt 0.405335 0.871406
vt 0.405335 0.871406
vt 0.404852 0.871406
vt 0.881343 0.723152
vt 0.881343 0.722718
vt 0.881762 0.722364
vt 0.881777 0.722631
vt 0.881342 0.722017
vt 0.881751 0.722017
vt 0.882478 0.722017
vt 0.882478 0.722017
vt 0.881996 0.722017
vt 0.125773 0.885571
vt 0.126207 0.886092
vt 0.126192 0.886359
vt 0.125773 0.886005
vt 0.126909 0.886707
vt 0.126909 0.886707
vt 0.126181 0.886707
vt 0.125773 0.886706
vt 0.125925 0.766051
vt 0.126359 0.765530
vt 0.126713 0.765263
vt 0.126446 0.765616
vt 0.127061 0.764915
vt 0.127061 0.764915
vt 0.125773 0.882078
vt 0.125773 0.881643
vt 0.126192 0.881290
vt 0.126207 0.881557
vt 0.125773 0.880942
vt 0.126181 0.880942
vt 0.126909 0.880942
vt 0.126426 0.880942
vt 0.881343 0.715363
vt 0.881777 0.715885
vt 0.881762 0.716152
vt 0.881342 0.715798
vt 0.882478 0.716499
vt 0.882478 0.716499
vt 0.881751 0.716499
vt 0.881342 0.716499
vt 0.133961 0.766051
vt 0.133440 0.765616
vt 0.133173 0.765263
vt 0.133526 0.765530
vt 0.132825 0.764915
vt 0.132825 0.764915
vt 0.404199 0.876035
vt 0.404633 0.876556
vt 0.404618 0.876823
vt 0.404199 0.876470
vt 0.405335 0.877171
vt 0.405335 0.877171
vt 0.404607 0.877171
vt 0.404199 0.877171
vt 0.405335 0.877171
vt 0.133961 0.758015
vt 0.133526 0.758536
vt 0.133173 0.758803
vt 0.133440 0.758450
vt 0.132825 0.759151
vt 0.132825 0.759151
vt 0.132825 0.759151
vt 0.881343 0.711871
vt 0.881343 0.711436
vt 0.881762 0.711082
vt 0.881777 0.711349
vt 0.881342 0.710735
vt 0.881751 0.710735
vt 0.882478 0.710735
vt 0.882478 0.710735
vt 0.881996 0.710735
vt 0.386604 0.776363
vt 0.387038 0.776363
vt 0.387049 0.776809
vt 0.386604 0.776798
vt 0.387739 0.776363
vt 0.387739 0.776786
vt 0.387027 0.777499
vt 0.386604 0.777499
vt 0.387739 0.777019
vt 0.403010 0.901059
vt 0.403010 0.900624
vt 0.403455 0.900613
vt 0.403445 0.901059
vt 0.403010 0.899923
vt 0.403433 0.899923
vt 0.404146 0.900636
vt 0.404146 0.901059
vt 0.403666 0.899923
vt 0.363549 0.765645
vt 0.363549 0.765211
vt 0.363994 0.765200
vt 0.363984 0.765645
vt 0.363549 0.764509
vt 0.363972 0.764509
vt 0.364685 0.765222
vt 0.364685 0.765645
vt 0.364205 0.764509
vt 0.386604 0.765645
vt 0.386604 0.765211
vt 0.387049 0.765200
vt 0.387038 0.765645
vt 0.386604 0.764509
vt 0.387026 0.764509
vt 0.387739 0.765222
vt 0.387739 0.765645
vt 0.387259 0.764509
vt 0.348810 0.767392
vt 0.349245 0.767392
vt 0.349256 0.767837
vt 0.348810 0.767827
vt 0.349946 0.767392
vt 0.349946 0.767815
vt 0.349233 0.768528
vt 0.348810 0.768528
vt 0.349946 0.768048
vt 0.906005 0.684027
vt 0.906005 0.684462
vt 0.905560 0.684473
vt 0.905571 0.684027
vt 0.906005 0.685163
vt 0.905582 0.685163
vt 0.904869 0.684450
vt 0.904869 0.684027
vt 0.905349 0.685163
vt 0.348810 0.756674
vt 0.348810 0.756240
vt 0.349256 0.756229
vt 0.349245 0.756674
vt 0.348810 0.755538
vt 0.349233 0.755538
vt 0.349946 0.756251
vt 0.349946 0.756674
vt 0.349466 0.755538
vt 0.375076 0.776363
vt 0.375511 0.776363
vt 0.375522 0.776809
vt 0.375076 0.776798
vt 0.376212 0.776363
vt 0.376212 0.776786
vt 0.375499 0.777499
vt 0.375076 0.777499
vt 0.376212 0.777019
vt 0.124584 0.901977
vt 0.124584 0.902412
vt 0.124138 0.902423
vt 0.124149 0.901977
vt 0.124584 0.903113
vt 0.124161 0.903113
vt 0.123448 0.902400
vt 0.123448 0.901977
vt 0.123928 0.903113
vt 0.897749 0.720766
vt 0.897749 0.721200
vt 0.897303 0.721211
vt 0.897314 0.720766
vt 0.897749 0.721901
vt 0.897326 0.721901
vt 0.896613 0.721188
vt 0.896613 0.720765
vt 0.897093 0.721901
vt 0.403010 0.901493
vt 0.402564 0.901504
vt 0.402575 0.901059
vt 0.403010 0.902194
vt 0.402587 0.902194
vt 0.401874 0.901482
vt 0.401874 0.901059
vt 0.402354 0.902194
vt 0.395035 0.860923
vt 0.395470 0.860923
vt 0.395481 0.861368
vt 0.395035 0.861357
vt 0.396171 0.860923
vt 0.396171 0.861346
vt 0.395458 0.862059
vt 0.395035 0.862059
vt 0.396171 0.861578
vt 0.395035 0.893190
vt 0.395035 0.893625
vt 0.394590 0.893636
vt 0.394600 0.893190
vt 0.395035 0.894326
vt 0.394612 0.894326
vt 0.393899 0.893613
vt 0.393899 0.893190
vt 0.394379 0.894326
vt 0.905571 0.684027
vt 0.905560 0.683582
vt 0.906005 0.683593
vt 0.904869 0.684027
vt 0.904869 0.683604
vt 0.905582 0.682891
vt 0.906005 0.682891
vt 0.904869 0.683371
vt 0.348810 0.767392
vt 0.348810 0.766957
vt 0.349256 0.766946
vt 0.349245 0.767392
vt 0.348810 0.766256
vt 0.349233 0.766256
vt 0.349946 0.766969
vt 0.349946 0.767392
vt 0.349466 0.766256
vt 0.395470 0.893190
vt 0.395481 0.893636
vt 0.395035 0.893625
vt 0.396171 0.893190
vt 0.396171 0.893613
vt 0.395458 0.894326
vt 0.396171 0.893846
vt 0.395035 0.868990
vt 0.395035 0.869424
vt 0.394590 0.869435
vt 0.394600 0.868989
vt 0.395035 0.870125
vt 0.394612 0.870125
vt 0.393899 0.869412
vt 0.393899 0.868989
vt 0.394379 0.870125
vt 0.906005 0.684027
vt 0.906005 0.683592
vt 0.906451 0.683582
vt 0.906440 0.684027
vt 0.906005 0.682891
vt 0.906428 0.682891
vt 0.907141 0.683604
vt 0.907141 0.684027
vt 0.906661 0.682891
vt 0.896921 0.729383
vt 0.897355 0.729383
vt 0.897366 0.729828
vt 0.896921 0.729817
vt 0.898056 0.729383
vt 0.898057 0.729806
vt 0.897344 0.730519
vt 0.896921 0.730518
vt 0.898056 0.730038
vt 0.375076 0.765645
vt 0.375511 0.765645
vt 0.375522 0.766091
vt 0.375076 0.766080
vt 0.376212 0.765645
vt 0.376212 0.766068
vt 0.375499 0.766781
vt 0.375076 0.766781
vt 0.376212 0.766301
vt 0.906005 0.676238
vt 0.905571 0.676238
vt 0.905560 0.675793
vt 0.906005 0.675804
vt 0.904869 0.676238
vt 0.904869 0.675815
vt 0.905582 0.675102
vt 0.906005 0.675102
vt 0.904869 0.675582
vt 0.896921 0.729383
vt 0.896475 0.729828
vt 0.896486 0.729383
vt 0.896921 0.730518
vt 0.896498 0.730519
vt 0.895785 0.729806
vt 0.895785 0.729383
vt 0.896265 0.730518
vt 0.906005 0.676238
vt 0.906005 0.676673
vt 0.905560 0.676684
vt 0.905570 0.676238
vt 0.906005 0.677374
vt 0.905582 0.677374
vt 0.904869 0.676661
vt 0.904869 0.676238
vt 0.905349 0.677374
vt 0.395035 0.836722
vt 0.395470 0.836722
vt 0.395481 0.837167
vt 0.395035 0.837157
vt 0.396171 0.836722
vt 0.396171 0.837145
vt 0.395458 0.837858
vt 0.395035 0.837858
vt 0.396171 0.837378
vt 0.395035 0.844789
vt 0.395470 0.844789
vt 0.395481 0.845234
vt 0.395035 0.845224
vt 0.396171 0.844789
vt 0.396171 0.845212
vt 0.395458 0.845925
vt 0.395035 0.845925
vt 0.396171 0.845445
vt 0.395035 0.852856
vt 0.395035 0.853290
vt 0.394590 0.853301
vt 0.394600 0.852856
vt 0.395035 0.853992
vt 0.394612 0.853992
vt 0.393899 0.853279
vt 0.393899 0.852856
vt 0.394379 0.853992
vt 0.124584 0.901977
vt 0.124584 0.901542
vt 0.125030 0.901532
vt 0.125019 0.901977
vt 0.124584 0.900841
vt 0.125007 0.900841
vt 0.125720 0.901554
vt 0.125720 0.901977
vt 0.125240 0.900841
vt 0.363549 0.776363
vt 0.363549 0.775928
vt 0.363994 0.775917
vt 0.363984 0.776363
vt 0.363549 0.775227
vt 0.363972 0.775227
vt 0.364685 0.775940
vt 0.364685 0.776363
vt 0.364205 0.775227
vt 0.395035 0.836722
vt 0.395035 0.837157
vt 0.394590 0.837168
vt 0.394601 0.836722
vt 0.395035 0.837858
vt 0.394612 0.837858
vt 0.393899 0.837145
vt 0.393899 0.836722
vt 0.394379 0.837858
vt 0.906440 0.676238
vt 0.906451 0.676684
vt 0.906005 0.676673
vt 0.907141 0.676238
vt 0.907141 0.676661
vt 0.906428 0.677374
vt 0.906005 0.677374
vt 0.907141 0.676894
vt 0.348810 0.756674
vt 0.349245 0.756674
vt 0.349256 0.757120
vt 0.348810 0.757109
vt 0.349946 0.756674
vt 0.349946 0.757097
vt 0.349233 0.757810
vt 0.348810 0.757810
vt 0.349946 0.757330
vt 0.124584 0.901977
vt 0.125019 0.901977
vt 0.125030 0.902423
vt 0.124584 0.902412
vt 0.125720 0.902400
vt 0.125007 0.903113
vt 0.124584 0.903113
vt 0.125720 0.902633
vt 0.395035 0.852856
vt 0.395470 0.852856
vt 0.395481 0.853301
vt 0.395035 0.853290
vt 0.396171 0.852856
vt 0.396171 0.853279
vt 0.395458 0.853992
vt 0.396171 0.853512
vt 0.897749 0.720765
vt 0.898183 0.720765
vt 0.898194 0.721211
vt 0.897749 0.721200
vt 0.898885 0.720765
vt 0.898885 0.721188
vt 0.898172 0.721901
vt 0.897749 0.721901
vt 0.898885 0.721421
vt 0.363549 0.765645
vt 0.363984 0.765645
vt 0.363994 0.766091
vt 0.363549 0.766080
vt 0.364685 0.765645
vt 0.364685 0.766068
vt 0.363972 0.766781
vt 0.363549 0.766781
vt 0.364685 0.766301
vt 0.403010 0.901059
vt 0.402575 0.901059
vt 0.402564 0.900613
vt 0.403010 0.900624
vt 0.401874 0.901059
vt 0.401874 0.900636
vt 0.402587 0.899923
vt 0.403010 0.899923
vt 0.401874 0.900403
vt 0.386604 0.775928
vt 0.387049 0.775917
vt 0.387038 0.776363
vt 0.386604 0.775227
vt 0.387026 0.775227
vt 0.387739 0.775940
vt 0.387739 0.776363
vt 0.387259 0.775227
vt 0.395035 0.860923
vt 0.395035 0.861357
vt 0.394590 0.861368
vt 0.394600 0.860923
vt 0.395035 0.862059
vt 0.394612 0.862059
vt 0.393899 0.861346
vt 0.393899 0.860923
vt 0.394379 0.862058
vt 0.403010 0.901058
vt 0.403445 0.901059
vt 0.403455 0.901504
vt 0.403010 0.901493
vt 0.404146 0.901059
vt 0.404146 0.901482
vt 0.403433 0.902194
vt 0.403010 0.902194
vt 0.404146 0.901714
vt 0.386604 0.765645
vt 0.387038 0.765645
vt 0.387049 0.766091
vt 0.386604 0.766080
vt 0.387739 0.766068
vt 0.387027 0.766781
vt 0.386604 0.766781
vt 0.387739 0.766301
vt 0.906005 0.684027
vt 0.906440 0.684027
vt 0.906451 0.684473
vt 0.906005 0.684462
vt 0.907141 0.684027
vt 0.907141 0.684450
vt 0.906428 0.685163
vt 0.906005 0.685163
vt 0.907141 0.684683
vt 0.395035 0.868989
vt 0.395470 0.868990
vt 0.395481 0.869435
vt 0.395035 0.869424
vt 0.396171 0.868990
vt 0.396171 0.869413
vt 0.395458 0.870125
vt 0.395035 0.870125
vt 0.396171 0.869645
vt 0.375076 0.776363
vt 0.375076 0.775928
vt 0.375522 0.775917
vt 0.375511 0.776363
vt 0.375076 0.775227
vt 0.375499 0.775227
vt 0.376212 0.775940
vt 0.376212 0.776363
vt 0.375732 0.775227
vt 0.395035 0.844789
vt 0.395035 0.845224
vt 0.394590 0.845235
vt 0.394601 0.844789
vt 0.394612 0.845925
vt 0.393899 0.845212
vt 0.393899 0.844789
vt 0.394379 0.845925
vt 0.124584 0.901977
vt 0.124149 0.901977
vt 0.124138 0.901532
vt 0.124584 0.901543
vt 0.123448 0.901554
vt 0.124161 0.900841
vt 0.124584 0.900841
vt 0.123448 0.901321
vt 0.363549 0.776363
vt 0.363984 0.776363
vt 0.363994 0.776809
vt 0.363549 0.776798
vt 0.364685 0.776786
vt 0.363972 0.777499
vt 0.363549 0.777499
vt 0.364685 0.777019
vt 0.906005 0.676238
vt 0.906005 0.675803
vt 0.906451 0.675793
vt 0.906440 0.676238
vt 0.906005 0.675102
vt 0.906428 0.675102
vt 0.907141 0.675815
vt 0.907141 0.676238
vt 0.906661 0.675102
vt 0.375076 0.765645
vt 0.375076 0.765211
vt 0.375522 0.765200
vt 0.375511 0.765645
vt 0.375076 0.764509
vt 0.375499 0.764509
vt 0.376212 0.765222
vt 0.376212 0.765645
vt 0.375732 0.764509
vt 0.880982 0.704223
vt 0.881416 0.704223
vt 0.881427 0.704613
vt 0.880982 0.704603
vt 0.882118 0.704223
vt 0.882117 0.704593
vt 0.881405 0.705217
vt 0.880982 0.705217
vt 0.882118 0.704797
vt 0.403010 0.864895
vt 0.403010 0.865275
vt 0.402564 0.865285
vt 0.402575 0.864895
vt 0.403010 0.865889
vt 0.402587 0.865889
vt 0.401874 0.865265
vt 0.401874 0.864895
vt 0.402354 0.865889
vt 0.898216 0.684855
vt 0.898216 0.684421
vt 0.898662 0.684410
vt 0.898651 0.684855
vt 0.898216 0.683720
vt 0.898639 0.683720
vt 0.899352 0.684432
vt 0.899352 0.684855
vt 0.898872 0.683720
vt 0.124584 0.874431
vt 0.124584 0.874811
vt 0.124138 0.874821
vt 0.124149 0.874431
vt 0.124584 0.875425
vt 0.124161 0.875425
vt 0.123448 0.874801
vt 0.123448 0.874431
vt 0.123928 0.875425
vt 0.889599 0.693473
vt 0.889599 0.693038
vt 0.890044 0.693027
vt 0.890034 0.693473
vt 0.889599 0.692337
vt 0.890022 0.692337
vt 0.890735 0.693050
vt 0.890735 0.693472
vt 0.890255 0.692337
vt 0.872365 0.686407
vt 0.872799 0.686407
vt 0.872810 0.686797
vt 0.872365 0.686787
vt 0.873500 0.686407
vt 0.873500 0.686777
vt 0.872787 0.687401
vt 0.872365 0.687401
vt 0.873500 0.686981
vt 0.880154 0.686407
vt 0.880154 0.686787
vt 0.879708 0.686797
vt 0.879719 0.686407
vt 0.880154 0.687401
vt 0.879731 0.687401
vt 0.879018 0.686777
vt 0.879018 0.686407
vt 0.879498 0.687401
vt 0.888771 0.702918
vt 0.888771 0.703353
vt 0.888325 0.703363
vt 0.888336 0.702918
vt 0.888771 0.704054
vt 0.888348 0.704054
vt 0.887635 0.703341
vt 0.887635 0.702918
vt 0.888115 0.704054
vt 0.872365 0.722039
vt 0.872799 0.722039
vt 0.872810 0.722429
vt 0.872365 0.722420
vt 0.873500 0.722039
vt 0.873500 0.722409
vt 0.872787 0.723033
vt 0.872365 0.723033
vt 0.873500 0.722613
vt 0.871536 0.704223
vt 0.871537 0.704604
vt 0.871091 0.704613
vt 0.871102 0.704223
vt 0.871536 0.705217
vt 0.871113 0.705217
vt 0.870400 0.704593
vt 0.870401 0.704223
vt 0.870881 0.705217
vt 0.897388 0.694301
vt 0.897388 0.694735
vt 0.896942 0.694746
vt 0.896953 0.694301
vt 0.897388 0.695436
vt 0.896965 0.695436
vt 0.896252 0.694724
vt 0.896252 0.694301
vt 0.896732 0.695436
vt 0.134029 0.874431
vt 0.134464 0.874431
vt 0.134475 0.874821
vt 0.134029 0.874811
vt 0.135165 0.874431
vt 0.135165 0.874801
vt 0.134452 0.875425
vt 0.134029 0.875425
vt 0.135165 0.875005
vt 0.880982 0.693913
vt 0.880982 0.693532
vt 0.881427 0.693523
vt 0.881416 0.693913
vt 0.880982 0.692918
vt 0.881405 0.692918
vt 0.882117 0.693542
vt 0.882118 0.693913
vt 0.881637 0.692918
vt 0.889132 0.721316
vt 0.889132 0.721750
vt 0.888686 0.721761
vt 0.888697 0.721316
vt 0.889132 0.722452
vt 0.888709 0.722452
vt 0.887996 0.721739
vt 0.887996 0.721316
vt 0.888476 0.722452
vt 0.403010 0.854585
vt 0.402575 0.854585
vt 0.402564 0.854194
vt 0.403010 0.854204
vt 0.401874 0.854584
vt 0.401874 0.854214
vt 0.402587 0.853590
vt 0.403010 0.853590
vt 0.401874 0.854010
vt 0.863747 0.693913
vt 0.863747 0.693532
vt 0.864193 0.693523
vt 0.864182 0.693913
vt 0.863747 0.692919
vt 0.864170 0.692918
vt 0.864883 0.693542
vt 0.864883 0.693913
vt 0.864403 0.692918
vt 0.889960 0.720488
vt 0.889960 0.720053
vt 0.890405 0.720042
vt 0.890394 0.720488
vt 0.889960 0.719352
vt 0.890383 0.719352
vt 0.891095 0.720065
vt 0.891096 0.720488
vt 0.890615 0.719352
vt 0.862919 0.711729
vt 0.862485 0.711729
vt 0.862474 0.711339
vt 0.862919 0.711348
vt 0.861783 0.711729
vt 0.861783 0.711359
vt 0.862496 0.710735
vt 0.862919 0.710735
vt 0.861783 0.711155
vt 0.125412 0.864120
vt 0.125412 0.863740
vt 0.125858 0.863730
vt 0.125847 0.864120
vt 0.125412 0.863126
vt 0.125835 0.863126
vt 0.126548 0.863750
vt 0.126548 0.864120
vt 0.126068 0.863126
vt 0.898216 0.702918
vt 0.898651 0.702918
vt 0.898662 0.703363
vt 0.898216 0.703353
vt 0.899352 0.702918
vt 0.899352 0.703341
vt 0.898639 0.704054
vt 0.898216 0.704054
vt 0.899352 0.703574
vt 0.862919 0.676096
vt 0.862485 0.676096
vt 0.862474 0.675706
vt 0.862919 0.675716
vt 0.861783 0.676096
vt 0.861783 0.675726
vt 0.862496 0.675102
vt 0.862919 0.675102
vt 0.861783 0.675522
vt 0.871536 0.686407
vt 0.871536 0.686787
vt 0.871091 0.686797
vt 0.871102 0.686407
vt 0.871536 0.687401
vt 0.871113 0.687401
vt 0.870401 0.686777
vt 0.870401 0.686407
vt 0.870881 0.687401
vt 0.888771 0.693473
vt 0.888336 0.693473
vt 0.888325 0.693027
vt 0.888771 0.693038
vt 0.887635 0.693472
vt 0.887635 0.693050
vt 0.888348 0.692337
vt 0.888771 0.692337
vt 0.887635 0.692817
vt 0.134029 0.856615
vt 0.134464 0.856615
vt 0.134475 0.857004
vt 0.134029 0.856995
vt 0.135165 0.856615
vt 0.135165 0.856985
vt 0.134452 0.857609
vt 0.134029 0.857609
vt 0.135165 0.857189
vt 0.403838 0.864895
vt 0.404273 0.864895
vt 0.404284 0.865285
vt 0.403838 0.865275
vt 0.404974 0.864895
vt 0.404974 0.865265
vt 0.404261 0.865889
vt 0.403838 0.865889
vt 0.404974 0.865469
vt 0.862919 0.704223
vt 0.862919 0.704604
vt 0.862474 0.704613
vt 0.862484 0.704223
vt 0.862919 0.705217
vt 0.862496 0.705217
vt 0.861783 0.704593
vt 0.861783 0.704223
vt 0.862263 0.705217
vt 0.898216 0.685683
vt 0.898651 0.685683
vt 0.898662 0.686129
vt 0.898216 0.686118
vt 0.899352 0.685683
vt 0.899352 0.686107
vt 0.898639 0.686819
vt 0.898216 0.686819
vt 0.899352 0.686339
vt 0.871536 0.722039
vt 0.871536 0.722420
vt 0.871091 0.722429
vt 0.871102 0.722039
vt 0.871536 0.723033
vt 0.871113 0.723033
vt 0.870400 0.722409
vt 0.870401 0.722039
vt 0.870881 0.723033
vt 0.889599 0.702918
vt 0.890034 0.702918
vt 0.890045 0.703363
vt 0.889599 0.703353
vt 0.890735 0.702918
vt 0.890735 0.703341
vt 0.890022 0.704054
vt 0.889599 0.704054
vt 0.890735 0.703574
vt 0.125412 0.838798
vt 0.125847 0.838798
vt 0.125858 0.839188
vt 0.125412 0.839179
vt 0.126548 0.838798
vt 0.126548 0.839169
vt 0.125835 0.839793
vt 0.125412 0.839793
vt 0.126548 0.839372
vt 0.872365 0.704223
vt 0.872799 0.704223
vt 0.872810 0.704613
vt 0.872365 0.704603
vt 0.873500 0.704223
vt 0.873500 0.704593
vt 0.872787 0.705217
vt 0.872365 0.705217
vt 0.873500 0.704797
vt 0.124584 0.856614
vt 0.124584 0.856995
vt 0.124138 0.857005
vt 0.124149 0.856615
vt 0.124584 0.857609
vt 0.124161 0.857609
vt 0.123448 0.856985
vt 0.123448 0.856615
vt 0.123928 0.857609
vt 0.897388 0.693472
vt 0.896953 0.693472
vt 0.896942 0.693027
vt 0.897388 0.693038
vt 0.896252 0.693472
vt 0.896252 0.693050
vt 0.896965 0.692337
vt 0.897388 0.692337
vt 0.896252 0.692817
vt 0.125412 0.828488
vt 0.125412 0.828108
vt 0.125858 0.828098
vt 0.125847 0.828488
vt 0.125412 0.827494
vt 0.125835 0.827494
vt 0.126548 0.828118
vt 0.126548 0.828488
vt 0.126068 0.827494
vt 0.898577 0.712699
vt 0.899012 0.712699
vt 0.899022 0.713144
vt 0.898577 0.713133
vt 0.899713 0.712699
vt 0.899713 0.713122
vt 0.899000 0.713834
vt 0.898577 0.713834
vt 0.899713 0.713354
vt 0.871536 0.711729
vt 0.871102 0.711729
vt 0.871091 0.711339
vt 0.871536 0.711348
vt 0.870401 0.711729
vt 0.870400 0.711359
vt 0.871113 0.710735
vt 0.871536 0.710735
vt 0.870401 0.711155
vt 0.862919 0.693913
vt 0.862484 0.693913
vt 0.862474 0.693523
vt 0.862919 0.693532
vt 0.861783 0.693913
vt 0.861783 0.693542
vt 0.862496 0.692919
vt 0.862919 0.692919
vt 0.861783 0.693339
vt 0.403838 0.854585
vt 0.403838 0.854204
vt 0.404283 0.854194
vt 0.404273 0.854584
vt 0.403838 0.853590
vt 0.404261 0.853590
vt 0.404974 0.854214
vt 0.404974 0.854584
vt 0.404494 0.853590
vt 0.889960 0.721316
vt 0.890394 0.721316
vt 0.890405 0.721761
vt 0.889960 0.721750
vt 0.891096 0.721316
vt 0.891096 0.721739
vt 0.890383 0.722452
vt 0.889960 0.722452
vt 0.891096 0.721972
vt 0.134029 0.846304
vt 0.134029 0.845924
vt 0.134475 0.845914
vt 0.134464 0.846304
vt 0.134029 0.845310
vt 0.134452 0.845310
vt 0.135165 0.845934
vt 0.135165 0.846304
vt 0.134685 0.845310
vt 0.897388 0.702090
vt 0.896953 0.702090
vt 0.896942 0.701644
vt 0.897388 0.701655
vt 0.896252 0.702090
vt 0.896252 0.701667
vt 0.896965 0.700954
vt 0.897388 0.700954
vt 0.896252 0.701434
vt 0.871536 0.676096
vt 0.871102 0.676096
vt 0.871091 0.675706
vt 0.871536 0.675716
vt 0.870401 0.676096
vt 0.870401 0.675726
vt 0.871113 0.675102
vt 0.871536 0.675102
vt 0.870401 0.675523
vt 0.125412 0.874431
vt 0.125847 0.874431
vt 0.125858 0.874821
vt 0.125412 0.874811
vt 0.126548 0.874431
vt 0.126548 0.874801
vt 0.125835 0.875425
vt 0.125412 0.875425
vt 0.126548 0.875005
vt 0.862919 0.686407
vt 0.862919 0.686787
vt 0.862474 0.686797
vt 0.862484 0.686407
vt 0.862919 0.687401
vt 0.862496 0.687401
vt 0.861783 0.686777
vt 0.861783 0.686407
vt 0.862263 0.687401
vt 0.889599 0.694301
vt 0.890034 0.694301
vt 0.890044 0.694746
vt 0.889599 0.694735
vt 0.890735 0.694301
vt 0.890735 0.694724
vt 0.890022 0.695436
vt 0.889599 0.695436
vt 0.890735 0.694956
vt 0.898216 0.694301
vt 0.898651 0.694301
vt 0.898662 0.694746
vt 0.898216 0.694735
vt 0.899352 0.694301
vt 0.899352 0.694724
vt 0.898639 0.695436
vt 0.898216 0.695436
vt 0.899352 0.694956
vt 0.403838 0.847079
vt 0.404273 0.847079
vt 0.404284 0.847469
vt 0.403838 0.847459
vt 0.404974 0.847079
vt 0.404974 0.847449
vt 0.404261 0.848073
vt 0.403838 0.848073
vt 0.404974 0.847653
vt 0.133201 0.874431
vt 0.133201 0.874811
vt 0.132756 0.874821
vt 0.132767 0.874431
vt 0.133201 0.875425
vt 0.132778 0.875425
vt 0.132065 0.874801
vt 0.132065 0.874431
vt 0.132545 0.875425
vt 0.880154 0.704223
vt 0.880154 0.704603
vt 0.879708 0.704613
vt 0.879719 0.704223
vt 0.880154 0.705217
vt 0.879731 0.705217
vt 0.879018 0.704593
vt 0.879018 0.704223
vt 0.879498 0.705217
vt 0.897388 0.684855
vt 0.896953 0.684855
vt 0.896942 0.684410
vt 0.897388 0.684421
vt 0.896252 0.684855
vt 0.896252 0.684432
vt 0.896965 0.683720
vt 0.897388 0.683719
vt 0.896252 0.684200
vt 0.863747 0.722039
vt 0.864182 0.722039
vt 0.864193 0.722429
vt 0.863747 0.722420
vt 0.864883 0.722039
vt 0.864883 0.722409
vt 0.864170 0.723033
vt 0.863747 0.723033
vt 0.864883 0.722613
vt 0.880982 0.686407
vt 0.881416 0.686407
vt 0.881427 0.686797
vt 0.880982 0.686787
vt 0.882118 0.686407
vt 0.882117 0.686777
vt 0.881405 0.687401
vt 0.880982 0.687401
vt 0.882118 0.686981
vt 0.133201 0.838798
vt 0.133201 0.839179
vt 0.132756 0.839188
vt 0.132767 0.838798
vt 0.133201 0.839793
vt 0.132778 0.839793
vt 0.132065 0.839169
vt 0.132065 0.838798
vt 0.132545 0.839793
vt 0.888771 0.702090
vt 0.888336 0.702090
vt 0.888325 0.701644
vt 0.888771 0.701655
vt 0.887635 0.702090
vt 0.887635 0.701667
vt 0.888348 0.700954
vt 0.888771 0.700954
vt 0.887635 0.701434
vt 0.133201 0.828488
vt 0.132767 0.828488
vt 0.132756 0.828098
vt 0.133201 0.828108
vt 0.132065 0.828488
vt 0.132065 0.828118
vt 0.132778 0.827494
vt 0.133201 0.827494
vt 0.132065 0.827914
vt 0.880982 0.676096
vt 0.880982 0.675716
vt 0.881427 0.675706
vt 0.881416 0.676096
vt 0.880982 0.675102
vt 0.881405 0.675102
vt 0.882118 0.675726
vt 0.882118 0.676096
vt 0.881638 0.675102
vt 0.897749 0.711870
vt 0.897314 0.711870
vt 0.897303 0.711425
vt 0.897749 0.711436
vt 0.896613 0.711870
vt 0.896613 0.711448
vt 0.897326 0.710735
vt 0.897749 0.710735
vt 0.896613 0.711215
vt 0.403838 0.836768
vt 0.403838 0.836388
vt 0.404284 0.836378
vt 0.404273 0.836768
vt 0.403838 0.835774
vt 0.404261 0.835774
vt 0.404974 0.836398
vt 0.404974 0.836768
vt 0.404494 0.835774
vt 0.889960 0.712699
vt 0.890394 0.712699
vt 0.890405 0.713144
vt 0.889960 0.713133
vt 0.891095 0.712699
vt 0.891095 0.713122
vt 0.890383 0.713835
vt 0.889960 0.713834
vt 0.891096 0.713354
vt 0.133201 0.864120
vt 0.132767 0.864120
vt 0.132756 0.863730
vt 0.133201 0.863740
vt 0.132065 0.864120
vt 0.132065 0.863750
vt 0.132778 0.863126
vt 0.133201 0.863126
vt 0.132065 0.863546
vt 0.862919 0.722039
vt 0.862919 0.722420
vt 0.862474 0.722429
vt 0.862484 0.722039
vt 0.862919 0.723033
vt 0.862496 0.723033
vt 0.861783 0.722409
vt 0.861783 0.722039
vt 0.862263 0.723033
vt 0.897388 0.685683
vt 0.897388 0.686118
vt 0.896942 0.686129
vt 0.896953 0.685683
vt 0.897388 0.686819
vt 0.896965 0.686819
vt 0.896252 0.686106
vt 0.896252 0.685683
vt 0.896732 0.686819
vt 0.863747 0.704223
vt 0.864182 0.704223
vt 0.864193 0.704613
vt 0.863747 0.704604
vt 0.864883 0.704223
vt 0.864883 0.704593
vt 0.864170 0.705217
vt 0.863747 0.705217
vt 0.864883 0.704797
vt 0.863747 0.686407
vt 0.864182 0.686407
vt 0.864193 0.686797
vt 0.863747 0.686787
vt 0.864883 0.686407
vt 0.864883 0.686777
vt 0.864170 0.687401
vt 0.863747 0.687401
vt 0.864883 0.686981
vt 0.133201 0.856614
vt 0.133201 0.856995
vt 0.132756 0.857004
vt 0.132767 0.856615
vt 0.133201 0.857609
vt 0.132778 0.857609
vt 0.132065 0.856985
vt 0.132065 0.856615
vt 0.132545 0.857609
vt 0.888771 0.694301
vt 0.888771 0.694735
vt 0.888325 0.694746
vt 0.888336 0.694301
vt 0.888771 0.695436
vt 0.888348 0.695436
vt 0.887635 0.694724
vt 0.887635 0.694301
vt 0.888115 0.695436
vt 0.403010 0.847079
vt 0.403010 0.847459
vt 0.402564 0.847469
vt 0.402575 0.847079
vt 0.403010 0.848073
vt 0.402587 0.848073
vt 0.401874 0.847449
vt 0.401874 0.847079
vt 0.402354 0.848073
vt 0.898216 0.693472
vt 0.898216 0.693038
vt 0.898662 0.693027
vt 0.898651 0.693473
vt 0.898216 0.692337
vt 0.898639 0.692337
vt 0.899352 0.693049
vt 0.899352 0.693473
vt 0.898872 0.692337
vt 0.125412 0.856615
vt 0.125847 0.856615
vt 0.125858 0.857005
vt 0.125412 0.856995
vt 0.126548 0.856615
vt 0.126548 0.856985
vt 0.125835 0.857609
vt 0.125412 0.857609
vt 0.126548 0.857189
vt 0.134029 0.838798
vt 0.134464 0.838798
vt 0.134475 0.839188
vt 0.134029 0.839179
vt 0.135165 0.838798
vt 0.135165 0.839169
vt 0.134452 0.839793
vt 0.134029 0.839793
vt 0.135165 0.839372
vt 0.124584 0.838799
vt 0.124584 0.839179
vt 0.124138 0.839188
vt 0.124149 0.838798
vt 0.124584 0.839793
vt 0.124161 0.839793
vt 0.123448 0.839169
vt 0.123448 0.838798
vt 0.123928 0.839793
vt 0.889599 0.702090
vt 0.889599 0.701655
vt 0.890045 0.701644
vt 0.890034 0.702090
vt 0.889599 0.700954
vt 0.890022 0.700954
vt 0.890735 0.701667
vt 0.890735 0.702090
vt 0.890255 0.700954
vt 0.124584 0.828488
vt 0.124149 0.828488
vt 0.124138 0.828098
vt 0.124584 0.828107
vt 0.123448 0.828488
vt 0.123448 0.828118
vt 0.124161 0.827494
vt 0.124584 0.827494
vt 0.123448 0.827914
vt 0.134029 0.828488
vt 0.134029 0.828107
vt 0.134475 0.828098
vt 0.134464 0.828488
vt 0.134029 0.827494
vt 0.134452 0.827494
vt 0.135165 0.828118
vt 0.135165 0.828488
vt 0.134685 0.827494
vt 0.897749 0.712699
vt 0.897749 0.713133
vt 0.897303 0.713144
vt 0.897314 0.712699
vt 0.897749 0.713834
vt 0.897326 0.713834
vt 0.896613 0.713122
vt 0.896613 0.712699
vt 0.897093 0.713834
vt 0.133201 0.846304
vt 0.132767 0.846304
vt 0.132756 0.845914
vt 0.133201 0.845924
vt 0.132065 0.846304
vt 0.132065 0.845934
vt 0.132778 0.845310
vt 0.133201 0.845310
vt 0.132065 0.845730
vt 0.863747 0.676096
vt 0.863747 0.675716
vt 0.864193 0.675706
vt 0.864182 0.676096
vt 0.863747 0.675102
vt 0.864170 0.675102
vt 0.864883 0.675726
vt 0.864883 0.676096
vt 0.864403 0.675102
vt 0.898216 0.702090
vt 0.898216 0.701655
vt 0.898662 0.701644
vt 0.898651 0.702090
vt 0.898216 0.700954
vt 0.898639 0.700954
vt 0.899352 0.701667
vt 0.899352 0.702090
vt 0.898872 0.700954
vt 0.403010 0.836768
vt 0.402575 0.836768
vt 0.402564 0.836378
vt 0.403010 0.836388
vt 0.401874 0.836768
vt 0.401874 0.836398
vt 0.402587 0.835774
vt 0.403010 0.835774
vt 0.401874 0.836194
vt 0.125412 0.846304
vt 0.125412 0.845924
vt 0.125858 0.845914
vt 0.125847 0.846304
vt 0.125412 0.845310
vt 0.125835 0.845310
vt 0.126548 0.845934
vt 0.126548 0.846304
vt 0.126068 0.845310
vt 0.889131 0.712699
vt 0.889131 0.713133
vt 0.888686 0.713144
vt 0.888697 0.712699
vt 0.889132 0.713834
vt 0.888709 0.713834
vt 0.887996 0.713122
vt 0.887996 0.712699
vt 0.888476 0.713834
vt 0.872364 0.693913
vt 0.872365 0.693532
vt 0.872810 0.693523
vt 0.872799 0.693913
vt 0.872365 0.692918
vt 0.872788 0.692918
vt 0.873500 0.693542
vt 0.873500 0.693913
vt 0.873020 0.692918
vt 0.889131 0.711870
vt 0.888697 0.711870
vt 0.888686 0.711425
vt 0.889131 0.711436
vt 0.887996 0.711870
vt 0.887996 0.711447
vt 0.888708 0.710735
vt 0.889132 0.710735
vt 0.887996 0.711215
vt 0.124584 0.846304
vt 0.124149 0.846304
vt 0.124138 0.845914
vt 0.124584 0.845924
vt 0.123448 0.846304
vt 0.123448 0.845934
vt 0.124161 0.845310
vt 0.124584 0.845310
vt 0.123448 0.845730
vt 0.863747 0.711729
vt 0.863747 0.711348
vt 0.864193 0.711339
vt 0.864182 0.711729
vt 0.863747 0.710735
vt 0.864170 0.710735
vt 0.864883 0.711359
vt 0.864883 0.711729
vt 0.864403 0.710735
vt 0.889131 0.720488
vt 0.888697 0.720488
vt 0.888686 0.720042
vt 0.889132 0.720053
vt 0.887996 0.720488
vt 0.887996 0.720065
vt 0.888709 0.719352
vt 0.889132 0.719352
vt 0.887996 0.719832
vt 0.880154 0.693913
vt 0.879719 0.693913
vt 0.879708 0.693523
vt 0.880153 0.693532
vt 0.879018 0.693913
vt 0.879018 0.693542
vt 0.879731 0.692918
vt 0.880154 0.692918
vt 0.879018 0.693339
vt 0.124584 0.864120
vt 0.124149 0.864120
vt 0.124138 0.863730
vt 0.124584 0.863740
vt 0.123448 0.864120
vt 0.123448 0.863750
vt 0.124161 0.863126
vt 0.124584 0.863126
vt 0.123448 0.863546
vt 0.872364 0.676096
vt 0.872364 0.675716
vt 0.872810 0.675706
vt 0.872799 0.676096
vt 0.872365 0.675102
vt 0.872788 0.675102
vt 0.873500 0.675726
vt 0.873500 0.676096
vt 0.873020 0.675102
vt 0.897388 0.702918
vt 0.897388 0.703353
vt 0.896942 0.703363
vt 0.896954 0.702918
vt 0.897388 0.704054
vt 0.896965 0.704054
vt 0.896252 0.703341
vt 0.896252 0.702918
vt 0.896732 0.704054
vt 0.871537 0.693913
vt 0.871102 0.693913
vt 0.871091 0.693523
vt 0.871536 0.693532
vt 0.870401 0.693913
vt 0.870401 0.693542
vt 0.871113 0.692919
vt 0.871536 0.692919
vt 0.870401 0.693339
vt 0.134029 0.864120
vt 0.134029 0.863740
vt 0.134475 0.863730
vt 0.134464 0.864120
vt 0.134029 0.863126
vt 0.134452 0.863126
vt 0.135165 0.863750
vt 0.135165 0.864120
vt 0.134685 0.863126
vt 0.889960 0.711870
vt 0.889960 0.711436
vt 0.890405 0.711425
vt 0.890394 0.711871
vt 0.889960 0.710735
vt 0.890383 0.710735
vt 0.891095 0.711448
vt 0.891095 0.711870
vt 0.890615 0.710735
vt 0.880154 0.676096
vt 0.879719 0.676096
vt 0.879708 0.675706
vt 0.880154 0.675716
vt 0.879018 0.676096
vt 0.879018 0.675726
vt 0.879731 0.675102
vt 0.880154 0.675102
vt 0.879018 0.675523
vt 0.872365 0.711729
vt 0.872365 0.711348
vt 0.872810 0.711339
vt 0.872799 0.711729
vt 0.872365 0.710735
vt 0.872788 0.710735
vt 0.873500 0.711359
vt 0.873500 0.711729
vt 0.873020 0.710735
vt 0.898577 0.711871
vt 0.898577 0.711436
vt 0.899022 0.711425
vt 0.899012 0.711870
vt 0.898577 0.710735
vt 0.899000 0.710735
vt 0.899713 0.711448
vt 0.899713 0.711870
vt 0.899233 0.710735
vt 0.373663 0.765645
vt 0.373663 0.765211
vt 0.373663 0.764509
vt 0.362135 0.777499
vt 0.362135 0.776798
vt 0.362135 0.776363
vt 0.385190 0.776363
vt 0.385190 0.776798
vt 0.385190 0.777499
vt 0.362135 0.764509
vt 0.362135 0.765211
vt 0.362135 0.765645
vt 0.347396 0.767392
vt 0.347396 0.767826
vt 0.347396 0.768528
vt 0.385190 0.764509
vt 0.385190 0.765211
vt 0.385190 0.765645
vt 0.373663 0.776363
vt 0.373663 0.776798
vt 0.373663 0.777499
vt 0.347396 0.755538
vt 0.347396 0.756240
vt 0.347396 0.756674
vt 0.345072 0.757810
vt 0.345072 0.766256
vt 0.344637 0.766256
vt 0.344637 0.757810
vt 0.343936 0.766256
vt 0.343936 0.757810
vt 0.311626 0.737032
vt 0.320072 0.737032
vt 0.320072 0.737733
vt 0.311626 0.737733
vt 0.320072 0.738167
vt 0.311626 0.738167
vt 0.311626 0.748885
vt 0.320072 0.748885
vt 0.320072 0.749320
vt 0.311626 0.749320
vt 0.320072 0.750021
vt 0.311626 0.750021
vt 0.358675 0.775227
vt 0.358675 0.766781
vt 0.359376 0.766781
vt 0.359376 0.775227
vt 0.359811 0.766781
vt 0.359811 0.775227
vt 0.382865 0.766781
vt 0.382865 0.775227
vt 0.382431 0.775227
vt 0.382431 0.766781
vt 0.381730 0.775227
vt 0.381730 0.766781
vt 0.322343 0.739303
vt 0.322343 0.747749
vt 0.321642 0.747749
vt 0.321642 0.739303
vt 0.321207 0.747749
vt 0.321207 0.739303
vt 0.371338 0.766781
vt 0.371338 0.775227
vt 0.370903 0.775227
vt 0.370903 0.766781
vt 0.370202 0.775227
vt 0.370202 0.766781
vt 0.309354 0.747749
vt 0.309354 0.739303
vt 0.310055 0.739303
vt 0.310055 0.747749
vt 0.310490 0.739303
vt 0.310490 0.747749
vt 0.311626 0.747749
vt 0.320072 0.747749
vt 0.311626 0.739303
vt 0.320072 0.739303
s 1
f 2549/3438/1353 2552/3439/1356 2555/3440/1359 2554/3441/1358
f 2552/3439/1356 2553/3442/1357 2556/3443/1360 2555/3440/1359
f 2554/3441/1358 2555/3440/1359 2567/3444/1371 2564/3445/1368
f 2555/3440/1359 2556/3443/1360 2557/3446/1361 2567/3444/1371
f 2550/3447/1354 2558/3448/1362 2561/3449/1365 2560/3450/1364
f 2558/3448/1362 2559/3451/1363 2562/3452/1366 2561/3449/1365
f 2560/3450/1364 2561/3449/1365 2556/3453/1360 2553/3454/1357
f 2561/3449/1365 2562/3452/1366 2557/3455/1361 2556/3453/1360
f 2551/3456/1355 2563/3457/1367 2566/3458/1370 2565/3459/1369
f 2563/3457/1367 2564/3460/1368 2567/3461/1371 2566/3458/1370
f 2565/3459/1369 2566/3458/1370 2562/3462/1366 2559/3463/1363
f 2566/3458/1370 2567/3461/1371 2557/3464/1361 2562/3462/1366
f 2568/3465/1372 2571/3466/1375 2574/3467/1378 2573/3468/1377
f 2571/3466/1375 2572/3469/1376 2575/3470/1379 2574/3467/1378
f 2573/3468/1377 2574/3467/1378 2586/3471/1390 2583/3472/1387
f 2574/3467/1378 2575/3470/1379 2576/3473/1380 2586/3471/1390
f 2569/3474/1373 2577/3475/1381 2580/3476/1384 2579/3477/1383
f 2577/3475/1381 2578/3478/1382 2581/3479/1385 2580/3476/1384
f 2579/3477/1383 2580/3476/1384 2575/3480/1379 2572/3481/1376
f 2580/3476/1384 2581/3479/1385 2576/3482/1380 2575/3480/1379
f 2570/3483/1374 2582/3484/1386 2585/3485/1389 2584/3486/1388
f 2582/3484/1386 2583/3487/1387 2586/3488/1390 2585/3485/1389
f 2584/3486/1388 2585/3485/1389 2581/3489/1385 2578/3490/1382
f 2585/3485/1389 2586/3488/1390 2576/3491/1380 2581/3489/1385
f 2587/3492/1391 2590/3493/1394 2593/3494/1397 2592/3495/1396
f 2590/3493/1394 2591/3496/1395 2594/3497/1398 2593/3494/1397
f 2592/3495/1396 2593/3494/1397 2605/3498/1409 2602/3499/1406
f 2593/3494/1397 2594/3497/1398 2595/3500/1399 2605/3498/1409
f 2588/3501/1392 2596/3502/1400 2599/3503/1403 2598/3504/1402
f 2596/3502/1400 2597/3505/1401 2600/3506/1404 2599/3503/1403
f 2598/3504/1402 2599/3503/1403 2594/3507/1398 2591/3508/1395
f 2599/3503/1403 2600/3506/1404 2595/3509/1399 2594/3507/1398
f 2589/3510/1393 2601/3511/1405 2604/3512/1408 2603/3513/1407
f 2601/3511/1405 2602/3514/1406 2605/3515/1409 2604/3512/1408
f 2603/3513/1407 2604/3512/1408 2600/3516/1404 2597/3517/1401
f 2604/3512/1408 2605/3515/1409 2595/3518/1399 2600/3516/1404
f 2606/3519/1410 2609/3520/1413 2612/3521/1416 2611/3522/1415
f 2609/3520/1413 2610/3523/1414 2613/3524/1417 2612/3521/1416
f 2611/3522/1415 2612/3521/1416 2624/3525/1428 2621/3526/1425
f 2612/3521/1416 2613/3524/1417 2614/3527/1418 2624/3525/1428
f 2607/3528/1411 2615/3529/1419 2618/3530/1422 2617/3531/1421
f 2615/3529/1419 2616/3532/1420 2619/3533/1423 2618/3530/1422
f 2617/3531/1421 2618/3530/1422 2613/3534/1417 2610/3535/1414
f 2618/3530/1422 2619/3533/1423 2614/3536/1418 2613/3534/1417
f 2608/3537/1412 2620/3538/1424 2623/3539/1427 2622/3540/1426
f 2620/3538/1424 2621/3541/1425 2624/3542/1428 2623/3539/1427
f 2622/3540/1426 2623/3539/1427 2619/3543/1423 2616/3544/1420
f 2623/3539/1427 2624/3542/1428 2614/3545/1418 2619/3543/1423
f 2640/3546/1444 2643/3547/1447 2646/3548/1450 2645/3549/1449
f 2643/3547/1447 2644/3550/1448 2647/3551/1451 2646/3548/1450
f 2645/3549/1449 2646/3548/1450 2658/3552/1462 2655/3553/1459
f 2646/3548/1450 2647/3551/1451 2648/3554/1452 2658/3552/1462
f 2641/3555/1445 2649/3556/1453 2652/3557/1456 2651/3558/1455
f 2649/3556/1453 2650/3559/1454 2653/3560/1457 2652/3557/1456
f 2651/3558/1455 2652/3557/1456 2647/3561/1451 2644/3562/1448
f 2652/3557/1456 2653/3560/1457 2648/3560/1452 2647/3561/1451
f 2642/3563/1446 2654/3564/1458 2657/3565/1461 2656/3566/1460
f 2654/3564/1458 2655/3567/1459 2658/3567/1462 2657/3565/1461
f 2656/3566/1460 2657/3565/1461 2653/3567/1457 2650/3568/1454
f 2657/3565/1461 2658/3567/1462 2648/3567/1452 2653/3567/1457
f 2659/3569/1463 2662/3570/1466 2665/3571/1469 2664/3572/1468
f 2662/3570/1466 2663/3573/1467 2666/3574/1470 2665/3571/1469
f 2664/3572/1468 2665/3571/1469 2677/3575/1481 2674/3576/1478
f 2665/3571/1469 2666/3574/1470 2667/3577/1471 2677/3575/1481
f 2660/3578/1464 2668/3579/1472 2671/3580/1475 2670/3581/1474
f 2668/3579/1472 2669/3582/1473 2672/3582/1476 2671/3580/1475
f 2670/3581/1474 2671/3580/1475 2666/3583/1470 2663/3582/1467
f 2671/3580/1475 2672/3582/1476 2667/3582/1471 2666/3583/1470
f 2661/3584/1465 2673/3585/1477 2676/3586/1480 2675/3587/1479
f 2673/3585/1477 2674/3588/1478 2677/3589/1481 2676/3586/1480
f 2675/3587/1479 2676/3586/1480 2672/3590/1476 2669/3591/1473
f 2676/3586/1480 2677/3589/1481 2667/3592/1471 2672/3590/1476
f 2718/3593/1502 2721/3594/1505 2724/3595/1508 2723/3596/1507
f 2721/3594/1505 2722/3597/1506 2725/3598/1509 2724/3595/1508
f 2723/3596/1507 2724/3595/1508 2736/3599/1520 2733/3600/1517
f 2724/3595/1508 2725/3598/1509 2726/3597/1510 2736/3599/1520
f 2719/3601/1503 2727/3602/1511 2730/3603/1514 2729/3604/1513
f 2727/3602/1511 2728/3605/1512 2731/3606/1515 2730/3603/1514
f 2729/3604/1513 2730/3603/1514 2725/3607/1509 2722/3608/1506
f 2730/3603/1514 2731/3606/1515 2726/3607/1510 2725/3607/1509
f 2720/3609/1504 2732/3610/1516 2735/3611/1519 2734/3612/1518
f 2732/3610/1516 2733/3613/1517 2736/3614/1520 2735/3611/1519
f 2734/3612/1518 2735/3611/1519 2731/3615/1515 2728/3616/1512
f 2735/3611/1519 2736/3614/1520 2726/3617/1510 2731/3615/1515
f 2737/3618/1521 2740/3619/1524 2743/3620/1527 2742/3621/1526
f 2740/3619/1524 2741/3622/1525 2744/3623/1528 2743/3620/1527
f 2742/3621/1526 2743/3620/1527 2755/3624/1539 2752/3625/1536
f 2743/3620/1527 2744/3623/1528 2745/3626/1529 2755/3624/1539
f 2738/3627/1522 2746/3628/1530 2749/3629/1533 2748/3630/1532
f 2746/3628/1530 2747/3631/1531 2750/3632/1534 2749/3629/1533
f 2748/3630/1532 2749/3629/1533 2744/3633/1528 2741/3634/1525
f 2749/3629/1533 2750/3632/1534 2745/3635/1529 2744/3633/1528
f 2739/3636/1523 2751/3637/1535 2754/3638/1538 2753/3639/1537
f 2751/3637/1535 2752/3640/1536 2755/3641/1539 2754/3638/1538
f 2753/3639/1537 2754/3638/1538 2750/3642/1534 2747/3641/1531
f 2754/3638/1538 2755/3641/1539 2745/3640/1529 2750/3642/1534
f 2756/3643/1540 2759/3644/1543 2762/3645/1546 2761/3646/1545
f 2759/3644/1543 2760/3647/1544 2763/3648/1547 2762/3645/1546
f 2761/3646/1545 2762/3645/1546 2774/3649/1558 2771/3650/1555
f 2762/3645/1546 2763/3648/1547 2764/3651/1548 2774/3649/1558
f 2757/3652/1541 2765/3653/1549 2768/3654/1552 2767/3655/1551
f 2765/3653/1549 2766/3656/1550 2769/3657/1553 2768/3654/1552
f 2767/3655/1551 2768/3654/1552 2763/3658/1547 2760/3659/1544
f 2768/3654/1552 2769/3657/1553 2764/3660/1548 2763/3658/1547
f 2758/3661/1542 2770/3662/1554 2773/3663/1557 2772/3664/1556
f 2770/3662/1554 2771/3665/1555 2774/3666/1558 2773/3663/1557
f 2772/3664/1556 2773/3663/1557 2769/3667/1553 2766/3668/1550
f 2773/3663/1557 2774/3666/1558 2764/3666/1548 2769/3667/1553
f 2775/3669/1559 2778/3670/1562 2781/3671/1565 2780/3672/1564
f 2778/3670/1562 2779/3673/1563 2782/3674/1566 2781/3671/1565
f 2780/3672/1564 2781/3671/1565 2793/3675/1577 2790/3676/1574
f 2781/3671/1565 2782/3674/1566 2783/3677/1567 2793/3675/1577
f 2776/3678/1560 2784/3679/1568 2787/3680/1571 2786/3681/1570
f 2784/3679/1568 2785/3682/1569 2788/3683/1572 2787/3680/1571
f 2786/3681/1570 2787/3680/1571 2782/3682/1566 2779/3684/1563
f 2787/3680/1571 2788/3683/1572 2783/3682/1567 2782/3682/1566
f 2777/3685/1561 2789/3686/1573 2792/3687/1576 2791/3688/1575
f 2789/3686/1573 2790/3689/1574 2793/3690/1577 2792/3687/1576
f 2791/3688/1575 2792/3687/1576 2788/3691/1572 2785/3692/1569
f 2792/3687/1576 2793/3690/1577 2783/3693/1567 2788/3691/1572
f 2794/3694/1578 2797/3695/1581 2800/3696/1584 2799/3697/1583
f 2797/3695/1581 2798/3698/1582 2801/3699/1585 2800/3696/1584
f 2799/3697/1583 2800/3696/1584 2812/3700/1596 2809/3701/1593
f 2800/3696/1584 2801/3699/1585 2802/3702/1586 2812/3700/1596
f 2795/3703/1579 2803/3704/1587 2806/3705/1590 2805/3706/1589
f 2803/3704/1587 2804/3707/1588 2807/3708/1591 2806/3705/1590
f 2805/3706/1589 2806/3705/1590 2801/3709/1585 2798/3710/1582
f 2806/3705/1590 2807/3708/1591 2802/3711/1586 2801/3709/1585
f 2796/3712/1580 2808/3713/1592 2811/3714/1595 2810/3715/1594
f 2808/3713/1592 2809/3716/1593 2812/3717/1596 2811/3714/1595
f 2810/3715/1594 2811/3714/1595 2807/3716/1591 2804/3716/1588
f 2811/3714/1595 2812/3717/1596 2802/3718/1586 2807/3716/1591
f 2813/3719/1597 2816/3720/1600 2819/3721/1603 2818/3722/1602
f 2816/3720/1600 2817/3723/1601 2820/3723/1604 2819/3721/1603
f 2818/3722/1602 2819/3721/1603 2831/3724/1615 2828/3725/1612
f 2819/3721/1603 2820/3723/1604 2821/3723/1605 2831/3724/1615
f 2814/3726/1598 2822/3727/1606 2825/3728/1609 2824/3729/1608
f 2822/3727/1606 2823/3730/1607 2826/3731/1610 2825/3728/1609
f 2824/3729/1608 2825/3728/1609 2820/3731/1604 2817/3732/1601
f 2825/3728/1609 2826/3731/1610 2821/3731/1605 2820/3731/1604
f 2815/3733/1599 2827/3734/1611 2830/3735/1614 2829/3736/1613
f 2827/3734/1611 2828/3737/1612 2831/3738/1615 2830/3735/1614
f 2829/3736/1613 2830/3735/1614 2826/3739/1610 2823/3740/1607
f 2830/3735/1614 2831/3738/1615 2821/3741/1605 2826/3739/1610
f 2832/3546/1616 2835/3742/1619 2838/3743/1622 2837/3744/1621
f 2835/3742/1619 2836/3745/1620 2839/3746/1623 2838/3743/1622
f 2837/3744/1621 2838/3743/1622 2850/3747/1634 2847/3748/1631
f 2838/3743/1622 2839/3746/1623 2840/3749/1624 2850/3747/1634
f 2833/3750/1617 2841/3751/1625 2844/3752/1628 2843/3753/1627
f 2841/3751/1625 2842/3754/1626 2845/3755/1629 2844/3752/1628
f 2843/3753/1627 2844/3752/1628 2839/3756/1623 2836/3757/1620
f 2844/3752/1628 2845/3755/1629 2840/3755/1624 2839/3756/1623
f 2834/3758/1618 2846/3759/1630 2849/3760/1633 2848/3761/1632
f 2846/3759/1630 2847/3762/1631 2850/3762/1634 2849/3760/1633
f 2848/3761/1632 2849/3760/1633 2845/3762/1629 2842/3763/1626
f 2849/3760/1633 2850/3762/1634 2840/3762/1624 2845/3762/1629
f 2851/3764/1635 2854/3765/1638 2857/3766/1641 2856/3767/1640
f 2854/3765/1638 2855/3768/1639 2858/3769/1642 2857/3766/1641
f 2856/3767/1640 2857/3766/1641 2869/3770/1653 2866/3771/1650
f 2857/3766/1641 2858/3769/1642 2859/3772/1643 2869/3770/1653
f 2852/3555/1636 2860/3773/1644 2863/3774/1647 2862/3775/1646
f 2860/3773/1644 2861/3776/1645 2864/3777/1648 2863/3774/1647
f 2862/3775/1646 2863/3774/1647 2858/3778/1642 2855/3779/1639
f 2863/3774/1647 2864/3777/1648 2859/3777/1643 2858/3778/1642
f 2853/3780/1637 2865/3781/1649 2868/3782/1652 2867/3783/1651
f 2865/3781/1649 2866/3784/1650 2869/3785/1653 2868/3782/1652
f 2867/3783/1651 2868/3782/1652 2864/3786/1648 2861/3787/1645
f 2868/3782/1652 2869/3785/1653 2859/3785/1643 2864/3786/1648
f 2870/3788/1654 2873/3789/1657 2876/3790/1660 2875/3791/1659
f 2873/3789/1657 2874/3792/1658 2877/3793/1661 2876/3790/1660
f 2875/3791/1659 2876/3790/1660 2888/3794/1672 2885/3795/1669
f 2876/3790/1660 2877/3793/1661 2878/3792/1662 2888/3794/1672
f 2871/3796/1655 2879/3797/1663 2882/3798/1666 2881/3799/1665
f 2879/3797/1663 2880/3800/1664 2883/3801/1667 2882/3798/1666
f 2881/3799/1665 2882/3798/1666 2877/3802/1661 2874/3803/1658
f 2882/3798/1666 2883/3801/1667 2878/3802/1662 2877/3802/1661
f 2872/3804/1656 2884/3805/1668 2887/3806/1671 2886/3807/1670
f 2884/3805/1668 2885/3808/1669 2888/3809/1672 2887/3806/1671
f 2886/3807/1670 2887/3806/1671 2883/3810/1667 2880/3811/1664
f 2887/3806/1671 2888/3809/1672 2878/3812/1662 2883/3810/1667
f 2889/3813/1673 2892/3814/1676 2895/3815/1679 2894/3816/1678
f 2892/3814/1676 2893/3817/1677 2896/3818/1680 2895/3815/1679
f 2894/3816/1678 2895/3815/1679 2907/3819/1691 2904/3820/1688
f 2895/3815/1679 2896/3818/1680 2897/3821/1681 2907/3819/1691
f 2890/3822/1674 2898/3823/1682 2901/3824/1685 2900/3825/1684
f 2898/3823/1682 2899/3826/1683 2902/3826/1686 2901/3824/1685
f 2900/3825/1684 2901/3824/1685 2896/3827/1680 2893/3828/1677
f 2901/3824/1685 2902/3826/1686 2897/3826/1681 2896/3827/1680
f 2891/3829/1675 2903/3830/1687 2906/3831/1690 2905/3832/1689
f 2903/3830/1687 2904/3833/1688 2907/3833/1691 2906/3831/1690
f 2905/3832/1689 2906/3831/1690 2902/3834/1686 2899/3835/1683
f 2906/3831/1690 2907/3833/1691 2897/3833/1681 2902/3834/1686
f 2913/3836/1697 2916/3837/1700 2919/3838/1703 2918/3839/1702
f 2916/3837/1700 2917/3840/1701 2920/3841/1704 2919/3838/1703
f 2918/3839/1702 2919/3838/1703 2931/3842/1715 2928/3842/1712
f 2919/3838/1703 2920/3841/1704 2921/3843/1705 2931/3842/1715
f 2914/3844/1698 2922/3845/1706 2925/3846/1709 2924/3847/1708
f 2922/3845/1706 2923/3848/1707 2926/3849/1710 2925/3846/1709
f 2924/3847/1708 2925/3846/1709 2920/3850/1704 2917/3851/1701
f 2925/3846/1709 2926/3849/1710 2921/3849/1705 2920/3850/1704
f 2915/3852/1699 2927/3853/1711 2930/3854/1714 2929/3855/1713
f 2927/3853/1711 2928/3856/1712 2931/3857/1715 2930/3854/1714
f 2929/3855/1713 2930/3854/1714 2926/3858/1710 2923/3859/1707
f 2930/3854/1714 2931/3857/1715 2921/3858/1705 2926/3858/1710
f 2932/3860/1716 2935/3861/1719 2938/3862/1722 2937/3863/1721
f 2935/3861/1719 2936/3864/1720 2939/3864/1723 2938/3862/1722
f 2937/3863/1721 2938/3862/1722 2950/3865/1734 2947/3866/1731
f 2938/3862/1722 2939/3864/1723 2940/3864/1724 2950/3865/1734
f 2933/3867/1717 2941/3868/1725 2944/3869/1728 2943/3870/1727
f 2941/3868/1725 2942/3871/1726 2945/3872/1729 2944/3869/1728
f 2943/3870/1727 2944/3869/1728 2939/3871/1723 2936/3873/1720
f 2944/3869/1728 2945/3872/1729 2940/3871/1724 2939/3871/1723
f 2934/3874/1718 2946/3875/1730 2949/3876/1733 2948/3877/1732
f 2946/3875/1730 2947/3878/1731 2950/3879/1734 2949/3876/1733
f 2948/3877/1732 2949/3876/1733 2945/3880/1729 2942/3881/1726
f 2949/3876/1733 2950/3879/1734 2940/3882/1724 2945/3880/1729
f 2951/3883/1735 2954/3884/1738 2957/3885/1741 2956/3886/1740
f 2954/3884/1738 2955/3887/1739 2958/3888/1742 2957/3885/1741
f 2956/3886/1740 2957/3885/1741 2969/3889/1753 2966/3890/1750
f 2957/3885/1741 2958/3888/1742 2959/3888/1743 2969/3889/1753
f 2952/3891/1736 2960/3892/1744 2963/3893/1747 2962/3894/1746
f 2960/3892/1744 2961/3895/1745 2964/3895/1748 2963/3893/1747
f 2962/3894/1746 2963/3893/1747 2958/3896/1742 2955/3897/1739
f 2963/3893/1747 2964/3895/1748 2959/3895/1743 2958/3896/1742
f 2953/3898/1737 2965/3899/1749 2968/3900/1752 2967/3901/1751
f 2965/3899/1749 2966/3902/1750 2969/3903/1753 2968/3900/1752
f 2967/3901/1751 2968/3900/1752 2964/3904/1748 2961/3904/1745
f 2968/3900/1752 2969/3903/1753 2959/3905/1743 2964/3904/1748
f 2970/3906/1754 2973/3907/1757 2976/3908/1760 2975/3909/1759
f 2973/3907/1757 2974/3910/1758 2977/3911/1761 2976/3908/1760
f 2975/3909/1759 2976/3908/1760 2988/3912/1772 2985/3913/1769
f 2976/3908/1760 2977/3911/1761 2978/3914/1762 2988/3912/1772
f 2971/3915/1755 2979/3916/1763 2982/3917/1766 2981/3918/1765
f 2979/3916/1763 2980/3919/1764 2983/3920/1767 2982/3917/1766
f 2981/3918/1765 2982/3917/1766 2977/3921/1761 2974/3922/1758
f 2982/3917/1766 2983/3920/1767 2978/3923/1762 2977/3921/1761
f 2972/3924/1756 2984/3925/1768 2987/3926/1771 2986/3927/1770
f 2984/3925/1768 2985/3928/1769 2988/3929/1772 2987/3926/1771
f 2986/3927/1770 2987/3926/1771 2983/3930/1767 2980/3928/1764
f 2987/3926/1771 2988/3929/1772 2978/3929/1762 2983/3930/1767
f 2989/3931/1541 2992/3932/1549 2995/3933/1552 2994/3934/1551
f 2992/3932/1549 2993/3935/1550 2996/3936/1553 2995/3933/1552
f 2994/3934/1551 2995/3933/1552 3007/3937/1547 3004/3938/1544
f 2995/3933/1552 2996/3936/1553 2997/3939/1548 3007/3937/1547
f 2990/3940/1773 2998/3941/1554 3001/3942/1557 3000/3943/1556
f 2998/3941/1554 2999/3944/1555 3002/3944/1774 3001/3942/1557
f 3000/3943/1556 3001/3942/1557 2996/3945/1553 2993/3945/1550
f 3001/3942/1557 3002/3944/1774 2997/3945/1548 2996/3945/1553
f 2991/3946/1540 3003/3947/1543 3006/3948/1546 3005/3949/1545
f 3003/3947/1543 3004/3950/1544 3007/3951/1547 3006/3948/1546
f 3005/3949/1545 3006/3948/1546 3002/3952/1774 2999/3953/1555
f 3006/3948/1546 3007/3951/1547 2997/3954/1548 3002/3952/1774
f 3008/3955/1775 3011/3956/1573 3014/3957/1576 3013/3958/1575
f 3011/3956/1573 3012/3959/1574 3015/3960/1577 3014/3957/1576
f 3013/3958/1575 3014/3957/1576 3026/3961/1572 3023/3962/1569
f 3014/3957/1576 3015/3960/1577 3016/3963/1567 3026/3961/1572
f 3009/3964/1776 3017/3965/1562 3020/3966/1565 3019/3967/1564
f 3017/3965/1562 3018/3968/1563 3021/3969/1566 3020/3966/1565
f 3019/3967/1564 3020/3966/1565 3015/3970/1577 3012/3971/1574
f 3020/3966/1565 3021/3969/1566 3016/3968/1567 3015/3970/1577
f 3010/3972/1777 3022/3973/1568 3025/3974/1571 3024/3975/1570
f 3022/3973/1568 3023/3976/1569 3026/3977/1572 3025/3974/1571
f 3024/3975/1570 3025/3974/1571 3021/3976/1566 3018/3976/1563
f 3025/3974/1571 3026/3977/1572 3016/3976/1567 3021/3976/1566
f 3027/3978/1778 3030/3979/1516 3033/3980/1519 3032/3981/1518
f 3030/3979/1516 3031/3982/1517 3034/3983/1520 3033/3980/1519
f 3032/3981/1518 3033/3980/1519 3045/3984/1515 3042/3984/1512
f 3033/3980/1519 3034/3983/1520 3035/3985/1510 3045/3984/1515
f 3028/3986/1502 3036/3987/1505 3039/3988/1508 3038/3989/1507
f 3036/3987/1505 3037/3990/1506 3040/3991/1509 3039/3988/1508
f 3038/3989/1507 3039/3988/1508 3034/3992/1520 3031/3993/1517
f 3039/3988/1508 3040/3991/1509 3035/3990/1510 3034/3992/1520
f 3029/3994/1779 3041/3995/1511 3044/3996/1514 3043/3997/1513
f 3041/3995/1511 3042/3998/1512 3045/3999/1515 3044/3996/1514
f 3043/3997/1513 3044/3996/1514 3040/3998/1509 3037/3998/1506
f 3044/3996/1514 3045/3999/1515 3035/3998/1510 3040/3998/1509
f 3046/4000/1780 3049/4001/1453 3052/4002/1456 3051/4003/1455
f 3049/4001/1453 3050/4004/1454 3053/4005/1457 3052/4002/1456
f 3051/4003/1455 3052/4002/1456 3064/4006/1451 3061/4007/1448
f 3052/4002/1456 3053/4005/1457 3054/4008/1452 3064/4006/1451
f 3047/4009/1781 3055/4010/1458 3058/4011/1461 3057/4012/1460
f 3055/4010/1458 3056/4013/1459 3059/4014/1782 3058/4011/1461
f 3057/4012/1460 3058/4011/1461 3053/4015/1457 3050/4013/1454
f 3058/4011/1461 3059/4014/1782 3054/4013/1452 3053/4015/1457
f 3048/4016/1444 3060/4017/1447 3063/4018/1450 3062/4019/1449
f 3060/4017/1447 3061/4020/1448 3064/4021/1451 3063/4018/1450
f 3062/4019/1449 3063/4018/1450 3059/4022/1782 3056/4023/1459
f 3063/4018/1450 3064/4021/1451 3054/4024/1452 3059/4022/1782
f 3065/4025/1783 3068/4026/1786 3071/4027/1789 3070/4028/1788
f 3068/4026/1786 3069/4029/1787 3072/4030/1790 3071/4027/1789
f 3070/4028/1788 3071/4027/1789 3083/4031/1801 3080/4032/1798
f 3071/4027/1789 3072/4030/1790 3073/4033/1791 3083/4031/1801
f 3066/4034/1784 3074/4035/1792 3077/4036/1795 3076/4037/1794
f 3074/4035/1792 3075/4038/1793 3078/4039/1796 3077/4036/1795
f 3076/4037/1794 3077/4036/1795 3072/4040/1790 3069/4041/1787
f 3077/4036/1795 3078/4039/1796 3073/4042/1791 3072/4040/1790
f 3067/4043/1785 3079/4044/1797 3082/4045/1800 3081/4046/1799
f 3079/4044/1797 3080/4047/1798 3083/4048/1801 3082/4045/1800
f 3081/4046/1799 3082/4045/1800 3078/4049/1796 3075/4050/1793
f 3082/4045/1800 3083/4048/1801 3073/4051/1791 3078/4049/1796
f 3084/4052/1802 3087/4053/1805 3090/4054/1808 3089/4055/1807
f 3087/4053/1805 3088/4056/1806 3091/4057/1809 3090/4054/1808
f 3089/4055/1807 3090/4054/1808 3102/4058/1820 3099/4059/1817
f 3090/4054/1808 3091/4057/1809 3092/4060/1810 3102/4058/1820
f 3085/4061/1803 3093/4062/1811 3096/4063/1814 3095/4064/1813
f 3093/4062/1811 3094/4065/1812 3097/4066/1815 3096/4063/1814
f 3095/4064/1813 3096/4063/1814 3091/4067/1809 3088/4068/1806
f 3096/4063/1814 3097/4066/1815 3092/4069/1810 3091/4067/1809
f 3086/4070/1804 3098/4071/1816 3101/4072/1819 3100/4073/1818
f 3098/4071/1816 3099/4074/1817 3102/4075/1820 3101/4072/1819
f 3100/4073/1818 3101/4072/1819 3097/4076/1815 3094/4077/1812
f 3101/4072/1819 3102/4075/1820 3092/4078/1810 3097/4076/1815
f 3103/4079/1821 3106/4080/1824 3109/4081/1827 3108/4082/1826
f 3106/4080/1824 3107/4083/1825 3110/4084/1828 3109/4081/1827
f 3108/4082/1826 3109/4081/1827 3121/4085/1839 3118/4086/1836
f 3109/4081/1827 3110/4084/1828 3111/4087/1829 3121/4085/1839
f 3104/4088/1822 3112/4089/1830 3115/4090/1833 3114/4091/1832
f 3112/4089/1830 3113/4092/1831 3116/4093/1834 3115/4090/1833
f 3114/4091/1832 3115/4090/1833 3110/4094/1828 3107/4095/1825
f 3115/4090/1833 3116/4093/1834 3111/4096/1829 3110/4094/1828
f 3105/4097/1823 3117/4098/1835 3120/4099/1838 3119/4100/1837
f 3117/4098/1835 3118/4101/1836 3121/4102/1839 3120/4099/1838
f 3119/4100/1837 3120/4099/1838 3116/4103/1834 3113/4104/1831
f 3120/4099/1838 3121/4102/1839 3111/4105/1829 3116/4103/1834
f 3122/4106/1822 3125/4107/1830 3128/4108/1833 3127/4109/1832
f 3125/4107/1830 3126/4110/1842 3129/4111/1834 3128/4108/1833
f 3127/4109/1832 3128/4108/1833 3140/4112/1828 3137/4113/1825
f 3128/4108/1833 3129/4111/1834 3130/4114/1829 3140/4112/1828
f 3123/4034/1840 3131/4115/1843 3134/4116/1838 3133/4117/1845
f 3131/4115/1843 3132/4118/1844 3135/4119/1839 3134/4116/1838
f 3133/4117/1845 3134/4116/1838 3129/4120/1834 3126/4121/1842
f 3134/4116/1838 3135/4119/1839 3130/4122/1829 3129/4120/1834
f 3124/4123/1841 3136/4124/1824 3139/4125/1827 3138/4126/1846
f 3136/4124/1824 3137/4127/1825 3140/4128/1828 3139/4125/1827
f 3138/4126/1846 3139/4125/1827 3135/4129/1839 3132/4130/1844
f 3139/4125/1827 3140/4128/1828 3130/4131/1829 3135/4129/1839
f 3141/4132/1822 3144/4133/1830 3147/4134/1833 3146/4135/1832
f 3144/4133/1830 3145/4136/1849 3148/4137/1834 3147/4134/1833
f 3146/4135/1832 3147/4134/1833 3159/4138/1828 3156/4139/1825
f 3147/4134/1833 3148/4137/1834 3149/4140/1829 3159/4138/1828
f 3142/4070/1847 3150/4141/1850 3153/4142/1838 3152/4143/1852
f 3150/4141/1850 3151/4144/1851 3154/4145/1839 3153/4142/1838
f 3152/4143/1852 3153/4142/1838 3148/4146/1834 3145/4147/1849
f 3153/4142/1838 3154/4145/1839 3149/4148/1829 3148/4146/1834
f 3143/4149/1848 3155/4150/1824 3158/4151/1827 3157/4152/1853
f 3155/4150/1824 3156/4153/1825 3159/4154/1828 3158/4151/1827
f 3157/4152/1853 3158/4151/1827 3154/4155/1839 3151/4156/1851
f 3158/4151/1827 3159/4154/1828 3149/4157/1829 3154/4155/1839
f 3160/4132/1854 3163/4158/1857 3166/4159/1860 3165/4160/1859
f 3163/4158/1857 3164/4161/1858 3167/4162/1861 3166/4159/1860
f 3165/4160/1859 3166/4159/1860 3178/4163/1872 3175/4136/1869
f 3166/4159/1860 3167/4162/1861 3168/4164/1862 3178/4163/1872
f 3161/4165/1855 3169/4166/1863 3172/4167/1866 3171/4168/1865
f 3169/4166/1863 3170/4169/1864 3173/4170/1867 3172/4167/1866
f 3171/4168/1865 3172/4167/1866 3167/4171/1861 3164/4172/1858
f 3172/4167/1866 3173/4170/1867 3168/4173/1862 3167/4171/1861
f 3162/4174/1856 3174/4175/1868 3177/4176/1871 3176/4177/1870
f 3174/4175/1868 3175/4178/1869 3178/4179/1872 3177/4176/1871
f 3176/4177/1870 3177/4176/1871 3173/4180/1867 3170/4181/1864
f 3177/4176/1871 3178/4179/1872 3168/4182/1862 3173/4180/1867
f 3179/4183/1821 3182/4184/1824 3185/4185/1827 3184/4186/1826
f 3182/4184/1824 3183/4187/1825 3186/4188/1828 3185/4185/1827
f 3184/4186/1826 3185/4185/1827 3197/4189/1839 3194/4190/1876
f 3185/4185/1827 3186/4188/1828 3187/4191/1829 3197/4189/1839
f 3180/4192/1822 3188/4193/1830 3191/4194/1833 3190/4195/1832
f 3188/4193/1830 3189/4196/1874 3192/4197/1834 3191/4194/1833
f 3190/4195/1832 3191/4194/1833 3186/4198/1828 3183/4199/1825
f 3191/4194/1833 3192/4197/1834 3187/4200/1829 3186/4198/1828
f 3181/4201/1873 3193/4202/1875 3196/4203/1838 3195/4204/1877
f 3193/4202/1875 3194/4205/1876 3197/4206/1839 3196/4203/1838
f 3195/4204/1877 3196/4203/1838 3192/4207/1834 3189/4208/1874
f 3196/4203/1838 3197/4206/1839 3187/4209/1829 3192/4207/1834
f 3198/4210/1878 3201/4186/1881 3204/4211/1814 3203/4212/1813
f 3201/4186/1881 3202/4213/1882 3205/4214/1815 3204/4211/1814
f 3203/4212/1813 3204/4211/1814 3216/4215/1809 3213/4216/1806
f 3204/4211/1814 3205/4214/1815 3206/4217/1810 3216/4215/1809
f 3199/4218/1879 3207/4219/1883 3210/4220/1819 3209/4221/1885
f 3207/4219/1883 3208/4222/1884 3211/4223/1820 3210/4220/1819
f 3209/4221/1885 3210/4220/1819 3205/4224/1815 3202/4225/1882
f 3210/4220/1819 3211/4223/1820 3206/4226/1810 3205/4224/1815
f 3200/4227/1880 3212/4228/1805 3215/4229/1808 3214/4230/1886
f 3212/4228/1805 3213/4231/1806 3216/4232/1809 3215/4229/1808
f 3214/4230/1886 3215/4229/1808 3211/4233/1820 3208/4234/1884
f 3215/4229/1808 3216/4232/1809 3206/4235/1810 3211/4233/1820
f 3217/4236/1887 3220/4237/1797 3223/4238/1800 3222/4239/1889
f 3220/4237/1797 3221/4240/1798 3224/4241/1801 3223/4238/1800
f 3222/4239/1889 3223/4238/1800 3235/4242/1796 3232/4243/1893
f 3223/4238/1800 3224/4241/1801 3225/4244/1890 3235/4242/1796
f 3218/4245/1783 3226/4246/1786 3229/4247/1789 3228/4248/1788
f 3226/4246/1786 3227/4249/1891 3230/4250/1790 3229/4247/1789
f 3228/4248/1788 3229/4247/1789 3224/4251/1801 3221/4252/1798
f 3229/4247/1789 3230/4250/1790 3225/4253/1890 3224/4251/1801
f 3219/4254/1888 3231/4255/1892 3234/4256/1795 3233/4257/1894
f 3231/4255/1892 3232/4258/1893 3235/4259/1796 3234/4256/1795
f 3233/4257/1894 3234/4256/1795 3230/4260/1790 3227/4261/1891
f 3234/4256/1795 3235/4259/1796 3225/4262/1890 3230/4260/1790
f 3236/4263/1785 3239/4264/1797 3242/4265/1800 3241/4266/1799
f 3239/4264/1797 3240/4267/1798 3243/4268/1801 3242/4265/1800
f 3241/4266/1799 3242/4265/1800 3254/4269/1796 3251/4270/1793
f 3242/4265/1800 3243/4268/1801 3244/4271/1791 3254/4269/1796
f 3237/4272/1895 3245/4273/1897 3248/4274/1789 3247/4275/1788
f 3245/4273/1897 3246/4276/1898 3249/4277/1790 3248/4274/1789
f 3247/4275/1788 3248/4274/1789 3243/4278/1801 3240/4279/1798
f 3248/4274/1789 3249/4277/1790 3244/4280/1791 3243/4278/1801
f 3238/4201/1896 3250/4281/1792 3253/4282/1795 3252/4283/1899
f 3250/4281/1792 3251/4284/1793 3254/4285/1796 3253/4282/1795
f 3252/4283/1899 3253/4282/1795 3249/4286/1790 3246/4287/1898
f 3253/4282/1795 3254/4285/1796 3244/4288/1791 3249/4286/1790
f 3255/4289/1878 3258/4290/1881 3261/4291/1814 3260/4292/1813
f 3258/4290/1881 3259/4293/1901 3262/4294/1815 3261/4291/1814
f 3260/4292/1813 3261/4291/1814 3273/4295/1809 3270/4296/1806
f 3261/4291/1814 3262/4294/1815 3263/4297/1810 3273/4295/1809
f 3256/4298/1900 3264/4299/1902 3267/4300/1819 3266/4301/1904
f 3264/4299/1902 3265/4261/1903 3268/4302/1820 3267/4300/1819
f 3266/4301/1904 3267/4300/1819 3262/4303/1815 3259/4304/1901
f 3267/4300/1819 3268/4302/1820 3263/4305/1810 3262/4303/1815
f 3257/4306/1802 3269/4307/1805 3272/4308/1808 3271/4309/1807
f 3269/4307/1805 3270/4310/1806 3273/4311/1809 3272/4308/1808
f 3271/4309/1807 3272/4308/1808 3268/4312/1820 3265/4249/1903
f 3272/4308/1808 3273/4311/1809 3263/4313/1810 3268/4312/1820
f 3274/4314/1854 3277/4315/1857 3280/4316/1860 3279/4317/1859
f 3277/4315/1857 3278/4318/1858 3281/4319/1861 3280/4316/1860
f 3279/4317/1859 3280/4316/1860 3292/4320/1872 3289/4321/1907
f 3280/4316/1860 3281/4319/1861 3282/4322/1862 3292/4320/1872
f 3275/4323/1855 3283/4324/1863 3286/4325/1866 3285/4326/1865
f 3283/4324/1863 3284/4327/1864 3287/4328/1867 3286/4325/1866
f 3285/4326/1865 3286/4325/1866 3281/4329/1861 3278/4330/1858
f 3286/4325/1866 3287/4328/1867 3282/4331/1862 3281/4329/1861
f 3276/4332/1905 3288/4333/1906 3291/4334/1871 3290/4335/1908
f 3288/4333/1906 3289/4336/1907 3292/4337/1872 3291/4334/1871
f 3290/4335/1908 3291/4334/1871 3287/4338/1867 3284/4339/1864
f 3291/4334/1871 3292/4337/1872 3282/4340/1862 3287/4338/1867
f 3293/4025/1802 3296/4341/1805 3299/4342/1808 3298/4343/1807
f 3296/4341/1805 3297/4344/1806 3300/4345/1809 3299/4342/1808
f 3298/4343/1807 3299/4342/1808 3311/4346/1820 3308/4347/1817
f 3299/4342/1808 3300/4345/1809 3301/4348/1810 3311/4346/1820
f 3294/4349/1909 3302/4350/1911 3305/4351/1814 3304/4352/1813
f 3302/4350/1911 3303/4353/1912 3306/4354/1815 3305/4351/1814
f 3304/4352/1813 3305/4351/1814 3300/4355/1809 3297/4356/1806
f 3305/4351/1814 3306/4354/1815 3301/4357/1810 3300/4355/1809
f 3295/4358/1910 3307/4359/1816 3310/4360/1819 3309/4361/1913
f 3307/4359/1816 3308/4362/1817 3311/4363/1820 3310/4360/1819
f 3309/4361/1913 3310/4360/1819 3306/4364/1815 3303/4365/1912
f 3310/4360/1819 3311/4363/1820 3301/4366/1810 3306/4364/1815
f 3312/4367/1783 3315/4368/1786 3318/4369/1789 3317/4370/1788
f 3315/4368/1786 3316/4059/1787 3319/4371/1790 3318/4369/1789
f 3317/4370/1788 3318/4369/1789 3330/4372/1801 3327/4373/1798
f 3318/4369/1789 3319/4371/1790 3320/4374/1791 3330/4372/1801
f 3313/4375/1914 3321/4376/1915 3324/4377/1795 3323/4378/1794
f 3321/4376/1915 3322/4379/1793 3325/4380/1796 3324/4377/1795
f 3323/4378/1794 3324/4377/1795 3319/4381/1790 3316/4382/1787
f 3324/4377/1795 3325/4380/1796 3320/4383/1791 3319/4381/1790
f 3314/4384/1785 3326/4385/1797 3329/4386/1800 3328/4387/1799
f 3326/4385/1797 3327/4388/1798 3330/4389/1801 3329/4386/1800
f 3328/4387/1799 3329/4386/1800 3325/4390/1796 3322/4391/1793
f 3329/4386/1800 3330/4389/1801 3320/4392/1791 3325/4390/1796
f 3331/4393/1854 3334/4394/1857 3337/4395/1860 3336/4396/1859
f 3334/4394/1857 3335/4397/1858 3338/4398/1861 3337/4395/1860
f 3336/4396/1859 3337/4395/1860 3349/4399/1872 3346/4400/1921
f 3337/4395/1860 3338/4398/1861 3339/4401/1862 3349/4399/1872
f 3332/4402/1916 3340/4403/1918 3343/4404/1866 3342/4405/1865
f 3340/4403/1918 3341/4243/1919 3344/4406/1867 3343/4404/1866
f 3342/4405/1865 3343/4404/1866 3338/4407/1861 3335/4408/1858
f 3343/4404/1866 3344/4406/1867 3339/4409/1862 3338/4407/1861
f 3333/4410/1917 3345/4411/1920 3348/4412/1871 3347/4413/1922
f 3345/4411/1920 3346/4104/1921 3349/4414/1872 3348/4412/1871
f 3347/4413/1922 3348/4412/1871 3344/4415/1867 3341/4416/1919
f 3348/4412/1871 3349/4414/1872 3339/4417/1862 3344/4415/1867
f 3350/4418/1855 3353/4419/1863 3356/4420/1866 3355/4421/1865
f 3353/4419/1863 3354/4270/1864 3357/4422/1867 3356/4420/1866
f 3355/4421/1865 3356/4420/1866 3368/4423/1861 3365/4424/1858
f 3356/4420/1866 3357/4422/1867 3358/4425/1862 3368/4423/1861
f 3351/4426/1923 3359/4427/1924 3362/4428/1871 3361/4429/1908
f 3359/4427/1924 3360/4430/1925 3363/4431/1872 3362/4428/1871
f 3361/4429/1908 3362/4428/1871 3357/4432/1867 3354/4433/1864
f 3362/4428/1871 3363/4431/1872 3358/4434/1862 3357/4432/1867
f 3352/4435/1854 3364/4436/1857 3367/4437/1860 3366/4438/1859
f 3364/4436/1857 3365/4439/1858 3368/4440/1861 3367/4437/1860
f 3366/4438/1859 3367/4437/1860 3363/4441/1872 3360/4442/1925
f 3367/4437/1860 3368/4440/1861 3358/4443/1862 3363/4441/1872
f 3369/4444/1926 3372/4445/1857 3375/4446/1860 3374/4447/1929
f 3372/4445/1857 3373/4448/1858 3376/4449/1861 3375/4446/1860
f 3374/4447/1929 3375/4446/1860 3387/4450/1872 3384/4451/1933
f 3375/4446/1860 3376/4449/1861 3377/4452/1862 3387/4450/1872
f 3370/4453/1927 3378/4454/1930 3381/4455/1866 3380/4456/1865
f 3378/4454/1930 3379/4457/1931 3382/4458/1867 3381/4455/1866
f 3380/4456/1865 3381/4455/1866 3376/4459/1861 3373/4460/1858
f 3381/4455/1866 3382/4458/1867 3377/4461/1862 3376/4459/1861
f 3371/4462/1928 3383/4463/1932 3386/4464/1871 3385/4465/1934
f 3383/4463/1932 3384/4466/1933 3387/4467/1872 3386/4464/1871
f 3385/4465/1934 3386/4464/1871 3382/4468/1867 3379/4469/1931
f 3386/4464/1871 3387/4467/1872 3377/4470/1862 3382/4468/1867
f 3388/4471/1935 3391/4472/1938 3394/4473/1789 3393/4474/1788
f 3391/4472/1938 3392/4475/1939 3395/4476/1790 3394/4473/1789
f 3393/4474/1788 3394/4473/1789 3406/4477/1801 3403/4478/1798
f 3394/4473/1789 3395/4476/1790 3396/4479/1791 3406/4477/1801
f 3389/4480/1936 3397/4481/1940 3400/4482/1795 3399/4483/1942
f 3397/4481/1940 3398/4484/1941 3401/4485/1796 3400/4482/1795
f 3399/4483/1942 3400/4482/1795 3395/4486/1790 3392/4487/1939
f 3400/4482/1795 3401/4485/1796 3396/4488/1791 3395/4486/1790
f 3390/4489/1937 3402/4490/1797 3405/4491/1800 3404/4492/1943
f 3402/4490/1797 3403/4493/1798 3406/4494/1801 3405/4491/1800
f 3404/4492/1943 3405/4491/1800 3401/4495/1796 3398/4496/1941
f 3405/4491/1800 3406/4494/1801 3396/4497/1791 3401/4495/1796
f 3407/4498/1944 3410/4499/1947 3413/4500/1833 3412/4501/1832
f 3410/4499/1947 3411/4502/1948 3414/4503/1834 3413/4500/1833
f 3412/4501/1832 3413/4500/1833 3425/4504/1828 3422/4505/1825
f 3413/4500/1833 3414/4503/1834 3415/4506/1829 3425/4504/1828
f 3408/4507/1945 3416/4508/1949 3419/4509/1838 3418/4510/1951
f 3416/4508/1949 3417/4511/1950 3420/4512/1839 3419/4509/1838
f 3418/4510/1951 3419/4509/1838 3414/4513/1834 3411/4514/1948
f 3419/4509/1838 3420/4512/1839 3415/4515/1829 3414/4513/1834
f 3409/4516/1946 3421/4517/1824 3424/4518/1827 3423/4519/1952
f 3421/4517/1824 3422/4520/1825 3425/4521/1828 3424/4518/1827
f 3423/4519/1952 3424/4518/1827 3420/4522/1839 3417/4523/1950
f 3424/4518/1827 3425/4521/1828 3415/4524/1829 3420/4522/1839
f 3426/4525/1953 3429/4526/1956 3432/4527/1814 3431/4528/1813
f 3429/4526/1956 3430/4529/1957 3433/4530/1815 3432/4527/1814
f 3431/4528/1813 3432/4527/1814 3444/4531/1809 3441/4532/1806
f 3432/4527/1814 3433/4530/1815 3434/4533/1810 3444/4531/1809
f 3427/4534/1954 3435/4535/1958 3438/4536/1819 3437/4537/1960
f 3435/4535/1958 3436/4538/1959 3439/4539/1820 3438/4536/1819
f 3437/4537/1960 3438/4536/1819 3433/4540/1815 3430/4541/1957
f 3438/4536/1819 3439/4539/1820 3434/4542/1810 3433/4540/1815
f 3428/4543/1955 3440/4544/1805 3443/4545/1808 3442/4546/1961
f 3440/4544/1805 3441/4547/1806 3444/4548/1809 3443/4545/1808
f 3442/4546/1961 3443/4545/1808 3439/4549/1820 3436/4550/1959
f 3443/4545/1808 3444/4548/1809 3434/4551/1810 3439/4549/1820
f 3445/4552/1353 3448/4553/1356 3451/4554/1359 3450/4555/1358
f 3448/4553/1356 3449/4556/1357 3452/4557/1360 3451/4554/1359
f 3450/4555/1358 3451/4554/1359 3463/4558/1371 3460/4559/1368
f 3451/4554/1359 3452/4557/1360 3453/4560/1361 3463/4558/1371
f 3446/4561/1354 3454/4562/1362 3457/4563/1365 3456/4564/1364
f 3454/4562/1362 3455/4565/1363 3458/4566/1366 3457/4563/1365
f 3456/4564/1364 3457/4563/1365 3452/4567/1360 3449/4568/1357
f 3457/4563/1365 3458/4566/1366 3453/4569/1361 3452/4567/1360
f 3447/4570/1355 3459/4571/1367 3462/4572/1370 3461/4573/1369
f 3459/4571/1367 3460/4574/1368 3463/4575/1371 3462/4572/1370
f 3461/4573/1369 3462/4572/1370 3458/4576/1366 3455/4577/1363
f 3462/4572/1370 3463/4575/1371 3453/4578/1361 3458/4576/1366
f 3464/4579/1410 3467/4580/1413 3470/4581/1416 3469/4582/1415
f 3467/4580/1413 3468/4583/1414 3471/4584/1417 3470/4581/1416
f 3469/4582/1415 3470/4581/1416 3482/4585/1428 3479/4586/1425
f 3470/4581/1416 3471/4584/1417 3472/4587/1962 3482/4585/1428
f 3465/4588/1411 3473/4589/1419 3476/4590/1422 3475/4591/1421
f 3473/4589/1419 3474/4592/1420 3477/4593/1423 3476/4590/1422
f 3475/4591/1421 3476/4590/1422 3471/4594/1417 3468/4595/1414
f 3476/4590/1422 3477/4593/1423 3472/4596/1962 3471/4594/1417
f 3466/4597/1412 3478/4598/1424 3481/4599/1427 3480/4600/1426
f 3478/4598/1424 3479/4601/1425 3482/4602/1428 3481/4599/1427
f 3480/4600/1426 3481/4599/1427 3477/4603/1423 3474/4604/1420
f 3481/4599/1427 3482/4602/1428 3472/4605/1962 3477/4603/1423
f 3483/4606/1410 3486/4607/1413 3489/4608/1416 3488/4609/1415
f 3486/4607/1413 3487/4610/1414 3490/4611/1417 3489/4608/1416
f 3488/4609/1415 3489/4608/1416 3501/4612/1428 3498/4613/1425
f 3489/4608/1416 3490/4611/1417 3491/4614/1418 3501/4612/1428
f 3484/4615/1411 3492/4616/1419 3495/4617/1422 3494/4618/1421
f 3492/4616/1419 3493/4619/1420 3496/4620/1423 3495/4617/1422
f 3494/4618/1421 3495/4617/1422 3490/4621/1417 3487/4622/1414
f 3495/4617/1422 3496/4620/1423 3491/4623/1418 3490/4621/1417
f 3485/4624/1412 3497/4625/1424 3500/4626/1427 3499/4627/1426
f 3497/4625/1424 3498/4628/1425 3501/4629/1428 3500/4626/1427
f 3499/4627/1426 3500/4626/1427 3496/4630/1423 3493/4631/1420
f 3500/4626/1427 3501/4629/1428 3491/4632/1418 3496/4630/1423
f 3502/4633/1927 3505/4634/1930 3508/4635/1866 3507/4636/1865
f 3505/4634/1930 3506/4637/1931 3509/4638/1867 3508/4635/1866
f 3507/4636/1865 3508/4635/1866 3520/4639/1861 3517/4640/1858
f 3508/4635/1866 3509/4638/1867 3510/4641/1862 3520/4639/1861
f 3503/4642/1928 3511/4643/1932 3514/4644/1871 3513/4645/1934
f 3511/4643/1932 3512/4646/1933 3515/4647/1872 3514/4644/1871
f 3513/4645/1934 3514/4644/1871 3509/4648/1867 3506/4649/1931
f 3514/4644/1871 3515/4647/1872 3510/4650/1862 3509/4648/1867
f 3504/4651/1926 3516/4652/1857 3519/4653/1860 3518/4654/1929
f 3516/4652/1857 3517/4655/1858 3520/4656/1861 3519/4653/1860
f 3518/4654/1929 3519/4653/1860 3515/4657/1872 3512/4658/1933
f 3519/4653/1860 3520/4656/1861 3510/4659/1862 3515/4657/1872
f 3521/4660/1937 3524/4661/1797 3527/4662/1800 3526/4663/1943
f 3524/4661/1797 3525/4664/1798 3528/4665/1801 3527/4662/1800
f 3526/4663/1943 3527/4662/1800 3539/4666/1796 3536/4667/1941
f 3527/4662/1800 3528/4665/1801 3529/4668/1890 3539/4666/1796
f 3522/4669/1935 3530/4670/1938 3533/4671/1789 3532/4672/1788
f 3530/4670/1938 3531/4673/1939 3534/4674/1790 3533/4671/1789
f 3532/4672/1788 3533/4671/1789 3528/4675/1801 3525/4676/1798
f 3533/4671/1789 3534/4674/1790 3529/4677/1890 3528/4675/1801
f 3523/4678/1936 3535/4679/1940 3538/4680/1795 3537/4681/1942
f 3535/4679/1940 3536/4682/1941 3539/4683/1796 3538/4680/1795
f 3537/4681/1942 3538/4680/1795 3534/4684/1790 3531/4685/1939
f 3538/4680/1795 3539/4683/1796 3529/4686/1890 3534/4684/1790
f 3540/4687/1953 3543/4688/1956 3546/4689/1814 3545/4690/1813
f 3543/4688/1956 3544/4691/1957 3547/4692/1815 3546/4689/1814
f 3545/4690/1813 3546/4689/1814 3558/4693/1809 3555/4694/1806
f 3546/4689/1814 3547/4692/1815 3548/4695/1963 3558/4693/1809
f 3541/4696/1954 3549/4697/1958 3552/4698/1819 3551/4699/1960
f 3549/4697/1958 3550/4700/1959 3553/4701/1820 3552/4698/1819
f 3551/4699/1960 3552/4698/1819 3547/4702/1815 3544/4703/1957
f 3552/4698/1819 3553/4701/1820 3548/4704/1963 3547/4702/1815
f 3542/4705/1955 3554/4706/1805 3557/4707/1808 3556/4708/1961
f 3554/4706/1805 3555/4709/1806 3558/4710/1809 3557/4707/1808
f 3556/4708/1961 3557/4707/1808 3553/4711/1820 3550/4712/1959
f 3557/4707/1808 3558/4710/1809 3548/4713/1963 3553/4711/1820
f 3559/4714/1946 3562/4715/1824 3565/4716/1827 3564/4717/1952
f 3562/4715/1824 3563/4718/1825 3566/4719/1828 3565/4716/1827
f 3564/4717/1952 3565/4716/1827 3577/4720/1839 3574/4721/1950
f 3565/4716/1827 3566/4719/1828 3567/4722/1829 3577/4720/1839
f 3560/4723/1944 3568/4724/1947 3571/4725/1833 3570/4726/1832
f 3568/4724/1947 3569/4727/1948 3572/4728/1834 3571/4725/1833
f 3570/4726/1832 3571/4725/1833 3566/4729/1828 3563/4730/1825
f 3571/4725/1833 3572/4728/1834 3567/4731/1829 3566/4729/1828
f 3561/4732/1945 3573/4733/1949 3576/4734/1838 3575/4735/1951
f 3573/4733/1949 3574/4736/1950 3577/4737/1839 3576/4734/1838
f 3575/4735/1951 3576/4734/1838 3572/4738/1834 3569/4739/1948
f 3576/4734/1838 3577/4737/1839 3567/4740/1829 3572/4738/1834
f 3578/4741/1410 3581/4742/1413 3584/4743/1416 3583/4744/1415
f 3581/4742/1413 3582/4745/1414 3585/4746/1417 3584/4743/1416
f 3583/4744/1415 3584/4743/1416 3596/4747/1428 3593/4748/1425
f 3584/4743/1416 3585/4746/1417 3586/4749/1962 3596/4747/1428
f 3579/4750/1411 3587/4751/1419 3590/4752/1422 3589/4753/1421
f 3587/4751/1419 3588/4754/1420 3591/4755/1423 3590/4752/1422
f 3589/4753/1421 3590/4752/1422 3585/4756/1417 3582/4757/1414
f 3590/4752/1422 3591/4755/1423 3586/4758/1962 3585/4756/1417
f 3580/4759/1412 3592/4760/1424 3595/4761/1427 3594/4762/1426
f 3592/4760/1424 3593/4763/1425 3596/4764/1428 3595/4761/1427
f 3594/4762/1426 3595/4761/1427 3591/4765/1423 3588/4766/1420
f 3595/4761/1427 3596/4764/1428 3586/4767/1962 3591/4765/1423
f 3597/4768/1374 3600/4769/1386 3603/4770/1389 3602/4771/1388
f 3600/4769/1386 3601/4772/1387 3604/4773/1390 3603/4770/1389
f 3602/4771/1388 3603/4770/1389 3615/4774/1385 3612/4775/1382
f 3603/4770/1389 3604/4773/1390 3605/4776/1964 3615/4774/1385
f 3598/4777/1372 3606/4778/1375 3609/4779/1378 3608/4780/1377
f 3606/4778/1375 3607/4781/1376 3610/4782/1379 3609/4779/1378
f 3608/4780/1377 3609/4779/1378 3604/4783/1390 3601/4784/1387
f 3609/4779/1378 3610/4782/1379 3605/4785/1964 3604/4783/1390
f 3599/4786/1373 3611/4787/1381 3614/4788/1384 3613/4789/1383
f 3611/4787/1381 3612/4790/1382 3615/4791/1385 3614/4788/1384
f 3613/4789/1383 3614/4788/1384 3610/4792/1379 3607/4793/1376
f 3614/4788/1384 3615/4791/1385 3605/4794/1964 3610/4792/1379
f 3616/4795/1353 3619/4796/1356 3622/4797/1359 3621/4798/1358
f 3619/4796/1356 3620/4799/1357 3623/4800/1360 3622/4797/1359
f 3621/4798/1358 3622/4797/1359 3634/4801/1371 3631/4802/1368
f 3622/4797/1359 3623/4800/1360 3624/4803/1965 3634/4801/1371
f 3617/4804/1354 3625/4805/1362 3628/4806/1365 3627/4807/1364
f 3625/4805/1362 3626/4808/1363 3629/4809/1366 3628/4806/1365
f 3627/4807/1364 3628/4806/1365 3623/4810/1360 3620/4811/1357
f 3628/4806/1365 3629/4809/1366 3624/4812/1965 3623/4810/1360
f 3618/4813/1355 3630/4814/1367 3633/4815/1370 3632/4816/1369
f 3630/4814/1367 3631/4817/1368 3634/4818/1371 3633/4815/1370
f 3632/4816/1369 3633/4815/1370 3629/4819/1366 3626/4820/1363
f 3633/4815/1370 3634/4818/1371 3624/4821/1965 3629/4819/1366
f 3635/4822/1955 3638/4823/1805 3641/4824/1808 3640/4825/1961
f 3638/4823/1805 3639/4826/1806 3642/4827/1809 3641/4824/1808
f 3640/4825/1961 3641/4824/1808 3653/4828/1820 3650/4829/1959
f 3641/4824/1808 3642/4827/1809 3643/4830/1810 3653/4828/1820
f 3636/4831/1953 3644/4832/1956 3647/4833/1814 3646/4834/1813
f 3644/4832/1956 3645/4835/1957 3648/4836/1815 3647/4833/1814
f 3646/4834/1813 3647/4833/1814 3642/4837/1809 3639/4838/1806
f 3647/4833/1814 3648/4836/1815 3643/4839/1810 3642/4837/1809
f 3637/4840/1954 3649/4841/1958 3652/4842/1819 3651/4843/1960
f 3649/4841/1958 3650/4844/1959 3653/4845/1820 3652/4842/1819
f 3651/4843/1960 3652/4842/1819 3648/4846/1815 3645/4847/1957
f 3652/4842/1819 3653/4845/1820 3643/4848/1810 3648/4846/1815
f 3654/4849/1936 3657/4850/1940 3660/4851/1795 3659/4852/1942
f 3657/4850/1940 3658/4853/1941 3661/4854/1796 3660/4851/1795
f 3659/4852/1942 3660/4851/1795 3672/4855/1790 3669/4856/1939
f 3660/4851/1795 3661/4854/1796 3662/4857/1791 3672/4855/1790
f 3655/4858/1937 3663/4859/1797 3666/4860/1800 3665/4861/1943
f 3663/4859/1797 3664/4862/1798 3667/4863/1801 3666/4860/1800
f 3665/4861/1943 3666/4860/1800 3661/4864/1796 3658/4865/1941
f 3666/4860/1800 3667/4863/1801 3662/4866/1791 3661/4864/1796
f 3656/4867/1935 3668/4868/1938 3671/4869/1789 3670/4870/1788
f 3668/4868/1938 3669/4871/1939 3672/4872/1790 3671/4869/1789
f 3670/4870/1788 3671/4869/1789 3667/4873/1801 3664/4874/1798
f 3671/4869/1789 3672/4872/1790 3662/4875/1791 3667/4873/1801
f 3673/4876/1944 3676/4877/1947 3679/4878/1833 3678/4879/1832
f 3676/4877/1947 3677/4880/1948 3680/4881/1834 3679/4878/1833
f 3678/4879/1832 3679/4878/1833 3691/4882/1828 3688/4883/1825
f 3679/4878/1833 3680/4881/1834 3681/4884/1829 3691/4882/1828
f 3674/4885/1945 3682/4886/1949 3685/4887/1838 3684/4888/1951
f 3682/4886/1949 3683/4889/1950 3686/4890/1839 3685/4887/1838
f 3684/4888/1951 3685/4887/1838 3680/4891/1834 3677/4892/1948
f 3685/4887/1838 3686/4890/1839 3681/4893/1829 3680/4891/1834
f 3675/4894/1946 3687/4895/1824 3690/4896/1827 3689/4897/1952
f 3687/4895/1824 3688/4898/1825 3691/4899/1828 3690/4896/1827
f 3689/4897/1952 3690/4896/1827 3686/4900/1839 3683/4901/1950
f 3690/4896/1827 3691/4899/1828 3681/4902/1829 3686/4900/1839
f 3692/4903/1926 3695/4904/1857 3698/4905/1860 3697/4906/1929
f 3695/4904/1857 3696/4907/1858 3699/4908/1861 3698/4905/1860
f 3697/4906/1929 3698/4905/1860 3710/4909/1872 3707/4910/1933
f 3698/4905/1860 3699/4908/1861 3700/4911/1862 3710/4909/1872
f 3693/4912/1927 3701/4913/1930 3704/4914/1866 3703/4915/1865
f 3701/4913/1930 3702/4916/1931 3705/4917/1867 3704/4914/1866
f 3703/4915/1865 3704/4914/1866 3699/4918/1861 3696/4919/1858
f 3704/4914/1866 3705/4917/1867 3700/4920/1862 3699/4918/1861
f 3694/4921/1928 3706/4922/1932 3709/4923/1871 3708/4924/1934
f 3706/4922/1932 3707/4925/1933 3710/4926/1872 3709/4923/1871
f 3708/4924/1934 3709/4923/1871 3705/4927/1867 3702/4928/1931
f 3709/4923/1871 3710/4926/1872 3700/4929/1862 3705/4927/1867
f 3711/4930/1355 3714/4931/1367 3717/4932/1370 3716/4933/1369
f 3714/4931/1367 3715/4934/1368 3718/4935/1371 3717/4932/1370
f 3716/4933/1369 3717/4932/1370 3729/4936/1366 3726/4937/1363
f 3717/4932/1370 3718/4935/1371 3719/4938/1361 3729/4936/1366
f 3712/4939/1353 3720/4940/1356 3723/4941/1359 3722/4942/1358
f 3720/4940/1356 3721/4943/1357 3724/4944/1360 3723/4941/1359
f 3722/4942/1358 3723/4941/1359 3718/4945/1371 3715/4946/1368
f 3723/4941/1359 3724/4944/1360 3719/4947/1361 3718/4945/1371
f 3713/4948/1354 3725/4949/1362 3728/4950/1365 3727/4951/1364
f 3725/4949/1362 3726/4952/1363 3729/4953/1366 3728/4950/1365
f 3727/4951/1364 3728/4950/1365 3724/4954/1360 3721/4955/1357
f 3728/4950/1365 3729/4953/1366 3719/4956/1361 3724/4954/1360
f 3730/4957/1372 3733/4958/1375 3736/4959/1378 3735/4960/1377
f 3733/4958/1375 3734/4961/1376 3737/4962/1379 3736/4959/1378
f 3735/4960/1377 3736/4959/1378 3748/4963/1390 3745/4964/1387
f 3736/4959/1378 3737/4962/1379 3738/4965/1380 3748/4963/1390
f 3731/4966/1373 3739/4967/1381 3742/4968/1384 3741/4969/1383
f 3739/4967/1381 3740/4970/1382 3743/4971/1385 3742/4968/1384
f 3741/4969/1383 3742/4968/1384 3737/4972/1379 3734/4973/1376
f 3742/4968/1384 3743/4971/1385 3738/4974/1380 3737/4972/1379
f 3732/4975/1374 3744/4976/1386 3747/4977/1389 3746/4978/1388
f 3744/4976/1386 3745/4979/1387 3748/4980/1390 3747/4977/1389
f 3746/4978/1388 3747/4977/1389 3743/4981/1385 3740/4982/1382
f 3747/4977/1389 3748/4980/1390 3738/4983/1380 3743/4981/1385
f 3749/4984/1953 3752/4985/1956 3755/4986/1814 3754/4987/1813
f 3752/4985/1956 3753/4988/1957 3756/4989/1815 3755/4986/1814
f 3754/4987/1813 3755/4986/1814 3767/4990/1809 3764/4991/1806
f 3755/4986/1814 3756/4989/1815 3757/4992/1963 3767/4990/1809
f 3750/4993/1954 3758/4994/1958 3761/4995/1819 3760/4996/1960
f 3758/4994/1958 3759/4997/1959 3762/4998/1820 3761/4995/1819
f 3760/4996/1960 3761/4995/1819 3756/4999/1815 3753/5000/1957
f 3761/4995/1819 3762/4998/1820 3757/5001/1963 3756/4999/1815
f 3751/5002/1955 3763/5003/1805 3766/5004/1808 3765/5005/1961
f 3763/5003/1805 3764/5006/1806 3767/5007/1809 3766/5004/1808
f 3765/5005/1961 3766/5004/1808 3762/5008/1820 3759/5009/1959
f 3766/5004/1808 3767/5007/1809 3757/5010/1963 3762/5008/1820
f 3768/5011/1946 3771/5012/1824 3774/5013/1827 3773/5014/1952
f 3771/5012/1824 3772/5015/1825 3775/5016/1828 3774/5013/1827
f 3773/5014/1952 3774/5013/1827 3786/5017/1839 3783/5018/1950
f 3774/5013/1827 3775/5016/1828 3776/5019/1829 3786/5017/1839
f 3769/5020/1944 3777/5021/1947 3780/5022/1833 3779/5023/1832
f 3777/5021/1947 3778/5024/1948 3781/5025/1834 3780/5022/1833
f 3779/5023/1832 3780/5022/1833 3775/5026/1828 3772/5027/1825
f 3780/5022/1833 3781/5025/1834 3776/5028/1829 3775/5026/1828
f 3770/5029/1945 3782/5030/1949 3785/5031/1838 3784/5032/1951
f 3782/5030/1949 3783/5033/1950 3786/5034/1839 3785/5031/1838
f 3784/5032/1951 3785/5031/1838 3781/5035/1834 3778/5036/1948
f 3785/5031/1838 3786/5034/1839 3776/5037/1829 3781/5035/1834
f 3787/5038/1927 3790/5039/1930 3793/5040/1866 3792/5041/1865
f 3790/5039/1930 3791/5042/1931 3794/5043/1867 3793/5040/1866
f 3792/5041/1865 3793/5040/1866 3805/5044/1861 3802/5045/1858
f 3793/5040/1866 3794/5043/1867 3795/5046/1862 3805/5044/1861
f 3788/5047/1928 3796/5048/1932 3799/5049/1871 3798/5050/1934
f 3796/5048/1932 3797/5051/1933 3800/5052/1872 3799/5049/1871
f 3798/5050/1934 3799/5049/1871 3794/5053/1867 3791/5054/1931
f 3799/5049/1871 3800/5052/1872 3795/5055/1862 3794/5053/1867
f 3789/5056/1926 3801/5057/1857 3804/5058/1860 3803/5059/1929
f 3801/5057/1857 3802/5060/1858 3805/5061/1861 3804/5058/1860
f 3803/5059/1929 3804/5058/1860 3800/5062/1872 3797/5063/1933
f 3804/5058/1860 3805/5061/1861 3795/5064/1862 3800/5062/1872
f 3806/5065/1937 3809/5066/1797 3812/5067/1800 3811/5068/1943
f 3809/5066/1797 3810/5069/1798 3813/5070/1801 3812/5067/1800
f 3811/5068/1943 3812/5067/1800 3824/5071/1796 3821/5072/1941
f 3812/5067/1800 3813/5070/1801 3814/5073/1890 3824/5071/1796
f 3807/5074/1935 3815/5075/1938 3818/5076/1789 3817/5077/1788
f 3815/5075/1938 3816/5078/1939 3819/5079/1790 3818/5076/1789
f 3817/5077/1788 3818/5076/1789 3813/5080/1801 3810/5081/1798
f 3818/5076/1789 3819/5079/1790 3814/5082/1890 3813/5080/1801
f 3808/5083/1936 3820/5084/1940 3823/5085/1795 3822/5086/1942
f 3820/5084/1940 3821/5087/1941 3824/5088/1796 3823/5085/1795
f 3822/5086/1942 3823/5085/1795 3819/5089/1790 3816/5090/1939
f 3823/5085/1795 3824/5088/1796 3814/5091/1890 3819/5089/1790
f 3825/5092/1374 3828/5093/1386 3831/5094/1389 3830/5095/1388
f 3828/5093/1386 3829/5096/1387 3832/5097/1390 3831/5094/1389
f 3830/5095/1388 3831/5094/1389 3843/5098/1385 3840/5099/1382
f 3831/5094/1389 3832/5097/1390 3833/5100/1964 3843/5098/1385
f 3826/5101/1372 3834/5102/1375 3837/5103/1378 3836/5104/1377
f 3834/5102/1375 3835/5105/1376 3838/5106/1379 3837/5103/1378
f 3836/5104/1377 3837/5103/1378 3832/5107/1390 3829/5108/1387
f 3837/5103/1378 3838/5106/1379 3833/5109/1964 3832/5107/1390
f 3827/5110/1373 3839/5111/1381 3842/5112/1384 3841/5113/1383
f 3839/5111/1381 3840/5114/1382 3843/5115/1385 3842/5112/1384
f 3841/5113/1383 3842/5112/1384 3838/5116/1379 3835/5117/1376
f 3842/5112/1384 3843/5115/1385 3833/5118/1964 3838/5116/1379
f 3844/5119/1391 3847/5120/1394 3850/5121/1397 3849/5122/1396
f 3847/5120/1394 3848/5123/1395 3851/5124/1398 3850/5121/1397
f 3849/5122/1396 3850/5121/1397 3862/5125/1409 3859/5126/1406
f 3850/5121/1397 3851/5124/1398 3852/5127/1399 3862/5125/1409
f 3845/5128/1392 3853/5129/1400 3856/5130/1403 3855/5131/1402
f 3853/5129/1400 3854/5132/1401 3857/5133/1404 3856/5130/1403
f 3855/5131/1402 3856/5130/1403 3851/5134/1398 3848/5135/1395
f 3856/5130/1403 3857/5133/1404 3852/5136/1399 3851/5134/1398
f 3846/5137/1393 3858/5138/1405 3861/5139/1408 3860/5140/1407
f 3858/5138/1405 3859/5141/1406 3862/5142/1409 3861/5139/1408
f 3860/5140/1407 3861/5139/1408 3857/5143/1404 3854/5144/1401
f 3861/5139/1408 3862/5142/1409 3852/5145/1399 3857/5143/1404
f 3863/5146/1355 3866/5147/1367 3869/5148/1370 3868/5149/1369
f 3866/5147/1367 3867/5150/1368 3870/5151/1371 3869/5148/1370
f 3868/5149/1369 3869/5148/1370 3881/5152/1366 3878/5153/1363
f 3869/5148/1370 3870/5151/1371 3871/5154/1361 3881/5152/1366
f 3864/5155/1353 3872/5156/1356 3875/5157/1359 3874/5158/1358
f 3872/5156/1356 3873/5159/1357 3876/5160/1360 3875/5157/1359
f 3874/5158/1358 3875/5157/1359 3870/5161/1371 3867/5162/1368
f 3875/5157/1359 3876/5160/1360 3871/5163/1361 3870/5161/1371
f 3865/5164/1354 3877/5165/1362 3880/5166/1365 3879/5167/1364
f 3877/5165/1362 3878/5168/1363 3881/5169/1366 3880/5166/1365
f 3879/5167/1364 3880/5166/1365 3876/5170/1360 3873/5171/1357
f 3880/5166/1365 3881/5169/1366 3871/5172/1361 3876/5170/1360
f 3882/5173/1392 3885/5174/1400 3888/5175/1403 3887/5176/1402
f 3885/5174/1400 3886/5177/1401 3889/5178/1404 3888/5175/1403
f 3887/5176/1402 3888/5175/1403 3900/5179/1398 3897/5180/1395
f 3888/5175/1403 3889/5178/1404 3890/5181/1399 3900/5179/1398
f 3883/5182/1393 3891/5183/1405 3894/5184/1408 3893/5185/1407
f 3891/5183/1405 3892/5186/1406 3895/5187/1409 3894/5184/1408
f 3893/5185/1407 3894/5184/1408 3889/5188/1404 3886/5189/1401
f 3894/5184/1408 3895/5187/1409 3890/5190/1399 3889/5188/1404
f 3884/5191/1391 3896/5192/1394 3899/5193/1397 3898/5194/1396
f 3896/5192/1394 3897/5195/1395 3900/5196/1398 3899/5193/1397
f 3898/5194/1396 3899/5193/1397 3895/5197/1409 3892/5198/1406
f 3899/5193/1397 3900/5196/1398 3890/5199/1399 3895/5197/1409
f 3901/5200/1392 3904/5201/1400 3907/5202/1403 3906/5203/1402
f 3904/5201/1400 3905/5204/1401 3908/5205/1404 3907/5202/1403
f 3906/5203/1402 3907/5202/1403 3919/5206/1398 3916/5207/1395
f 3907/5202/1403 3908/5205/1404 3909/5208/1399 3919/5206/1398
f 3902/5209/1393 3910/5210/1405 3913/5211/1408 3912/5212/1407
f 3910/5210/1405 3911/5213/1406 3914/5214/1409 3913/5211/1408
f 3912/5212/1407 3913/5211/1408 3908/5215/1404 3905/5216/1401
f 3913/5211/1408 3914/5214/1409 3909/5217/1399 3908/5215/1404
f 3903/5218/1391 3915/5219/1394 3918/5220/1397 3917/5221/1396
f 3915/5219/1394 3916/5222/1395 3919/5223/1398 3918/5220/1397
f 3917/5221/1396 3918/5220/1397 3914/5224/1409 3911/5225/1406
f 3918/5220/1397 3919/5223/1398 3909/5226/1399 3914/5224/1409
f 3920/5227/1374 3923/5228/1386 3926/5229/1389 3925/5230/1388
f 3923/5228/1386 3924/5231/1387 3927/5232/1390 3926/5229/1389
f 3925/5230/1388 3926/5229/1389 3938/5233/1385 3935/5234/1382
f 3926/5229/1389 3927/5232/1390 3928/5235/1380 3938/5233/1385
f 3921/5236/1372 3929/5237/1375 3932/5238/1378 3931/5239/1377
f 3929/5237/1375 3930/5240/1376 3933/5241/1379 3932/5238/1378
f 3931/5239/1377 3932/5238/1378 3927/5242/1390 3924/5243/1387
f 3932/5238/1378 3933/5241/1379 3928/5244/1380 3927/5242/1390
f 3922/5245/1373 3934/5246/1381 3937/5247/1384 3936/5248/1383
f 3934/5246/1381 3935/5249/1382 3938/5250/1385 3937/5247/1384
f 3936/5248/1383 3937/5247/1384 3933/5251/1379 3930/5252/1376
f 3937/5247/1384 3938/5250/1385 3928/5253/1380 3933/5251/1379
f 3939/5254/1412 3942/5255/1424 3945/5256/1427 3944/5257/1426
f 3942/5255/1424 3943/5258/1425 3946/5259/1428 3945/5256/1427
f 3944/5257/1426 3945/5256/1427 3957/5260/1423 3954/5261/1420
f 3945/5256/1427 3946/5259/1428 3947/5262/1418 3957/5260/1423
f 3940/5263/1410 3948/5264/1413 3951/5265/1416 3950/5266/1415
f 3948/5264/1413 3949/5267/1414 3952/5268/1417 3951/5265/1416
f 3950/5266/1415 3951/5265/1416 3946/5269/1428 3943/5270/1425
f 3951/5265/1416 3952/5268/1417 3947/5271/1418 3946/5269/1428
f 3941/5272/1411 3953/5273/1419 3956/5274/1422 3955/5275/1421
f 3953/5273/1419 3954/5276/1420 3957/5277/1423 3956/5274/1422
f 3955/5275/1421 3956/5274/1422 3952/5278/1417 3949/5279/1414
f 3956/5274/1422 3957/5277/1423 3947/5280/1418 3952/5278/1417
f 3958/5281/1391 3961/5282/1394 3964/5283/1397 3963/5284/1396
f 3961/5282/1394 3962/5285/1395 3965/5286/1398 3964/5283/1397
f 3963/5284/1396 3964/5283/1397 3976/5287/1409 3973/5288/1406
f 3964/5283/1397 3965/5286/1398 3966/5289/1399 3976/5287/1409
f 3959/5290/1392 3967/5291/1400 3970/5292/1403 3969/5293/1402
f 3967/5291/1400 3968/5294/1401 3971/5295/1404 3970/5292/1403
f 3969/5293/1402 3970/5292/1403 3965/5296/1398 3962/5297/1395
f 3970/5292/1403 3971/5295/1404 3966/5298/1399 3965/5296/1398
f 3960/5299/1393 3972/5300/1405 3975/5301/1408 3974/5302/1407
f 3972/5300/1405 3973/5303/1406 3976/5304/1409 3975/5301/1408
f 3974/5302/1407 3975/5301/1408 3971/5305/1404 3968/5306/1401
f 3975/5301/1408 3976/5304/1409 3966/5307/1399 3971/5305/1404
f 2909/5308/1693 2549/3438/1353 2554/3441/1358 2912/5309/1696
f 2912/5309/1696 2554/3441/1358 2564/3445/1368 2911/5310/1695
f 2911/5311/1695 2564/3460/1368 2563/3457/1367 2910/5312/1694
f 2910/5312/1694 2563/3457/1367 2551/3456/1355 2908/5313/1692
f 2570/3483/1374 2625/5314/1429 2627/5315/1431 2582/3484/1386
f 2582/3484/1386 2627/5315/1431 2628/5316/1432 2583/3487/1387
f 2583/3472/1387 2628/5317/1432 2629/5318/1433 2573/3468/1377
f 2573/3468/1377 2629/5318/1433 2626/5319/1430 2568/3465/1372
f 2608/3537/1412 2630/5320/1434 2632/5321/1436 2620/3538/1424
f 2620/3538/1424 2632/5321/1436 2633/5322/1437 2621/3541/1425
f 2621/3526/1425 2633/5323/1437 2634/5324/1438 2611/3522/1415
f 2611/3522/1415 2634/5324/1438 2631/5325/1435 2606/3519/1410
f 2587/3492/1391 2635/5326/1439 2637/5327/1441 2590/3493/1394
f 2590/3493/1394 2637/5327/1441 2638/5328/1442 2591/3496/1395
f 2591/3508/1395 2638/5329/1442 2639/5330/1443 2598/3504/1402
f 2598/3504/1402 2639/5330/1443 2636/5331/1440 2588/3501/1392
f 2689/5332/1488 2693/5333/1488 2695/5334/1491 2692/5335/1491
f 2692/5335/1491 2695/5334/1491 2696/5336/1490 2691/5337/1490
f 2691/5338/1490 2696/5339/1490 2697/5340/1489 2690/5341/1489
f 2690/5341/1489 2697/5340/1489 2694/5342/1487 2688/5343/1487
f 2679/5344/1483 2683/5345/1483 2685/5346/1486 2682/5347/1486
f 2682/5347/1486 2685/5346/1486 2686/5348/1485 2681/5349/1485
f 2681/5350/1485 2686/5351/1485 2687/5352/1484 2680/5353/1484
f 2680/5353/1484 2687/5352/1484 2684/5354/1482 2678/5355/1482
f 2699/5356/1493 2703/5357/1493 2705/5358/1496 2702/5359/1496
f 2702/5359/1496 2705/5358/1496 2706/5360/1495 2701/5361/1495
f 2701/5362/1495 2706/5363/1495 2707/5364/1494 2700/5365/1494
f 2700/5365/1494 2707/5364/1494 2704/5366/1492 2698/5367/1492
f 2853/3780/1637 2871/3796/1655 2881/3799/1665 2865/3781/1649
f 2865/3781/1649 2881/3799/1665 2874/3803/1658 2866/3784/1650
f 2866/3771/1650 2874/3792/1658 2873/3789/1657 2856/3767/1640
f 2856/3767/1640 2873/3789/1657 2870/3788/1654 2851/3764/1635
f 2709/5368/1498 2713/5369/1498 2715/5370/1501 2712/5371/1501
f 2712/5371/1501 2715/5370/1501 2716/5372/1500 2711/5373/1500
f 2711/5374/1500 2716/5375/1500 2717/5376/1499 2710/5377/1499
f 2710/5377/1499 2717/5376/1499 2714/5378/1497 2708/5379/1497
f 2703/5357/1493 2570/3483/1374 2584/3486/1388 2705/5358/1496
f 2705/5358/1496 2584/3486/1388 2578/3490/1382 2706/5360/1495
f 2706/5363/1495 2578/3478/1382 2577/3475/1381 2707/5364/1494
f 2707/5364/1494 2577/3475/1381 2569/3474/1373 2704/5366/1492
f 2568/3465/1372 2684/5354/1482 2687/5352/1484 2571/3466/1375
f 2571/3466/1375 2687/5352/1484 2686/5351/1485 2572/3469/1376
f 2572/3481/1376 2686/5348/1485 2685/5346/1486 2579/3477/1383
f 2579/3477/1383 2685/5346/1486 2683/5345/1483 2569/3474/1373
f 2678/5355/1482 2551/3456/1355 2565/3459/1369 2680/5353/1484
f 2680/5353/1484 2565/3459/1369 2559/3463/1363 2681/5350/1485
f 2681/5349/1485 2559/3451/1363 2558/3448/1362 2682/5347/1486
f 2682/5347/1486 2558/3448/1362 2550/3447/1354 2679/5344/1483
f 2549/3438/1353 2709/5368/1498 2712/5371/1501 2552/3439/1356
f 2552/3439/1356 2712/5371/1501 2711/5373/1500 2553/3442/1357
f 2553/3454/1357 2711/5374/1500 2710/5377/1499 2560/3450/1364
f 2560/3450/1364 2710/5377/1499 2708/5379/1497 2550/3447/1354
f 2588/3501/1392 2689/5332/1488 2692/5335/1491 2596/3502/1400
f 2596/3502/1400 2692/5335/1491 2691/5337/1490 2597/3505/1401
f 2597/3517/1401 2691/5338/1490 2690/5341/1489 2603/3513/1407
f 2603/3513/1407 2690/5341/1489 2688/5343/1487 2589/3510/1393
f 2713/5369/1498 2587/3492/1391 2592/3495/1396 2715/5370/1501
f 2715/5370/1501 2592/3495/1396 2602/3499/1406 2716/5372/1500
f 2716/5375/1500 2602/3514/1406 2601/3511/1405 2717/5376/1499
f 2717/5376/1499 2601/3511/1405 2589/3510/1393 2714/5378/1497
f 2607/3528/1411 2694/5342/1487 2697/5340/1489 2615/3529/1419
f 2615/3529/1419 2697/5340/1489 2696/5339/1490 2616/3532/1420
f 2616/3544/1420 2696/5336/1490 2695/5334/1491 2622/3540/1426
f 2622/3540/1426 2695/5334/1491 2693/5333/1488 2608/3537/1412
f 2606/3519/1410 2699/5356/1493 2702/5359/1496 2609/3520/1413
f 2609/3520/1413 2702/5359/1496 2701/5361/1495 2610/3523/1414
f 2610/3535/1414 2701/5362/1495 2700/5365/1494 2617/3531/1421
f 2617/3531/1421 2700/5365/1494 2698/5367/1492 2607/3528/1411
f 2737/3618/1521 2756/3643/1540 2761/3646/1545 2740/3619/1524
f 2740/3619/1524 2761/3646/1545 2771/3650/1555 2741/3622/1525
f 2741/3634/1525 2771/3665/1555 2770/3662/1554 2748/3630/1532
f 2748/3630/1532 2770/3662/1554 2758/3661/1542 2738/3627/1522
f 2832/3546/1616 2640/3546/1444 2645/3549/1449 2835/3742/1619
f 2835/3742/1619 2645/3549/1449 2655/3553/1459 2836/3745/1620
f 2836/3757/1620 2655/3567/1459 2654/3564/1458 2843/3753/1627
f 2843/3753/1627 2654/3564/1458 2642/3563/1446 2833/3750/1617
f 2718/3593/1502 2659/3569/1463 2664/3572/1468 2721/3594/1505
f 2721/3594/1505 2664/3572/1468 2674/3576/1478 2722/3597/1506
f 2722/3608/1506 2674/3588/1478 2673/3585/1477 2729/3604/1513
f 2729/3604/1513 2673/3585/1477 2661/3584/1465 2719/3601/1503
f 2833/3750/1617 2794/3694/1578 2799/3697/1583 2841/3751/1625
f 2841/3751/1625 2799/3697/1583 2809/3701/1593 2842/3754/1626
f 2842/3763/1626 2809/3716/1593 2808/3713/1592 2848/3761/1632
f 2848/3761/1632 2808/3713/1592 2796/3712/1580 2834/3758/1618
f 2738/3627/1522 2889/3813/1673 2894/3816/1678 2746/3628/1530
f 2746/3628/1530 2894/3816/1678 2904/3820/1688 2747/3631/1531
f 2747/3641/1531 2904/3833/1688 2903/3830/1687 2753/3639/1537
f 2753/3639/1537 2903/3830/1687 2891/3829/1675 2739/3636/1523
f 2660/3578/1464 2814/3726/1598 2824/3729/1608 2668/3579/1472
f 2668/3579/1472 2824/3729/1608 2817/3732/1601 2669/3582/1473
f 2669/3591/1473 2817/3723/1601 2816/3720/1600 2675/3587/1479
f 2675/3587/1479 2816/3720/1600 2813/3719/1597 2661/3584/1465
f 2757/3652/1541 2795/3703/1579 2805/3706/1589 2765/3653/1549
f 2765/3653/1549 2805/3706/1589 2798/3710/1582 2766/3656/1550
f 2766/3668/1550 2798/3698/1582 2797/3695/1581 2772/3664/1556
f 2772/3664/1556 2797/3695/1581 2794/3694/1578 2758/3661/1542
f 2775/3669/1559 2890/3822/1674 2900/3825/1684 2778/3670/1562
f 2778/3670/1562 2900/3825/1684 2893/3828/1677 2779/3673/1563
f 2779/3684/1563 2893/3817/1677 2892/3814/1676 2786/3681/1570
f 2786/3681/1570 2892/3814/1676 2889/3813/1673 2776/3678/1560
f 2815/3733/1599 2777/3685/1561 2791/3688/1575 2827/3734/1611
f 2827/3734/1611 2791/3688/1575 2785/3692/1569 2828/3737/1612
f 2828/3725/1612 2785/3682/1569 2784/3679/1568 2818/3722/1602
f 2818/3722/1602 2784/3679/1568 2776/3678/1560 2813/3719/1597
f 2641/3555/1445 2852/3555/1636 2862/3775/1646 2649/3556/1453
f 2649/3556/1453 2862/3775/1646 2855/3779/1639 2650/3559/1454
f 2650/3568/1454 2855/3768/1639 2854/3765/1638 2656/3566/1460
f 2656/3566/1460 2854/3765/1638 2851/3764/1635 2642/3563/1446
f 2872/3804/1656 2720/3609/1504 2734/3612/1518 2884/3805/1668
f 2884/3805/1668 2734/3612/1518 2728/3616/1512 2885/3808/1669
f 2885/3795/1669 2728/3605/1512 2727/3602/1511 2875/3791/1659
f 2875/3791/1659 2727/3602/1511 2719/3601/1503 2870/3788/1654
f 2915/3852/1699 2933/3867/1717 2943/3870/1727 2927/3853/1711
f 2927/3853/1711 2943/3870/1727 2936/3873/1720 2928/3856/1712
f 2928/3842/1712 2936/3864/1720 2935/3861/1719 2918/3839/1702
f 2918/3839/1702 2935/3861/1719 2932/3860/1716 2913/3836/1697
f 2972/3924/1756 2915/3852/1699 2929/3855/1713 2984/3925/1768
f 2984/3925/1768 2929/3855/1713 2923/3859/1707 2985/3928/1769
f 2985/3913/1769 2923/3848/1707 2922/3845/1706 2975/3909/1759
f 2975/3909/1759 2922/3845/1706 2914/3844/1698 2970/3906/1754
f 2933/3867/1717 2952/3891/1736 2962/3894/1746 2941/3868/1725
f 2941/3868/1725 2962/3894/1746 2955/3897/1739 2942/3871/1726
f 2942/3881/1726 2955/3887/1739 2954/3884/1738 2948/3877/1732
f 2948/3877/1732 2954/3884/1738 2951/3883/1735 2934/3874/1718
f 2952/3891/1736 2972/3924/1756 2986/3927/1770 2960/3892/1744
f 2960/3892/1744 2986/3927/1770 2980/3928/1764 2961/3895/1745
f 2961/3904/1745 2980/3919/1764 2979/3916/1763 2967/3901/1751
f 2967/3901/1751 2979/3916/1763 2971/3915/1755 2953/3898/1737
f 2989/3931/1541 3008/3955/1775 3013/3958/1575 2992/3932/1549
f 2992/3932/1549 3013/3958/1575 3023/3962/1569 2993/3935/1550
f 2993/3945/1550 3023/3976/1569 3022/3973/1568 3000/3943/1556
f 3000/3943/1556 3022/3973/1568 3010/3972/1777 2990/3940/1773
f 3046/4000/1780 2991/3946/1540 3005/3949/1545 3049/4001/1453
f 3049/4001/1453 3005/3949/1545 2999/3953/1555 3050/4004/1454
f 3050/4013/1454 2999/3944/1555 2998/3941/1554 3057/4012/1460
f 3057/4012/1460 2998/3941/1554 2990/3940/1773 3047/4009/1781
f 3029/3994/1779 3010/3972/1777 3024/3975/1570 3041/3995/1511
f 3041/3995/1511 3024/3975/1570 3018/3976/1563 3042/3998/1512
f 3042/3984/1512 3018/3968/1563 3017/3965/1562 3032/3981/1518
f 3032/3981/1518 3017/3965/1562 3009/3964/1776 3027/3978/1778
f 3047/4009/1781 3029/3994/1779 3043/3997/1513 3055/4010/1458
f 3055/4010/1458 3043/3997/1513 3037/3998/1506 3056/4013/1459
f 3056/4023/1459 3037/3990/1506 3036/3987/1505 3062/4019/1449
f 3062/4019/1449 3036/3987/1505 3028/3986/1502 3048/4016/1444
f 2934/3874/1718 3028/3986/1502 3038/3989/1507 2946/3875/1730
f 2946/3875/1730 3038/3989/1507 3031/3993/1517 2947/3878/1731
f 2947/3866/1731 3031/3982/1517 3030/3979/1516 2937/3863/1721
f 2937/3863/1721 3030/3979/1516 3027/3978/1778 2932/3860/1716
f 3048/4016/1444 2951/3883/1735 2956/3886/1740 3060/4017/1447
f 3060/4017/1447 2956/3886/1740 2966/3890/1750 3061/4020/1448
f 3061/4007/1448 2966/3902/1750 2965/3899/1749 3051/4003/1455
f 3051/4003/1455 2965/3899/1749 2953/3898/1737 3046/4000/1780
f 2991/3946/1540 2971/3915/1755 2981/3918/1765 3003/3947/1543
f 3003/3947/1543 2981/3918/1765 2974/3922/1758 3004/3950/1544
f 3004/3938/1544 2974/3910/1758 2973/3907/1757 2994/3934/1551
f 2994/3934/1551 2973/3907/1757 2970/3906/1754 2989/3931/1541
f 3008/3955/1775 2914/3844/1698 2924/3847/1708 3011/3956/1573
f 3011/3956/1573 2924/3847/1708 2917/3851/1701 3012/3959/1574
f 3012/3971/1574 2917/3840/1701 2916/3837/1700 3019/3967/1564
f 3019/3967/1564 2916/3837/1700 2913/3836/1697 3009/3964/1776
f 3181/4201/1873 3199/4218/1879 3209/4221/1885 3193/4202/1875
f 3193/4202/1875 3209/4221/1885 3202/4225/1882 3194/4205/1876
f 3194/4190/1876 3202/4213/1882 3201/4186/1881 3184/4186/1826
f 3184/4186/1826 3201/4186/1881 3198/4210/1878 3179/4183/1821
f 3276/4332/1905 3123/4034/1840 3133/4117/1845 3288/4333/1906
f 3288/4333/1906 3133/4117/1845 3126/4121/1842 3289/4336/1907
f 3289/4321/1907 3126/4110/1842 3125/4107/1830 3279/4317/1859
f 3279/4317/1859 3125/4107/1830 3122/4106/1822 3274/4314/1854
f 3162/4174/1856 3142/4070/1847 3152/4143/1852 3174/4175/1868
f 3174/4175/1868 3152/4143/1852 3145/4147/1849 3175/4178/1869
f 3175/4136/1869 3145/4136/1849 3144/4133/1830 3165/4160/1859
f 3165/4160/1859 3144/4133/1830 3141/4132/1822 3160/4132/1854
f 3350/4418/1855 3236/4263/1785 3241/4266/1799 3353/4419/1863
f 3353/4419/1863 3241/4266/1799 3251/4270/1793 3354/4270/1864
f 3354/4433/1864 3251/4284/1793 3250/4281/1792 3361/4429/1908
f 3361/4429/1908 3250/4281/1792 3238/4201/1896 3351/4426/1923
f 3255/4289/1878 3103/4079/1821 3108/4082/1826 3258/4290/1881
f 3258/4290/1881 3108/4082/1826 3118/4086/1836 3259/4293/1901
f 3259/4304/1901 3118/4101/1836 3117/4098/1835 3266/4301/1904
f 3266/4301/1904 3117/4098/1835 3105/4097/1823 3256/4298/1900
f 3065/4025/1783 3293/4025/1802 3298/4343/1807 3068/4026/1786
f 3068/4026/1786 3298/4343/1807 3308/4347/1817 3069/4029/1787
f 3069/4041/1787 3308/4362/1817 3307/4359/1816 3076/4037/1794
f 3076/4037/1794 3307/4359/1816 3295/4358/1910 3066/4034/1784
f 3312/4367/1783 3084/4052/1802 3089/4055/1807 3315/4368/1786
f 3315/4368/1786 3089/4055/1807 3099/4059/1817 3316/4059/1787
f 3316/4382/1787 3099/4074/1817 3098/4071/1816 3323/4378/1794
f 3323/4378/1794 3098/4071/1816 3086/4070/1804 3313/4375/1914
f 3104/4088/1822 3331/4393/1854 3336/4396/1859 3112/4089/1830
f 3112/4089/1830 3336/4396/1859 3346/4400/1921 3113/4092/1831
f 3113/4104/1831 3346/4104/1921 3345/4411/1920 3119/4100/1837
f 3119/4100/1837 3345/4411/1920 3333/4410/1917 3105/4097/1823
f 3199/4218/1879 3238/4201/1896 3252/4283/1899 3207/4219/1883
f 3207/4219/1883 3252/4283/1899 3246/4287/1898 3208/4222/1884
f 3208/4234/1884 3246/4276/1898 3245/4273/1897 3214/4230/1886
f 3214/4230/1886 3245/4273/1897 3237/4272/1895 3200/4227/1880
f 3219/4254/1888 3333/4410/1917 3347/4413/1922 3231/4255/1892
f 3231/4255/1892 3347/4413/1922 3341/4416/1919 3232/4258/1893
f 3232/4243/1893 3341/4243/1919 3340/4403/1918 3222/4239/1889
f 3222/4239/1889 3340/4403/1918 3332/4402/1916 3217/4236/1887
f 3256/4298/1900 3219/4254/1888 3233/4257/1894 3264/4299/1902
f 3264/4299/1902 3233/4257/1894 3227/4261/1891 3265/4261/1903
f 3265/4249/1903 3227/4249/1891 3226/4246/1786 3271/4309/1807
f 3271/4309/1807 3226/4246/1786 3218/4245/1783 3257/4306/1802
f 3123/4034/1840 3295/4358/1910 3309/4361/1913 3131/4115/1843
f 3131/4115/1843 3309/4361/1913 3303/4365/1912 3132/4118/1844
f 3132/4130/1844 3303/4353/1912 3302/4350/1911 3138/4126/1846
f 3138/4126/1846 3302/4350/1911 3294/4349/1909 3124/4123/1841
f 3313/4375/1914 3162/4174/1856 3176/4177/1870 3321/4376/1915
f 3321/4376/1915 3176/4177/1870 3170/4181/1864 3322/4379/1793
f 3322/4391/1793 3170/4169/1864 3169/4166/1863 3328/4387/1799
f 3328/4387/1799 3169/4166/1863 3161/4165/1855 3314/4384/1785
f 3275/4323/1855 3067/4043/1785 3081/4046/1799 3283/4324/1863
f 3283/4324/1863 3081/4046/1799 3075/4050/1793 3284/4327/1864
f 3284/4339/1864 3075/4038/1793 3074/4035/1792 3290/4335/1908
f 3290/4335/1908 3074/4035/1792 3066/4034/1784 3276/4332/1905
f 3085/4061/1803 3143/4149/1848 3157/4152/1853 3093/4062/1811
f 3093/4062/1811 3157/4152/1853 3151/4156/1851 3094/4065/1812
f 3094/4077/1812 3151/4144/1851 3150/4141/1850 3100/4073/1818
f 3100/4073/1818 3150/4141/1850 3142/4070/1847 3086/4070/1804
f 3180/4192/1822 3352/4435/1854 3366/4438/1859 3188/4193/1830
f 3188/4193/1830 3366/4438/1859 3360/4442/1925 3189/4196/1874
f 3189/4208/1874 3360/4430/1925 3359/4427/1924 3195/4204/1877
f 3195/4204/1877 3359/4427/1924 3351/4426/1923 3181/4201/1873
f 3103/4079/1821 2636/5331/1440 2639/5330/1443 3106/4080/1824
f 3106/4080/1824 2639/5330/1443 2638/5329/1442 3107/4083/1825
f 3107/4095/1825 2638/5328/1442 2637/5327/1441 3114/4091/1832
f 3114/4091/1832 2637/5327/1441 2635/5326/1439 3104/4088/1822
f 2890/3822/1674 3332/4402/1916 3342/4405/1865 2898/3823/1682
f 2898/3823/1682 3342/4405/1865 3335/4408/1858 2899/3826/1683
f 2899/3835/1683 3335/4397/1858 3334/4394/1857 2905/3832/1689
f 2905/3832/1689 3334/4394/1857 3331/4393/1854 2891/3829/1675
f 3179/4183/1821 2737/3618/1521 2742/3621/1526 3182/4184/1824
f 3182/4184/1824 2742/3621/1526 2752/3625/1536 3183/4187/1825
f 3183/4199/1825 2752/3640/1536 2751/3637/1535 3190/4195/1832
f 3190/4195/1832 2751/3637/1535 2739/3636/1523 3180/4192/1822
f 2908/5313/1692 3350/4418/1855 3355/4421/1865 2910/5312/1694
f 2910/5312/1694 3355/4421/1865 3365/4424/1858 2911/5311/1695
f 2911/5310/1695 3365/4439/1858 3364/4436/1857 2912/5309/1696
f 2912/5309/1696 3364/4436/1857 3352/4435/1854 2909/5308/1693
f 3143/4149/1848 2660/3578/1464 2670/3581/1474 3155/4150/1824
f 3155/4150/1824 2670/3581/1474 2663/3582/1467 3156/4153/1825
f 3156/4139/1825 2663/3573/1467 2662/3570/1466 3146/4135/1832
f 3146/4135/1832 2662/3570/1466 2659/3569/1463 3141/4132/1822
f 2720/3609/1504 3161/4165/1855 3171/4168/1865 2732/3610/1516
f 2732/3610/1516 3171/4168/1865 3164/4172/1858 2733/3613/1517
f 2733/3600/1517 3164/4161/1858 3163/4158/1857 2723/3596/1507
f 2723/3596/1507 3163/4158/1857 3160/4132/1854 2718/3593/1502
f 3236/4263/1785 2796/3712/1580 2810/3715/1594 3239/4264/1797
f 3239/4264/1797 2810/3715/1594 2804/3716/1588 3240/4267/1798
f 3240/4279/1798 2804/3707/1588 2803/3704/1587 3247/4275/1788
f 3247/4275/1788 2803/3704/1587 2795/3703/1579 3237/4272/1895
f 2756/3643/1540 3198/4210/1878 3203/4212/1813 2759/3644/1543
f 2759/3644/1543 3203/4212/1813 3213/4216/1806 2760/3647/1544
f 2760/3659/1544 3213/4231/1806 3212/4228/1805 2767/3655/1551
f 2767/3655/1551 3212/4228/1805 3200/4227/1880 2757/3652/1541
f 2777/3685/1561 3218/4245/1783 3228/4248/1788 2789/3686/1573
f 2789/3686/1573 3228/4248/1788 3221/4252/1798 2790/3689/1574
f 2790/3676/1574 3221/4240/1798 3220/4237/1797 2780/3672/1564
f 2780/3672/1564 3220/4237/1797 3217/4236/1887 2775/3669/1559
f 2814/3726/1598 3255/4289/1878 3260/4292/1813 2822/3727/1606
f 2822/3727/1606 3260/4292/1813 3270/4296/1806 2823/3730/1607
f 2823/3740/1607 3270/4310/1806 3269/4307/1805 2829/3736/1613
f 2829/3736/1613 3269/4307/1805 3257/4306/1802 2815/3733/1599
f 3293/4025/1802 2853/3780/1637 2867/3783/1651 3296/4341/1805
f 3296/4341/1805 2867/3783/1651 2861/3787/1645 3297/4344/1806
f 3297/4356/1806 2861/3776/1645 2860/3773/1644 3304/4352/1813
f 3304/4352/1813 2860/3773/1644 2852/3555/1636 3294/4349/1909
f 2640/3546/1444 3122/4106/1822 3127/4109/1832 2643/3547/1447
f 2643/3547/1447 3127/4109/1832 3137/4113/1825 2644/3550/1448
f 2644/3562/1448 3137/4127/1825 3136/4124/1824 2651/3558/1455
f 2651/3558/1455 3136/4124/1824 3124/4123/1841 2641/3555/1445
f 2871/3796/1655 3312/4367/1783 3317/4370/1788 2879/3797/1663
f 2879/3797/1663 3317/4370/1788 3327/4373/1798 2880/3800/1664
f 2880/3811/1664 3327/4388/1798 3326/4385/1797 2886/3807/1670
f 2886/3807/1670 3326/4385/1797 3314/4384/1785 2872/3804/1656
f 3067/4043/1785 2626/5319/1430 2629/5318/1433 3079/4044/1797
f 3079/4044/1797 2629/5318/1433 2628/5317/1432 3080/4047/1798
f 3080/4032/1798 2628/5316/1432 2627/5315/1431 3070/4028/1788
f 3070/4028/1788 2627/5315/1431 2625/5314/1429 3065/4025/1783
f 3274/4314/1854 2832/3546/1616 2837/3744/1621 3277/4315/1857
f 3277/4315/1857 2837/3744/1621 2847/3748/1631 3278/4318/1858
f 3278/4330/1858 2847/3762/1631 2846/3759/1630 3285/4326/1865
f 3285/4326/1865 2846/3759/1630 2834/3758/1618 3275/4323/1855
f 2630/5320/1434 3085/4061/1803 3095/4064/1813 2632/5321/1436
f 2632/5321/1436 3095/4064/1813 3088/4068/1806 2633/5322/1437
f 2633/5323/1437 3088/4056/1806 3087/4053/1805 2634/5324/1438
f 2634/5324/1438 3087/4053/1805 3084/4052/1802 2631/5325/1435
f 3920/5227/1374 3388/4471/1935 3393/4474/1788 3923/5228/1386
f 3923/5228/1386 3393/4474/1788 3403/4478/1798 3924/5231/1387
f 3924/5243/1387 3403/4493/1798 3402/4490/1797 3931/5239/1377
f 3931/5239/1377 3402/4490/1797 3390/4489/1937 3921/5236/1372
f 3884/5191/1391 3560/4723/1944 3570/4726/1832 3896/5192/1394
f 3896/5192/1394 3570/4726/1832 3563/4730/1825 3897/5195/1395
f 3897/5180/1395 3563/4718/1825 3562/4715/1824 3887/5176/1402
f 3887/5176/1402 3562/4715/1824 3559/4714/1946 3882/5173/1392
f 3939/5254/1412 3426/4525/1953 3431/4528/1813 3942/5255/1424
f 3942/5255/1424 3431/4528/1813 3441/4532/1806 3943/5258/1425
f 3943/5270/1425 3441/4547/1806 3440/4544/1805 3950/5266/1415
f 3950/5266/1415 3440/4544/1805 3428/4543/1955 3940/5263/1410
f 3958/5281/1391 3407/4498/1944 3412/4501/1832 3961/5282/1394
f 3961/5282/1394 3412/4501/1832 3422/4505/1825 3962/5285/1395
f 3962/5297/1395 3422/4520/1825 3421/4517/1824 3969/5293/1402
f 3969/5293/1402 3421/4517/1824 3409/4516/1946 3959/5290/1392
f 3844/5119/1391 3769/5020/1944 3779/5023/1832 3847/5120/1394
f 3847/5120/1394 3779/5023/1832 3772/5027/1825 3848/5123/1395
f 3848/5135/1395 3772/5015/1825 3771/5012/1824 3855/5131/1402
f 3855/5131/1402 3771/5012/1824 3768/5011/1946 3845/5128/1392
f 3369/4444/1926 3445/4552/1353 3450/4555/1358 3372/4445/1857
f 3372/4445/1857 3450/4555/1358 3460/4559/1368 3373/4448/1858
f 3373/4460/1858 3460/4574/1368 3459/4571/1367 3380/4456/1865
f 3380/4456/1865 3459/4571/1367 3447/4570/1355 3370/4453/1927
f 3863/5146/1355 3787/5038/1927 3792/5041/1865 3866/5147/1367
f 3866/5147/1367 3792/5041/1865 3802/5045/1858 3867/5150/1368
f 3867/5162/1368 3802/5060/1858 3801/5057/1857 3874/5158/1358
f 3874/5158/1358 3801/5057/1857 3789/5056/1926 3864/5155/1353
f 3825/5092/1374 3807/5074/1935 3817/5077/1788 3828/5093/1386
f 3828/5093/1386 3817/5077/1788 3810/5081/1798 3829/5096/1387
f 3829/5108/1387 3810/5069/1798 3809/5066/1797 3836/5104/1377
f 3836/5104/1377 3809/5066/1797 3806/5065/1937 3826/5101/1372
f 3466/4597/1412 3749/4984/1953 3754/4987/1813 3478/4598/1424
f 3478/4598/1424 3754/4987/1813 3764/4991/1806 3479/4601/1425
f 3479/4586/1425 3764/5006/1806 3763/5003/1805 3469/4582/1415
f 3469/4582/1415 3763/5003/1805 3751/5002/1955 3464/4579/1410
f 3485/4624/1412 3636/4831/1953 3646/4834/1813 3497/4625/1424
f 3497/4625/1424 3646/4834/1813 3639/4838/1806 3498/4628/1425
f 3498/4613/1425 3639/4826/1806 3638/4823/1805 3488/4609/1415
f 3488/4609/1415 3638/4823/1805 3635/4822/1955 3483/4606/1410
f 3845/5128/1392 3485/4624/1412 3499/4627/1426 3853/5129/1400
f 3853/5129/1400 3499/4627/1426 3493/4631/1420 3854/5132/1401
f 3854/5144/1401 3493/4619/1420 3492/4616/1419 3860/5140/1407
f 3860/5140/1407 3492/4616/1419 3484/4615/1411 3846/5137/1393
f 3618/4813/1355 3502/4633/1927 3507/4636/1865 3630/4814/1367
f 3630/4814/1367 3507/4636/1865 3517/4640/1858 3631/4817/1368
f 3631/4802/1368 3517/4655/1858 3516/4652/1857 3621/4798/1358
f 3621/4798/1358 3516/4652/1857 3504/4651/1926 3616/4795/1353
f 3864/5155/1353 3884/5191/1391 3898/5194/1396 3872/5156/1356
f 3872/5156/1356 3898/5194/1396 3892/5198/1406 3873/5159/1357
f 3873/5171/1357 3892/5186/1406 3891/5183/1405 3879/5167/1364
f 3879/5167/1364 3891/5183/1405 3883/5182/1393 3865/5164/1354
f 3521/4660/1937 3598/4777/1372 3608/4780/1377 3524/4661/1797
f 3524/4661/1797 3608/4780/1377 3601/4784/1387 3525/4664/1798
f 3525/4676/1798 3601/4772/1387 3600/4769/1386 3532/4672/1788
f 3532/4672/1788 3600/4769/1386 3597/4768/1374 3522/4669/1935
f 3580/4759/1412 3540/4687/1953 3545/4690/1813 3592/4760/1424
f 3592/4760/1424 3545/4690/1813 3555/4694/1806 3593/4763/1425
f 3593/4748/1425 3555/4709/1806 3554/4706/1805 3583/4744/1415
f 3583/4744/1415 3554/4706/1805 3542/4705/1955 3578/4741/1410
f 3750/4993/1954 3523/4678/1936 3537/4681/1942 3758/4994/1958
f 3758/4994/1958 3537/4681/1942 3531/4685/1939 3759/4997/1959
f 3759/5009/1959 3531/4673/1939 3530/4670/1938 3765/5005/1961
f 3765/5005/1961 3530/4670/1938 3522/4669/1935 3751/5002/1955
f 3503/4642/1928 3770/5029/1945 3784/5032/1951 3511/4643/1932
f 3511/4643/1932 3784/5032/1951 3778/5036/1948 3512/4646/1933
f 3512/4658/1933 3778/5024/1948 3777/5021/1947 3518/4654/1929
f 3518/4654/1929 3777/5021/1947 3769/5020/1944 3504/4651/1926
f 3541/4696/1954 3808/5083/1936 3822/5086/1942 3549/4697/1958
f 3549/4697/1958 3822/5086/1942 3816/5090/1939 3550/4700/1959
f 3550/4712/1959 3816/5078/1939 3815/5075/1938 3556/4708/1961
f 3556/4708/1961 3815/5075/1938 3807/5074/1935 3542/4705/1955
f 3788/5047/1928 3561/4732/1945 3575/4735/1951 3796/5048/1932
f 3796/5048/1932 3575/4735/1951 3569/4739/1948 3797/5051/1933
f 3797/5063/1933 3569/4727/1948 3568/4724/1947 3803/5059/1929
f 3803/5059/1929 3568/4724/1947 3560/4723/1944 3789/5056/1926
f 3654/4849/1936 3788/5047/1928 3798/5050/1934 3657/4850/1940
f 3657/4850/1940 3798/5050/1934 3791/5054/1931 3658/4853/1941
f 3658/4865/1941 3791/5042/1931 3790/5039/1930 3665/4861/1943
f 3665/4861/1943 3790/5039/1930 3787/5038/1927 3655/4858/1937
f 3770/5029/1945 3637/4840/1954 3651/4843/1960 3782/5030/1949
f 3782/5030/1949 3651/4843/1960 3645/4847/1957 3783/5033/1950
f 3783/5018/1950 3645/4835/1957 3644/4832/1956 3773/5014/1952
f 3773/5014/1952 3644/4832/1956 3636/4831/1953 3768/5011/1946
f 3732/4975/1374 3656/4867/1935 3670/4870/1788 3744/4976/1386
f 3744/4976/1386 3670/4870/1788 3664/4874/1798 3745/4979/1387
f 3745/4964/1387 3664/4862/1798 3663/4859/1797 3735/4960/1377
f 3735/4960/1377 3663/4859/1797 3655/4858/1937 3730/4957/1372
f 3903/5218/1391 3673/4876/1944 3678/4879/1832 3915/5219/1394
f 3915/5219/1394 3678/4879/1832 3688/4883/1825 3916/5222/1395
f 3916/5207/1395 3688/4898/1825 3687/4895/1824 3906/5203/1402
f 3906/5203/1402 3687/4895/1824 3675/4894/1946 3901/5200/1392
f 3692/4903/1926 3712/4939/1353 3722/4942/1358 3695/4904/1857
f 3695/4904/1857 3722/4942/1358 3715/4946/1368 3696/4907/1858
f 3696/4919/1858 3715/4934/1368 3714/4931/1367 3703/4915/1865
f 3703/4915/1865 3714/4931/1367 3711/4930/1355 3693/4912/1927
f 3808/5083/1936 3694/4921/1928 3708/4924/1934 3820/5084/1940
f 3820/5084/1940 3708/4924/1934 3702/4928/1931 3821/5087/1941
f 3821/5072/1941 3702/4916/1931 3701/4913/1930 3811/5068/1943
f 3811/5068/1943 3701/4913/1930 3693/4912/1927 3806/5065/1937
f 3674/4885/1945 3750/4993/1954 3760/4996/1960 3682/4886/1949
f 3682/4886/1949 3760/4996/1960 3753/5000/1957 3683/4889/1950
f 3683/4901/1950 3753/4988/1957 3752/4985/1956 3689/4897/1952
f 3689/4897/1952 3752/4985/1956 3749/4984/1953 3675/4894/1946
f 3370/4453/1927 3521/4660/1937 3526/4663/1943 3378/4454/1930
f 3378/4454/1930 3526/4663/1943 3536/4667/1941 3379/4457/1931
f 3379/4469/1931 3536/4682/1941 3535/4679/1940 3385/4465/1934
f 3385/4465/1934 3535/4679/1940 3523/4678/1936 3371/4462/1928
f 3673/4876/1944 3369/4444/1926 3374/4447/1929 3676/4877/1947
f 3676/4877/1947 3374/4447/1929 3384/4451/1933 3677/4880/1948
f 3677/4892/1948 3384/4466/1933 3383/4463/1932 3684/4888/1951
f 3684/4888/1951 3383/4463/1932 3371/4462/1928 3674/4885/1945
f 3446/4561/1354 3599/4786/1373 3613/4789/1383 3454/4562/1362
f 3454/4562/1362 3613/4789/1383 3607/4793/1376 3455/4565/1363
f 3455/4577/1363 3607/4781/1376 3606/4778/1375 3461/4573/1369
f 3461/4573/1369 3606/4778/1375 3598/4777/1372 3447/4570/1355
f 3502/4633/1927 3390/4489/1937 3404/4492/1943 3505/4634/1930
f 3505/4634/1930 3404/4492/1943 3398/4496/1941 3506/4637/1931
f 3506/4649/1931 3398/4484/1941 3397/4481/1940 3513/4645/1934
f 3513/4645/1934 3397/4481/1940 3389/4480/1936 3503/4642/1928
f 3388/4471/1935 3635/4822/1955 3640/4825/1961 3391/4472/1938
f 3391/4472/1938 3640/4825/1961 3650/4829/1959 3392/4475/1939
f 3392/4487/1939 3650/4844/1959 3649/4841/1958 3399/4483/1942
f 3399/4483/1942 3649/4841/1958 3637/4840/1954 3389/4480/1936
f 3617/4804/1354 3922/5245/1373 3936/5248/1383 3625/4805/1362
f 3625/4805/1362 3936/5248/1383 3930/5252/1376 3626/4808/1363
f 3626/4820/1363 3930/5240/1376 3929/5237/1375 3632/4816/1369
f 3632/4816/1369 3929/5237/1375 3921/5236/1372 3618/4813/1355
f 3656/4867/1935 3428/4543/1955 3442/4546/1961 3668/4868/1938
f 3668/4868/1938 3442/4546/1961 3436/4550/1959 3669/4871/1939
f 3669/4856/1939 3436/4538/1959 3435/4535/1958 3659/4852/1942
f 3659/4852/1942 3435/4535/1958 3427/4534/1954 3654/4849/1936
f 3426/4525/1953 3559/4714/1946 3564/4717/1952 3429/4526/1956
f 3429/4526/1956 3564/4717/1952 3574/4721/1950 3430/4529/1957
f 3430/4541/1957 3574/4736/1950 3573/4733/1949 3437/4537/1960
f 3437/4537/1960 3573/4733/1949 3561/4732/1945 3427/4534/1954
f 3540/4687/1953 3409/4516/1946 3423/4519/1952 3543/4688/1956
f 3543/4688/1956 3423/4519/1952 3417/4523/1950 3544/4691/1957
f 3544/4703/1957 3417/4511/1950 3416/4508/1949 3551/4699/1960
f 3551/4699/1960 3416/4508/1949 3408/4507/1945 3541/4696/1954
f 3407/4498/1944 3692/4903/1926 3697/4906/1929 3410/4499/1947
f 3410/4499/1947 3697/4906/1929 3707/4910/1933 3411/4502/1948
f 3411/4514/1948 3707/4925/1933 3706/4922/1932 3418/4510/1951
f 3418/4510/1951 3706/4922/1932 3694/4921/1928 3408/4507/1945
f 3579/4750/1411 3960/5299/1393 3974/5302/1407 3587/4751/1419
f 3587/4751/1419 3974/5302/1407 3968/5306/1401 3588/4754/1420
f 3588/4766/1420 3968/5294/1401 3967/5291/1400 3594/4762/1426
f 3594/4762/1426 3967/5291/1400 3959/5290/1392 3580/4759/1412
f 3731/4966/1373 3941/5272/1411 3955/5275/1421 3739/4967/1381
f 3739/4967/1381 3955/5275/1421 3949/5279/1414 3740/4970/1382
f 3740/4982/1382 3949/5267/1414 3948/5264/1413 3746/4978/1388
f 3746/4978/1388 3948/5264/1413 3940/5263/1410 3732/4975/1374
f 3960/5299/1393 3713/4948/1354 3727/4951/1364 3972/5300/1405
f 3972/5300/1405 3727/4951/1364 3721/4955/1357 3973/5303/1406
f 3973/5288/1406 3721/4943/1357 3720/4940/1356 3963/5284/1396
f 3963/5284/1396 3720/4940/1356 3712/4939/1353 3958/5281/1391
f 3902/5209/1393 3446/4561/1354 3456/4564/1364 3910/5210/1405
f 3910/5210/1405 3456/4564/1364 3449/4568/1357 3911/5213/1406
f 3911/5225/1406 3449/4556/1357 3448/4553/1356 3917/5221/1396
f 3917/5221/1396 3448/4553/1356 3445/4552/1353 3903/5218/1391
f 3901/5200/1392 3466/4597/1412 3480/4600/1426 3904/5201/1400
f 3904/5201/1400 3480/4600/1426 3474/4604/1420 3905/5204/1401
f 3905/5216/1401 3474/4592/1420 3473/4589/1419 3912/5212/1407
f 3912/5212/1407 3473/4589/1419 3465/4588/1411 3902/5209/1393
f 3826/5101/1372 3711/4930/1355 3716/4933/1369 3834/5102/1375
f 3834/5102/1375 3716/4933/1369 3726/4937/1363 3835/5105/1376
f 3835/5117/1376 3726/4952/1363 3725/4949/1362 3841/5113/1383
f 3841/5113/1383 3725/4949/1362 3713/4948/1354 3827/5110/1373
f 3730/4957/1372 3863/5146/1355 3868/5149/1369 3733/4958/1375
f 3733/4958/1375 3868/5149/1369 3878/5153/1363 3734/4961/1376
f 3734/4973/1376 3878/5168/1363 3877/5165/1362 3741/4969/1383
f 3741/4969/1383 3877/5165/1362 3865/5164/1354 3731/4966/1373
f 3578/4741/1410 3825/5092/1374 3830/5095/1388 3581/4742/1413
f 3581/4742/1413 3830/5095/1388 3840/5099/1382 3582/4745/1414
f 3582/4757/1414 3840/5114/1382 3839/5111/1381 3589/4753/1421
f 3589/4753/1421 3839/5111/1381 3827/5110/1373 3579/4750/1411
f 3616/4795/1353 3844/5119/1391 3849/5122/1396 3619/4796/1356
f 3619/4796/1356 3849/5122/1396 3859/5126/1406 3620/4799/1357
f 3620/4811/1357 3859/5141/1406 3858/5138/1405 3627/4807/1364
f 3627/4807/1364 3858/5138/1405 3846/5137/1393 3617/4804/1354
f 3464/4579/1410 3597/4768/1374 3602/4771/1388 3467/4580/1413
f 3467/4580/1413 3602/4771/1388 3612/4775/1382 3468/4583/1414
f 3468/4595/1414 3612/4790/1382 3611/4787/1381 3475/4591/1421
f 3475/4591/1421 3611/4787/1381 3599/4786/1373 3465/4588/1411
f 3941/5272/1411 3883/5182/1393 3893/5185/1407 3953/5273/1419
f 3953/5273/1419 3893/5185/1407 3886/5189/1401 3954/5276/1420
f 3954/5261/1420 3886/5177/1401 3885/5174/1400 3944/5257/1426
f 3944/5257/1426 3885/5174/1400 3882/5173/1392 3939/5254/1412
f 3922/5245/1373 3484/4615/1411 3494/4618/1421 3934/5246/1381
f 3934/5246/1381 3494/4618/1421 3487/4622/1414 3935/5249/1382
f 3935/5234/1382 3487/4610/1414 3486/4607/1413 3925/5230/1388
f 3925/5230/1388 3486/4607/1413 3483/4606/1410 3920/5227/1374
f 2739/3636/1523 2709/5368/1498 2549/3438/1353 2909/5308/1693
f 2908/5313/1692 2551/3456/1355 2678/5355/1482 2796/3712/1580
f 2548/5380/1352 2679/5344/1483 2550/3447/1354 2708/5379/1497
f 2625/5314/1429 2570/3483/1374 2703/5357/1493 2853/3780/1637
f 2704/5366/1492 2569/3474/1373 2683/5345/1483 2547/5381/1352
f 2834/3758/1618 2684/5354/1482 2568/3465/1372 2626/5319/1430
f 2635/5326/1439 2587/3492/1391 2713/5369/1498 2891/3829/1675
f 2814/3726/1598 2689/5332/1488 2588/3501/1392 2636/5331/1440
f 2688/5343/1487 2545/5382/1352 2714/5378/1497 2589/3510/1393
f 2871/3796/1655 2699/5356/1493 2606/3519/1410 2631/5325/1435
f 2630/5320/1434 2608/3537/1412 2693/5333/1488 2660/3578/1464
f 2607/3528/1411 2698/5367/1492 2546/5383/1352 2694/5342/1487
f 2625/5314/1429 2853/3780/1637 3293/4025/1802 3065/4025/1783
f 2834/3758/1618 2626/5319/1430 3067/4043/1785 3275/4323/1855
f 2630/5320/1434 2660/3578/1464 3143/4149/1848 3085/4061/1803
f 2871/3796/1655 2631/5325/1435 3084/4052/1802 3312/4367/1783
f 2635/5326/1439 2891/3829/1675 3331/4393/1854 3104/4088/1822
f 2814/3726/1598 2636/5331/1440 3103/4079/1821 3255/4289/1878
f 2640/3546/1444 2832/3546/1616 3274/4314/1854 3122/4106/1822
f 2719/3601/1503 3029/3994/1779 3047/4009/1781 2642/3563/1446
f 2758/3661/1542 2794/3694/1578 2833/3750/1617 2642/3563/1446
f 2870/3788/1654 2719/3601/1503 2642/3563/1446 2851/3764/1635
f 2642/3563/1446 3047/4009/1781 2990/3940/1773 2758/3661/1542
f 2852/3555/1636 2641/3555/1445 3124/4123/1841 3294/4349/1909
f 2659/3569/1463 2718/3593/1502 3160/4132/1854 3141/4132/1822
f 2813/3719/1597 2776/3678/1560 2719/3601/1503 2661/3584/1465
f 2689/5332/1488 2814/3726/1598 2660/3578/1464 2693/5333/1488
f 2679/5344/1483 2548/5380/1352 2547/5381/1352 2683/5345/1483
f 2684/5354/1482 2834/3758/1618 2796/3712/1580 2678/5355/1482
f 2545/5382/1352 2688/5343/1487 2694/5342/1487 2546/5383/1352
f 2699/5356/1493 2871/3796/1655 2853/3780/1637 2703/5357/1493
f 2704/5366/1492 2547/5381/1352 2546/5383/1352 2698/5367/1492
f 2548/5380/1352 2708/5379/1497 2714/5378/1497 2545/5382/1352
f 2709/5368/1498 2739/3636/1523 2891/3829/1675 2713/5369/1498
f 2776/3678/1560 3010/3972/1777 3029/3994/1779 2719/3601/1503
f 2720/3609/1504 2872/3804/1656 3314/4384/1785 3161/4165/1855
f 2756/3643/1540 2737/3618/1521 3179/4183/1821 3198/4210/1878
f 2776/3678/1560 2889/3813/1673 2738/3627/1522 2758/3661/1542
f 2739/3636/1523 2909/5308/1693 3352/4435/1854 3180/4192/1822
f 2758/3661/1542 2990/3940/1773 3010/3972/1777 2776/3678/1560
f 2795/3703/1579 2757/3652/1541 3200/4227/1880 3237/4272/1895
f 2890/3822/1674 2775/3669/1559 3217/4236/1887 3332/4402/1916
f 2777/3685/1561 2815/3733/1599 3257/4306/1802 3218/4245/1783
f 2908/5313/1692 2796/3712/1580 3236/4263/1785 3350/4418/1855
f 3009/3964/1776 2913/3836/1697 2932/3860/1716 3027/3978/1778
f 2548/5380/1352 2545/5382/1352 2915/3852/1699 2972/3924/1756
f 2545/5382/1352 2546/5383/1352 2933/3867/1717 2915/3852/1699
f 2989/3931/1541 2970/3906/1754 2914/3844/1698 3008/3955/1775
f 3028/3986/1502 2934/3874/1718 2951/3883/1735 3048/4016/1444
f 2546/5383/1352 2547/5381/1352 2952/3891/1736 2933/3867/1717
f 3046/4000/1780 2953/3898/1737 2971/3915/1755 2991/3946/1540
f 2547/5381/1352 2548/5380/1352 2972/3924/1756 2952/3891/1736
f 3123/4034/1840 3276/4332/1905 3066/4034/1784 3295/4358/1910
f 3142/4070/1847 3162/4174/1856 3313/4375/1914 3086/4070/1804
f 3105/4097/1823 3333/4410/1917 3219/4254/1888 3256/4298/1900
f 3199/4218/1879 3181/4201/1873 3351/4426/1923 3238/4201/1896
f 3673/4876/1944 3903/5218/1391 3445/4552/1353 3369/4444/1926
f 3370/4453/1927 3447/4570/1355 3598/4777/1372 3521/4660/1937
f 3523/4678/1936 3750/4993/1954 3674/4885/1945 3371/4462/1928
f 3388/4471/1935 3920/5227/1374 3483/4606/1410 3635/4822/1955
f 3502/4633/1927 3618/4813/1355 3921/5236/1372 3390/4489/1937
f 3389/4480/1936 3637/4840/1954 3770/5029/1945 3503/4642/1928
f 3407/4498/1944 3958/5281/1391 3712/4939/1353 3692/4903/1926
f 3540/4687/1953 3580/4759/1412 3959/5290/1392 3409/4516/1946
f 3808/5083/1936 3541/4696/1954 3408/4507/1945 3694/4921/1928
f 3656/4867/1935 3732/4975/1374 3940/5263/1410 3428/4543/1955
f 3654/4849/1936 3427/4534/1954 3561/4732/1945 3788/5047/1928
f 3426/4525/1953 3939/5254/1412 3882/5173/1392 3559/4714/1946
f 3599/4786/1373 3446/4561/1354 3902/5209/1393 3465/4588/1411
f 3749/4984/1953 3466/4597/1412 3901/5200/1392 3675/4894/1946
f 3522/4669/1935 3597/4768/1374 3464/4579/1410 3751/5002/1955
f 3768/5011/1946 3636/4831/1953 3485/4624/1412 3845/5128/1392
f 3484/4615/1411 3922/5245/1373 3617/4804/1354 3846/5137/1393
f 3844/5119/1391 3616/4795/1353 3504/4651/1926 3769/5020/1944
f 3542/4705/1955 3807/5074/1935 3825/5092/1374 3578/4741/1410
f 3560/4723/1944 3884/5191/1391 3864/5155/1353 3789/5056/1926
f 3960/5299/1393 3579/4750/1411 3827/5110/1373 3713/4948/1354
f 3787/5038/1927 3863/5146/1355 3730/4957/1372 3655/4858/1937
f 3693/4912/1927 3711/4930/1355 3826/5101/1372 3806/5065/1937
f 3883/5182/1393 3941/5272/1411 3731/4966/1373 3865/5164/1354
o 11.002
v -113.322212 -115.224213 29.107262
v -113.322212 -113.322220 31.009262
v -115.224213 -113.322220 29.107262
v -113.322220 -115.079437 29.835125
v -113.322220 -114.667137 30.452179
v -114.050087 -115.079437 29.107262
v -114.068321 -114.904701 29.853367
v -114.030472 -114.570412 30.355457
v -114.420341 -114.420334 30.205381
v -114.050087 -113.322220 30.864481
v -114.667137 -113.322220 30.452179
v -113.322220 -114.050079 30.864481
v -114.068321 -114.068321 30.689747
v -114.570419 -114.030464 30.355457
v -115.079437 -114.050079 29.107262
v -114.667137 -114.667137 29.107262
v -115.079437 -113.322220 29.835125
v -114.904709 -114.068321 29.853367
v -114.570419 -114.570412 29.815510
v -115.224213 -113.322220 1.902000
v -113.322212 -113.322220 0.000000
v -113.322212 -115.224213 1.902000
v -115.079422 -113.322220 1.174136
v -114.667122 -113.322220 0.557083
v -115.079422 -114.050079 1.902000
v -114.904694 -114.068321 1.155895
v -114.570404 -114.030464 0.653804
v -114.420326 -114.420334 0.803880
v -113.322205 -114.050079 0.144781
v -113.322205 -114.667137 0.557083
v -114.050072 -113.322220 0.144781
v -114.068306 -114.068321 0.319515
v -114.030457 -114.570412 0.653804
v -114.050072 -115.079437 1.902000
v -114.667122 -114.667137 1.902000
v -113.322205 -115.079437 1.174136
v -114.068306 -114.904701 1.155895
v -114.570404 -114.570412 1.193751
v -95.126213 -115.224213 29.107262
v -93.224213 -113.322220 29.107262
v -95.126213 -113.322220 31.009262
v -94.398354 -115.079437 29.107262
v -93.781303 -114.667137 29.107262
v -95.126221 -115.079437 29.835125
v -94.380119 -114.904701 29.853367
v -93.878021 -114.570412 29.815510
v -94.028099 -114.420334 30.205381
v -93.369003 -113.322220 29.835125
v -93.781303 -113.322220 30.452179
v -93.369003 -114.050079 29.107262
v -93.543732 -114.068321 29.853367
v -93.878021 -114.030464 30.355457
v -95.126221 -114.050079 30.864481
v -95.126221 -114.667137 30.452179
v -94.398354 -113.322220 30.864481
v -94.380119 -114.068321 30.689747
v -94.417969 -114.570412 30.355457
v -93.224213 -113.322220 1.902000
v -95.126213 -115.224213 1.902000
v -95.126213 -113.322220 0.000000
v -93.369003 -114.050079 1.902000
v -93.781303 -114.667137 1.902000
v -93.369003 -113.322220 1.174136
v -93.543732 -114.068321 1.155895
v -93.878021 -114.570412 1.193751
v -94.028099 -114.420334 0.803880
v -95.126221 -115.079437 1.174136
v -95.126221 -114.667137 0.557083
v -94.398354 -115.079437 1.902000
v -94.380119 -114.904701 1.155895
v -94.417969 -114.570412 0.653804
v -94.398354 -113.322220 0.144781
v -93.781303 -113.322220 0.557083
v -95.126221 -114.050079 0.144781
v -94.380119 -114.068321 0.319515
v -93.878021 -114.030464 0.653804
v -115.224213 -96.229500 1.902000
v -113.322212 -94.327499 1.902000
v -113.322212 -96.229500 0.000000
v -115.079422 -95.501640 1.902000
v -114.667122 -94.884583 1.902000
v -115.079422 -96.229500 1.174136
v -114.904694 -95.483398 1.155895
v -114.570404 -94.981308 1.193751
v -114.420326 -95.131378 0.803880
v -113.322205 -94.472282 1.174136
v -113.322205 -94.884583 0.557083
v -114.050072 -94.472282 1.902000
v -114.068306 -94.647018 1.155895
v -114.030457 -94.981308 0.653804
v -114.050072 -96.229500 0.144781
v -114.667122 -96.229500 0.557083
v -113.322205 -95.501640 0.144781
v -114.068306 -95.483398 0.319515
v -114.570404 -95.521255 0.653804
v -115.224213 -96.229500 29.107262
v -113.322212 -96.229500 31.009262
v -113.322212 -94.327499 29.107262
v -115.079422 -96.229500 29.835125
v -114.667122 -96.229500 30.452179
v -115.079422 -95.501640 29.107262
v -114.904694 -95.483398 29.853367
v -114.570404 -95.521255 30.355457
v -114.420326 -95.131378 30.205381
v -113.322205 -95.501640 30.864481
v -113.322205 -94.884583 30.452179
v -114.050072 -96.229500 30.864481
v -114.068306 -95.483398 30.689747
v -114.030457 -94.981308 30.355457
v -114.050072 -94.472282 29.107262
v -114.667122 -94.884583 29.107262
v -113.322205 -94.472282 29.835125
v -114.068306 -94.647018 29.853367
v -114.570404 -94.981308 29.815510
v -93.224213 -96.229500 1.902000
v -95.126213 -96.229500 0.000000
v -95.126213 -94.327499 1.902000
v -93.369003 -96.229500 1.174136
v -93.781303 -96.229500 0.557083
v -93.369003 -95.501640 1.902000
v -93.543732 -95.483398 1.155895
v -93.878021 -95.521255 0.653804
v -94.028099 -95.131378 0.803880
v -95.126221 -95.501640 0.144781
v -95.126221 -94.884583 0.557083
v -94.398354 -96.229500 0.144781
v -94.380119 -95.483398 0.319515
v -94.417969 -94.981308 0.653804
v -94.398354 -94.472282 1.902000
v -93.781303 -94.884583 1.902000
v -95.126221 -94.472282 1.174136
v -94.380119 -94.647018 1.155895
v -93.878021 -94.981308 1.193751
v -93.224213 -96.229500 29.107262
v -95.126213 -94.327499 29.107262
v -95.126213 -96.229500 31.009262
v -93.369003 -95.501640 29.107262
v -93.781303 -94.884583 29.107262
v -93.369003 -96.229500 29.835125
v -93.543732 -95.483398 29.853367
v -93.878021 -94.981308 29.815510
v -94.028099 -95.131378 30.205381
v -95.126221 -94.472282 29.835125
v -95.126221 -94.884583 30.452179
v -94.398354 -94.472282 29.107262
v -94.380119 -94.647018 29.853367
v -94.417969 -94.981308 30.355457
v -94.398354 -96.229500 30.864481
v -93.781303 -96.229500 30.452179
v -95.126221 -95.501640 30.864481
v -94.380119 -95.483398 30.689747
v -93.878021 -95.521255 30.355457
vn -0.1004 -0.9899 0.1004
vn -0.1004 -0.1004 0.9899
vn -0.9899 -0.1004 0.1004
vn -0.0981 -0.9201 0.3792
vn -0.0919 -0.7041 0.7041
vn -0.3792 -0.9201 0.0981
vn -0.3673 -0.8545 0.3673
vn -0.3347 -0.6663 0.6663
vn -0.5773 -0.5774 0.5773
vn -0.3792 -0.0981 0.9201
vn -0.7041 -0.0919 0.7041
vn -0.0981 -0.3792 0.9201
vn -0.3673 -0.3673 0.8545
vn -0.6663 -0.3347 0.6663
vn -0.9201 -0.3792 0.0981
vn -0.7041 -0.7041 0.0919
vn -0.9201 -0.0981 0.3792
vn -0.8545 -0.3673 0.3673
vn -0.6663 -0.6663 0.3347
vn -0.9899 -0.1004 -0.1004
vn -0.1004 -0.1004 -0.9899
vn -0.1004 -0.9899 -0.1004
vn -0.9201 -0.0981 -0.3792
vn -0.7041 -0.0919 -0.7041
vn -0.9201 -0.3792 -0.0981
vn -0.8545 -0.3674 -0.3673
vn -0.6663 -0.3347 -0.6663
vn -0.5773 -0.5774 -0.5773
vn -0.0981 -0.3792 -0.9201
vn -0.0919 -0.7041 -0.7041
vn -0.3792 -0.0981 -0.9201
vn -0.3673 -0.3673 -0.8545
vn -0.3347 -0.6663 -0.6663
vn -0.3792 -0.9201 -0.0981
vn -0.7041 -0.7041 -0.0919
vn -0.0981 -0.9201 -0.3792
vn -0.3673 -0.8545 -0.3673
vn -0.6663 -0.6663 -0.3347
vn 0.1004 -0.9899 0.1004
vn 0.9899 -0.1004 0.1004
vn 0.1004 -0.1004 0.9899
vn 0.3792 -0.9201 0.0981
vn 0.7041 -0.7041 0.0919
vn 0.0981 -0.9201 0.3792
vn 0.3673 -0.8545 0.3673
vn 0.6663 -0.6663 0.3347
vn 0.5773 -0.5774 0.5773
vn 0.9201 -0.0981 0.3792
vn 0.7041 -0.0919 0.7041
vn 0.9201 -0.3792 0.0981
vn 0.8545 -0.3673 0.3673
vn 0.6663 -0.3347 0.6663
vn 0.0981 -0.3792 0.9201
vn 0.0919 -0.7041 0.7041
vn 0.3792 -0.0981 0.9201
vn 0.3673 -0.3673 0.8545
vn 0.3347 -0.6663 0.6663
vn 0.9899 -0.1004 -0.1004
vn 0.1004 -0.9899 -0.1004
vn 0.1004 -0.1004 -0.9899
vn 0.9201 -0.3792 -0.0981
vn 0.7041 -0.7041 -0.0919
vn 0.9201 -0.0981 -0.3792
vn 0.8545 -0.3674 -0.3673
vn 0.6663 -0.6663 -0.3347
vn 0.5773 -0.5774 -0.5774
vn 0.0981 -0.9201 -0.3792
vn 0.0919 -0.7041 -0.7041
vn 0.3792 -0.9201 -0.0981
vn 0.3673 -0.8545 -0.3673
vn 0.3347 -0.6663 -0.6663
vn 0.3792 -0.0981 -0.9201
vn 0.7041 -0.0919 -0.7041
vn 0.0981 -0.3792 -0.9201
vn 0.3673 -0.3673 -0.8545
vn 0.6663 -0.3347 -0.6663
vn -0.9899 0.1004 -0.1004
vn -0.1004 0.9899 -0.1004
vn -0.1004 0.1004 -0.9899
vn -0.9201 0.3792 -0.0981
vn -0.7041 0.7041 -0.0919
vn -0.9201 0.0981 -0.3792
vn -0.8545 0.3673 -0.3673
vn -0.6663 0.6663 -0.3347
vn -0.5773 0.5774 -0.5773
vn -0.0981 0.9201 -0.3792
vn -0.0919 0.7041 -0.7041
vn -0.3792 0.9201 -0.0981
vn -0.3673 0.8545 -0.3673
vn -0.3347 0.6663 -0.6663
vn -0.3792 0.0981 -0.9201
vn -0.7041 0.0919 -0.7041
vn -0.0981 0.3792 -0.9201
vn -0.3673 0.3673 -0.8545
vn -0.6663 0.3347 -0.6663
vn -0.9899 0.1004 0.1004
vn -0.1004 0.1004 0.9899
vn -0.1004 0.9899 0.1004
vn -0.9201 0.0981 0.3792
vn -0.7041 0.0919 0.7041
vn -0.9201 0.3792 0.0981
vn -0.8545 0.3673 0.3673
vn -0.6663 0.3347 0.6663
vn -0.5773 0.5774 0.5774
vn -0.0981 0.3792 0.9201
vn -0.0919 0.7041 0.7041
vn -0.3792 0.0981 0.9201
vn -0.3673 0.3673 0.8545
vn -0.3347 0.6663 0.6663
vn -0.3792 0.9201 0.0981
vn -0.7041 0.7041 0.0919
vn -0.0981 0.9201 0.3792
vn -0.3673 0.8545 0.3673
vn -0.6663 0.6663 0.3347
vn 0.9899 0.1004 -0.1004
vn 0.1004 0.1004 -0.9899
vn 0.1004 0.9899 -0.1004
vn 0.9201 0.0981 -0.3792
vn 0.7041 0.0919 -0.7041
vn 0.9201 0.3792 -0.0981
vn 0.8545 0.3674 -0.3673
vn 0.6663 0.3347 -0.6663
vn 0.5773 0.5774 -0.5773
vn 0.0981 0.3792 -0.9201
vn 0.0919 0.7041 -0.7041
vn 0.3792 0.0981 -0.9201
vn 0.3673 0.3673 -0.8545
vn 0.3347 0.6663 -0.6663
vn 0.3792 0.9201 -0.0981
vn 0.7041 0.7041 -0.0919
vn 0.0981 0.9201 -0.3792
vn 0.3673 0.8545 -0.3673
vn 0.6663 0.6663 -0.3347
vn 0.9899 0.1004 0.1004
vn 0.1004 0.9899 0.1004
vn 0.1004 0.1004 0.9899
vn 0.9201 0.3792 0.0981
vn 0.7041 0.7041 0.0919
vn 0.9201 0.0981 0.3792
vn 0.8545 0.3673 0.3673
vn 0.6663 0.6663 0.3347
vn 0.5773 0.5774 0.5774
vn 0.0981 0.9201 0.3792
vn 0.0919 0.7041 0.7041
vn 0.3792 0.9201 0.0981
vn 0.3673 0.8545 0.3673
vn 0.3347 0.6663 0.6663
vn 0.3792 0.0981 0.9201
vn 0.7041 0.0919 0.7041
vn 0.0981 0.3792 0.9201
vn 0.3673 0.3673 0.8545
vn 0.6663 0.3347 0.6663
vt 0.761211 0.015112
vt 0.761211 0.010384
vt 0.766057 0.010266
vt 0.765938 0.015112
vt 0.761211 0.002759
vt 0.765811 0.002759
vt 0.773564 0.010512
vt 0.773564 0.015112
vt 0.768343 0.002759
vt 0.154311 0.925504
vt 0.154311 0.930231
vt 0.149465 0.930349
vt 0.149583 0.925504
vt 0.154311 0.937857
vt 0.149711 0.937857
vt 0.141958 0.930104
vt 0.141958 0.925504
vt 0.147179 0.937857
vt 0.725736 0.748489
vt 0.721009 0.748489
vt 0.720890 0.743643
vt 0.725736 0.743762
vt 0.713383 0.748489
vt 0.713383 0.743889
vt 0.721136 0.736136
vt 0.725736 0.736136
vt 0.713383 0.741357
vt 0.725736 0.925178
vt 0.725736 0.929905
vt 0.720890 0.930024
vt 0.721009 0.925178
vt 0.725736 0.937531
vt 0.721136 0.937531
vt 0.713383 0.929778
vt 0.713383 0.925178
vt 0.718604 0.937531
vt 0.866971 0.748489
vt 0.862243 0.748489
vt 0.862125 0.743643
vt 0.866971 0.743762
vt 0.854618 0.748489
vt 0.854618 0.743889
vt 0.862371 0.736136
vt 0.866971 0.736136
vt 0.854618 0.741357
vt 0.761211 0.191801
vt 0.765938 0.191801
vt 0.766057 0.196646
vt 0.761211 0.196528
vt 0.773564 0.191801
vt 0.773564 0.196400
vt 0.765811 0.204153
vt 0.761211 0.204153
vt 0.773564 0.198933
vt 0.643034 0.015112
vt 0.638307 0.015112
vt 0.638188 0.010266
vt 0.643034 0.010384
vt 0.630681 0.015112
vt 0.630681 0.010512
vt 0.638434 0.002759
vt 0.643034 0.002759
vt 0.630681 0.007980
vt 0.539947 0.749384
vt 0.539948 0.744657
vt 0.544793 0.744539
vt 0.544675 0.749384
vt 0.539948 0.737032
vt 0.544547 0.737032
vt 0.552300 0.744785
vt 0.552300 0.749384
vt 0.547079 0.737032
vt 0.154311 0.807327
vt 0.149584 0.807327
vt 0.149465 0.802481
vt 0.154311 0.802600
vt 0.141958 0.807327
vt 0.141958 0.802727
vt 0.149711 0.794974
vt 0.154311 0.794974
vt 0.141958 0.800195
vt 0.539947 0.926073
vt 0.544675 0.926073
vt 0.544793 0.930919
vt 0.539947 0.930801
vt 0.552300 0.926074
vt 0.552300 0.930673
vt 0.544547 0.938426
vt 0.539947 0.938426
vt 0.552300 0.933205
vt 0.643034 0.191801
vt 0.643034 0.196528
vt 0.638188 0.196646
vt 0.638307 0.191801
vt 0.643034 0.204153
vt 0.638434 0.204153
vt 0.630681 0.196400
vt 0.630681 0.191801
vt 0.635902 0.204153
vt 0.866971 0.866666
vt 0.866971 0.871393
vt 0.862125 0.871511
vt 0.862243 0.866666
vt 0.866971 0.879019
vt 0.862371 0.879019
vt 0.854618 0.871266
vt 0.854618 0.866666
vt 0.859839 0.879019
vt 0.836748 0.925178
vt 0.841475 0.925178
vt 0.841593 0.930024
vt 0.836748 0.929905
vt 0.849100 0.925178
vt 0.849100 0.929778
vt 0.841347 0.937531
vt 0.836748 0.937531
vt 0.849100 0.932310
vt 0.725736 0.511353
vt 0.725736 0.516081
vt 0.720890 0.516199
vt 0.721009 0.511353
vt 0.725736 0.523706
vt 0.721136 0.523706
vt 0.713383 0.515953
vt 0.713383 0.511353
vt 0.718604 0.523706
vt 0.977982 0.748489
vt 0.977982 0.743762
vt 0.982828 0.743643
vt 0.982709 0.748489
vt 0.977982 0.736136
vt 0.982582 0.736136
vt 0.990335 0.743889
vt 0.990335 0.748489
vt 0.985114 0.736136
vt 0.836748 0.748489
vt 0.836748 0.743761
vt 0.841593 0.743643
vt 0.841475 0.748489
vt 0.836748 0.736136
vt 0.841347 0.736136
vt 0.849100 0.743889
vt 0.849100 0.748489
vt 0.843880 0.736136
vt 0.265322 0.925504
vt 0.270049 0.925504
vt 0.270168 0.930349
vt 0.265322 0.930231
vt 0.277675 0.925504
vt 0.277675 0.930104
vt 0.269922 0.937857
vt 0.265322 0.937856
vt 0.277675 0.932636
vt 0.725736 0.334664
vt 0.721009 0.334664
vt 0.720890 0.329819
vt 0.725736 0.329937
vt 0.713383 0.334664
vt 0.713383 0.330065
vt 0.721136 0.322312
vt 0.725736 0.322312
vt 0.713383 0.327532
vt 0.428936 0.926073
vt 0.428936 0.930800
vt 0.424090 0.930919
vt 0.424209 0.926073
vt 0.428936 0.938426
vt 0.424336 0.938426
vt 0.416583 0.930673
vt 0.416583 0.926074
vt 0.421804 0.938426
vt 0.977982 0.866666
vt 0.982709 0.866666
vt 0.982828 0.871511
vt 0.977982 0.871393
vt 0.990335 0.866666
vt 0.990335 0.871266
vt 0.982582 0.879019
vt 0.977982 0.879019
vt 0.990335 0.873798
vt 0.843913 0.511353
vt 0.848640 0.511353
vt 0.848759 0.516199
vt 0.843913 0.516081
vt 0.856266 0.511353
vt 0.856266 0.515953
vt 0.848513 0.523706
vt 0.843913 0.523706
vt 0.856266 0.518485
vt 0.428936 0.749384
vt 0.424209 0.749384
vt 0.424090 0.744539
vt 0.428936 0.744657
vt 0.416583 0.749384
vt 0.416583 0.744785
vt 0.424336 0.737032
vt 0.428936 0.737032
vt 0.416583 0.742253
vt 0.843913 0.334664
vt 0.843913 0.329937
vt 0.848759 0.329819
vt 0.848640 0.334664
vt 0.843913 0.322312
vt 0.848513 0.322312
vt 0.856266 0.330065
vt 0.856266 0.334664
vt 0.851045 0.322312
vt 0.265322 0.807327
vt 0.265322 0.802600
vt 0.270168 0.802481
vt 0.270049 0.807327
vt 0.265322 0.794974
vt 0.269922 0.794974
vt 0.277675 0.802727
vt 0.277675 0.807327
vt 0.272454 0.794974
s 1
f 3977/5384/1966 3980/5385/1969 3983/5386/1972 3982/5387/1971
f 3980/5385/1969 3981/5388/1970 3984/5389/1973 3983/5386/1972
f 3982/5387/1971 3983/5386/1972 3995/5390/1984 3992/5391/1981
f 3983/5386/1972 3984/5389/1973 3985/5392/1974 3995/5390/1984
f 3978/5393/1967 3986/5394/1975 3989/5395/1978 3988/5396/1977
f 3986/5394/1975 3987/5397/1976 3990/5398/1979 3989/5395/1978
f 3988/5396/1977 3989/5395/1978 3984/5399/1973 3981/5400/1970
f 3989/5395/1978 3990/5398/1979 3985/5401/1974 3984/5399/1973
f 3979/5402/1968 3991/5403/1980 3994/5404/1983 3993/5405/1982
f 3991/5403/1980 3992/5406/1981 3995/5407/1984 3994/5404/1983
f 3993/5405/1982 3994/5404/1983 3990/5408/1979 3987/5409/1976
f 3994/5404/1983 3995/5407/1984 3985/5410/1974 3990/5408/1979
f 3996/5411/1985 3999/5412/1988 4002/5413/1991 4001/5414/1990
f 3999/5412/1988 4000/5415/1989 4003/5416/1992 4002/5413/1991
f 4001/5414/1990 4002/5413/1991 4014/5417/2003 4011/5418/2000
f 4002/5413/1991 4003/5416/1992 4004/5419/1993 4014/5417/2003
f 3997/5420/1986 4005/5421/1994 4008/5422/1997 4007/5423/1996
f 4005/5421/1994 4006/5424/1995 4009/5425/1998 4008/5422/1997
f 4007/5423/1996 4008/5422/1997 4003/5426/1992 4000/5427/1989
f 4008/5422/1997 4009/5425/1998 4004/5428/1993 4003/5426/1992
f 3998/5429/1987 4010/5430/1999 4013/5431/2002 4012/5432/2001
f 4010/5430/1999 4011/5433/2000 4014/5434/2003 4013/5431/2002
f 4012/5432/2001 4013/5431/2002 4009/5435/1998 4006/5436/1995
f 4013/5431/2002 4014/5434/2003 4004/5437/1993 4009/5435/1998
f 4015/5438/2004 4018/5439/2007 4021/5440/2010 4020/5441/2009
f 4018/5439/2007 4019/5442/2008 4022/5443/2011 4021/5440/2010
f 4020/5441/2009 4021/5440/2010 4033/5444/2022 4030/5445/2019
f 4021/5440/2010 4022/5443/2011 4023/5446/2012 4033/5444/2022
f 4016/5447/2005 4024/5448/2013 4027/5449/2016 4026/5450/2015
f 4024/5448/2013 4025/5451/2014 4028/5452/2017 4027/5449/2016
f 4026/5450/2015 4027/5449/2016 4022/5453/2011 4019/5454/2008
f 4027/5449/2016 4028/5452/2017 4023/5455/2012 4022/5453/2011
f 4017/5456/2006 4029/5457/2018 4032/5458/2021 4031/5459/2020
f 4029/5457/2018 4030/5460/2019 4033/5461/2022 4032/5458/2021
f 4031/5459/2020 4032/5458/2021 4028/5462/2017 4025/5463/2014
f 4032/5458/2021 4033/5461/2022 4023/5464/2012 4028/5462/2017
f 4034/5465/2023 4037/5466/2026 4040/5467/2029 4039/5468/2028
f 4037/5466/2026 4038/5469/2027 4041/5470/2030 4040/5467/2029
f 4039/5468/2028 4040/5467/2029 4052/5471/2041 4049/5472/2038
f 4040/5467/2029 4041/5470/2030 4042/5473/2031 4052/5471/2041
f 4035/5474/2024 4043/5475/2032 4046/5476/2035 4045/5477/2034
f 4043/5475/2032 4044/5478/2033 4047/5479/2036 4046/5476/2035
f 4045/5477/2034 4046/5476/2035 4041/5480/2030 4038/5481/2027
f 4046/5476/2035 4047/5479/2036 4042/5482/2031 4041/5480/2030
f 4036/5483/2025 4048/5484/2037 4051/5485/2040 4050/5486/2039
f 4048/5484/2037 4049/5487/2038 4052/5488/2041 4051/5485/2040
f 4050/5486/2039 4051/5485/2040 4047/5489/2036 4044/5490/2033
f 4051/5485/2040 4052/5488/2041 4042/5491/2031 4047/5489/2036
f 4053/5492/2042 4056/5493/2045 4059/5494/2048 4058/5495/2047
f 4056/5493/2045 4057/5496/2046 4060/5497/2049 4059/5494/2048
f 4058/5495/2047 4059/5494/2048 4071/5498/2060 4068/5499/2057
f 4059/5494/2048 4060/5497/2049 4061/5500/2050 4071/5498/2060
f 4054/5501/2043 4062/5502/2051 4065/5503/2054 4064/5504/2053
f 4062/5502/2051 4063/5505/2052 4066/5506/2055 4065/5503/2054
f 4064/5504/2053 4065/5503/2054 4060/5507/2049 4057/5508/2046
f 4065/5503/2054 4066/5506/2055 4061/5509/2050 4060/5507/2049
f 4055/5510/2044 4067/5511/2056 4070/5512/2059 4069/5513/2058
f 4067/5511/2056 4068/5514/2057 4071/5515/2060 4070/5512/2059
f 4069/5513/2058 4070/5512/2059 4066/5516/2055 4063/5517/2052
f 4070/5512/2059 4071/5515/2060 4061/5518/2050 4066/5516/2055
f 4072/5519/2061 4075/5520/2064 4078/5521/2067 4077/5522/2066
f 4075/5520/2064 4076/5523/2065 4079/5524/2068 4078/5521/2067
f 4077/5522/2066 4078/5521/2067 4090/5525/2079 4087/5526/2076
f 4078/5521/2067 4079/5524/2068 4080/5527/2069 4090/5525/2079
f 4073/5528/2062 4081/5529/2070 4084/5530/2073 4083/5531/2072
f 4081/5529/2070 4082/5532/2071 4085/5533/2074 4084/5530/2073
f 4083/5531/2072 4084/5530/2073 4079/5534/2068 4076/5535/2065
f 4084/5530/2073 4085/5533/2074 4080/5536/2069 4079/5534/2068
f 4074/5537/2063 4086/5538/2075 4089/5539/2078 4088/5540/2077
f 4086/5538/2075 4087/5541/2076 4090/5542/2079 4089/5539/2078
f 4088/5540/2077 4089/5539/2078 4085/5543/2074 4082/5544/2071
f 4089/5539/2078 4090/5542/2079 4080/5545/2069 4085/5543/2074
f 4091/5546/2080 4094/5547/2083 4097/5548/2086 4096/5549/2085
f 4094/5547/2083 4095/5550/2084 4098/5551/2087 4097/5548/2086
f 4096/5549/2085 4097/5548/2086 4109/5552/2098 4106/5553/2095
f 4097/5548/2086 4098/5551/2087 4099/5554/2088 4109/5552/2098
f 4092/5555/2081 4100/5556/2089 4103/5557/2092 4102/5558/2091
f 4100/5556/2089 4101/5559/2090 4104/5560/2093 4103/5557/2092
f 4102/5558/2091 4103/5557/2092 4098/5561/2087 4095/5562/2084
f 4103/5557/2092 4104/5560/2093 4099/5563/2088 4098/5561/2087
f 4093/5564/2082 4105/5565/2094 4108/5566/2097 4107/5567/2096
f 4105/5565/2094 4106/5568/2095 4109/5569/2098 4108/5566/2097
f 4107/5567/2096 4108/5566/2097 4104/5570/2093 4101/5571/2090
f 4108/5566/2097 4109/5569/2098 4099/5572/2088 4104/5570/2093
f 4110/5573/2099 4113/5574/2102 4116/5575/2105 4115/5576/2104
f 4113/5574/2102 4114/5577/2103 4117/5578/2106 4116/5575/2105
f 4115/5576/2104 4116/5575/2105 4128/5579/2117 4125/5580/2114
f 4116/5575/2105 4117/5578/2106 4118/5581/2107 4128/5579/2117
f 4111/5582/2100 4119/5583/2108 4122/5584/2111 4121/5585/2110
f 4119/5583/2108 4120/5586/2109 4123/5587/2112 4122/5584/2111
f 4121/5585/2110 4122/5584/2111 4117/5588/2106 4114/5589/2103
f 4122/5584/2111 4123/5587/2112 4118/5590/2107 4117/5588/2106
f 4112/5591/2101 4124/5592/2113 4127/5593/2116 4126/5594/2115
f 4124/5592/2113 4125/5595/2114 4128/5596/2117 4127/5593/2116
f 4126/5594/2115 4127/5593/2116 4123/5597/2112 4120/5598/2109
f 4127/5593/2116 4128/5596/2117 4118/5599/2107 4123/5597/2112
f 3979/5402/1968 3996/5411/1985 4001/5414/1990 3991/5403/1980
f 3991/5403/1980 4001/5414/1990 4011/5418/2000 3992/5406/1981
f 3992/5391/1981 4011/5433/2000 4010/5430/1999 3982/5387/1971
f 3982/5387/1971 4010/5430/1999 3998/5429/1987 3977/5384/1966
f 4072/5519/2061 3979/5402/1968 3993/5405/1982 4075/5520/2064
f 4075/5520/2064 3993/5405/1982 3987/5409/1976 4076/5523/2065
f 4076/5535/2065 3987/5397/1976 3986/5394/1975 4083/5531/2072
f 4083/5531/2072 3986/5394/1975 3978/5393/1967 4073/5528/2062
f 4015/5438/2004 4035/5474/2024 4045/5477/2034 4018/5439/2007
f 4018/5439/2007 4045/5477/2034 4038/5481/2027 4019/5442/2008
f 4019/5454/2008 4038/5469/2027 4037/5466/2026 4026/5450/2015
f 4026/5450/2015 4037/5466/2026 4034/5465/2023 4016/5447/2005
f 4112/5591/2101 4017/5456/2006 4031/5459/2020 4124/5592/2113
f 4124/5592/2113 4031/5459/2020 4025/5463/2014 4125/5595/2114
f 4125/5580/2114 4025/5451/2014 4024/5448/2013 4115/5576/2104
f 4115/5576/2104 4024/5448/2013 4016/5447/2005 4110/5573/2099
f 4035/5474/2024 3998/5429/1987 4012/5432/2001 4043/5475/2032
f 4043/5475/2032 4012/5432/2001 4006/5436/1995 4044/5478/2033
f 4044/5490/2033 4006/5424/1995 4005/5421/1994 4050/5486/2039
f 4050/5486/2039 4005/5421/1994 3997/5420/1986 4036/5483/2025
f 3977/5384/1966 4015/5438/2004 4020/5441/2009 3980/5385/1969
f 3980/5385/1969 4020/5441/2009 4030/5445/2019 3981/5388/1970
f 3981/5400/1970 4030/5460/2019 4029/5457/2018 3988/5396/1977
f 3988/5396/1977 4029/5457/2018 4017/5456/2006 3978/5393/1967
f 3996/5411/1985 4053/5492/2042 4058/5495/2047 3999/5412/1988
f 3999/5412/1988 4058/5495/2047 4068/5499/2057 4000/5415/1989
f 4000/5427/1989 4068/5514/2057 4067/5511/2056 4007/5423/1996
f 4007/5423/1996 4067/5511/2056 4055/5510/2044 3997/5420/1986
f 4036/5483/2025 4092/5555/2081 4102/5558/2091 4048/5484/2037
f 4048/5484/2037 4102/5558/2091 4095/5562/2084 4049/5487/2038
f 4049/5472/2038 4095/5550/2084 4094/5547/2083 4039/5468/2028
f 4039/5468/2028 4094/5547/2083 4091/5546/2080 4034/5465/2023
f 4073/5528/2062 4112/5591/2101 4126/5594/2115 4081/5529/2070
f 4081/5529/2070 4126/5594/2115 4120/5598/2109 4082/5532/2071
f 4082/5544/2071 4120/5586/2109 4119/5583/2108 4088/5540/2077
f 4088/5540/2077 4119/5583/2108 4111/5582/2100 4074/5537/2063
f 4054/5501/2043 4093/5564/2082 4107/5567/2096 4062/5502/2051
f 4062/5502/2051 4107/5567/2096 4101/5571/2090 4063/5505/2052
f 4063/5517/2052 4101/5559/2090 4100/5556/2089 4069/5513/2058
f 4069/5513/2058 4100/5556/2089 4092/5555/2081 4055/5510/2044
f 4110/5573/2099 4091/5546/2080 4096/5549/2085 4113/5574/2102
f 4113/5574/2102 4096/5549/2085 4106/5553/2095 4114/5577/2103
f 4114/5589/2103 4106/5568/2095 4105/5565/2094 4121/5585/2110
f 4121/5585/2110 4105/5565/2094 4093/5564/2082 4111/5582/2100
f 4053/5492/2042 4072/5519/2061 4077/5522/2066 4056/5493/2045
f 4056/5493/2045 4077/5522/2066 4087/5526/2076 4057/5496/2046
f 4057/5508/2046 4087/5541/2076 4086/5538/2075 4064/5504/2053
f 4064/5504/2053 4086/5538/2075 4074/5537/2063 4054/5501/2043
f 3977/5384/1966 3998/5429/1987 4035/5474/2024 4015/5438/2004
f 4053/5492/2042 3996/5411/1985 3979/5402/1968 4072/5519/2061
f 4073/5528/2062 3978/5393/1967 4017/5456/2006 4112/5591/2101
f 3997/5420/1986 4055/5510/2044 4092/5555/2081 4036/5483/2025
f 4091/5546/2080 4110/5573/2099 4016/5447/2005 4034/5465/2023
f 4111/5582/2100 4093/5564/2082 4054/5501/2043 4074/5537/2063
